GoalProbability,WeightedExpectedGoals,WeightedCount
0,0,211755.88
0.01,0,32070.023
0.05,0,2137.902
0.2,0,237.298
0.02,0,11751.377
0.03,0,5913.126
0.04,0,3437.039
0.15,0,110.086
0.16,0,112.354
0.17,0,211.443
0.13,0,166.698
0.14,0,144.888
0.19,0,114.803
0.18,0,94.214
0.1,0,327.102
0.12,0,265.968
0.06,0,1042.101
0.07,0,731.911
0.08,0,539.25
0.11,0,422.472
0.09,0,405.356
0.2,0.000909090909090909,200.448
0.2,0.00181818181818182,166.356
0.2,0.00272727272727273,131.755
0.29,0,29.399
0.05,0.000909090909090909,1958.902
0.2,0.00363636363636364,102.253
0.2,0.00454545454545455,74.94
0.04,0.000909090909090909,2975.874
0.03,0.000909090909090909,4161.509
0.06,0.000909090909090909,1168.085
0.07,0.000909090909090909,827.987
0.2,0.00545454545454545,44.465
0.13,0.000909090909090909,177.449
0.08,0.000909090909090909,587.383
0.09,0.000909090909090909,427.653
0.19,0.000909090909090909,103.413
0.11,0.000909090909090909,358.793
0.15,0.000909090909090909,133.741
0.14,0.000909090909090909,146.219
0.1,0.000909090909090909,345.581
0.16,0.000909090909090909,112.221
0.39,0,8.202
0.23,0,48.549
0.27,0,27.22
0.24,0,157.228
0.22,0,133.23
0.3,0,49.595
0.28,0,26.516
0.26,0,28.519
0.21,0,63.003
0.38,0,7.28
0.37,0,7.878
0.35,0,14.268
0.33,0,15.454
0.31,0,29.002
0.32,0,29.746
0.34,0,12.344
0.25,0,38.257
0.36,0,16.298
0.08,0.00181818181818182,544.377
0.07,0.00181818181818182,718.608
0.06,0.00181818181818182,1005.174
0.1,0.00181818181818182,311.247
0.09,0.00181818181818182,384.004
0.11,0.00181818181818182,323.889
0.1,0.00272727272727273,331.823
0.09,0.00272727272727273,339.932
0.08,0.00272727272727273,470.409
0.13,0.00181818181818182,163.369
0.16,0.00181818181818182,102.934
0.17,0.00181818181818182,147.363
0.18,0.00181818181818182,93.061
0.15,0.00181818181818182,109.131
0.17,0.000909090909090909,179.661
0.14,0.00181818181818182,137.474
0.12,0.000909090909090909,240.744
0.12,0.00181818181818182,238.854
0.11,0.00272727272727273,247.202
0.12,0.00272727272727273,200.873
0.15,0.00272727272727273,118.054
0.17,0.00272727272727273,132.352
0.18,0.00272727272727273,79.439
0.19,0.00363636363636364,79.662
0.13,0.00272727272727273,155.075
0.18,0.000909090909090909,87.573
0.05,0.00181818181818182,1377.997
0.14,0.00363636363636364,126.192
0.21,0.00272727272727273,54.572
0.19,0.00272727272727273,77.212
0.21,0.00181818181818182,52.517
0.21,0.000909090909090909,60.717
0.22,0.000909090909090909,115.85
0.42,0,7.824
0.49,0,46.978
0.46,0,5.477
0.41,0,8.396
0.48,0,6.849
0.43,0,4.308
0.44,0,4.783
0.45,0,5.158
0.47,0,4.407
0.4,0,7.289
0.07,0.00272727272727273,683.757
0.11,0.00363636363636364,177.76
0.1,0.00363636363636364,234.333
0.08,0.00363636363636364,419.07
0.06,0.00272727272727273,696.627
0.19,0.00181818181818182,86.754
0.17,0.00363636363636364,80.862
0.16,0.00363636363636364,95.055
0.02,0.000909090909090909,6291.7
0.12,0.00363636363636364,162.597
0.09,0.00363636363636364,300.356
0.14,0.00272727272727273,135.617
0.18,0.00454545454545455,67.033
0.21,0.00545454545454545,40.849
0.22,0.00454545454545455,60.571
0.22,0.00545454545454545,46.846
0.22,0.00636363636363636,34.741
0.15,0.00454545454545455,78.244
0.15,0.00363636363636364,89.439
0.21,0.00636363636363636,34.289
0.22,0.00272727272727273,75.542
0.23,0.00727272727272727,26.64
0.23,0.00636363636363636,29.612
0.24,0.00454545454545455,58.885
0.19,0.00454545454545455,57.378
0.22,0.00363636363636364,80.912
0.24,0.00545454545454545,61.741
0.23,0.00181818181818182,49.067
0.24,0.00363636363636364,67.425
0.24,0.000909090909090909,134.024
0.23,0.00272727272727273,41.983
0.23,0.000909090909090909,46.827
0.25,0.00181818181818182,49.265
0.25,0.000909090909090909,43.487
0.04,0.00181818181818182,1613.914
0.21,0.00363636363636364,40.695
0.19,0.00545454545454545,53.279
0.17,0.00454545454545455,87.165
0.22,0.00727272727272727,28.21
0.23,0.00818181818181818,29.068
0.21,0.00727272727272727,20.374
0.2,0.00636363636363636,42.268
0.16,0.00545454545454545,77.128
0.22,0.00181818181818182,111.509
0.24,0.00636363636363636,35.752
0.23,0.00363636363636364,39.623
0.25,0.00909090909090909,15.175
0.24,0.00727272727272727,24.495
0.23,0.00545454545454545,33.389
0.18,0.00363636363636364,66.195
0.16,0.00272727272727273,106.8
0.21,0.00454545454545455,41.714
0.25,0.00636363636363636,26.125
0.25,0.00545454545454545,26.287
0.25,0.00363636363636364,41.094
0.24,0.00272727272727273,101.325
0.25,0.00272727272727273,41.966
0.26,0.00181818181818182,32.086
0.34,0.000909090909090909,15.193
0.33,0.000909090909090909,15.004
0.32,0.000909090909090909,25.963
0.3,0.000909090909090909,39.613
0.33,0.00181818181818182,14.852
0.31,0.00181818181818182,30.948
0.28,0.000909090909090909,30.341
0.31,0.000909090909090909,31.205
0.29,0.000909090909090909,27.83
0.27,0.000909090909090909,30.101
0.37,0.000909090909090909,9.545
0.38,0.000909090909090909,8.686
0.37,0.00181818181818182,12.135
0.36,0.000909090909090909,21.245
0.34,0.00181818181818182,15.435
0.01,0.000909090909090909,12117.344
0.14,0.00454545454545455,92.434
0.19,0.00636363636363636,26.703
0.2,0.00727272727272727,33.421
0.17,0.00545454545454545,53.837
0.18,0.00545454545454545,49.226
0.23,0.00454545454545455,41.645
0.27,0.00181818181818182,23.205
0.28,0.00181818181818182,28.199
0.35,0.00272727272727273,15.288
0.35,0.00363636363636364,13.659
0.34,0.00363636363636364,13.297
0.32,0.00181818181818182,26.722
0.35,0.00454545454545455,12.897
0.34,0.00454545454545455,16.621
0.32,0.00272727272727273,18.262
0.3,0.00272727272727273,32.23
0.34,0.00272727272727273,16.826
0.33,0.00454545454545455,10.333
0.32,0.00363636363636364,13.218
0.27,0.00272727272727273,28.459
0.26,0.00272727272727273,33.186
0.49,0.000909090909090909,36.655
0.35,0.000909090909090909,17.724
0.36,0.00272727272727273,16.121
0.37,0.00363636363636364,10.454
0.37,0.00272727272727273,9.349
0.37,0.00454545454545455,6.687
0.36,0.00363636363636364,12.574
0.28,0.00272727272727273,20.191
0.3,0.00181818181818182,32.999
0.48,0.000909090909090909,6.496
0.47,0.000909090909090909,4.513
0.49,0.00181818181818182,35.474
0.35,0.00181818181818182,18.074
0.36,0.00181818181818182,17.215
0.33,0.00272727272727273,15.023
0.45,0.000909090909090909,6.336
0.48,0.00181818181818182,5.562
0.49,0.00272727272727273,28.511
0.44,0.000909090909090909,7.044
0.46,0.000909090909090909,6.271
0.47,0.00181818181818182,3.994
0.03,0.00181818181818182,2106.469
0.13,0.00363636363636364,129.714
0.16,0.00454545454545455,67.961
0.05,0.00272727272727273,804.569
0.24,0.00181818181818182,109.743
0.29,0.00272727272727273,27.944
0.28,0.00454545454545455,21.712
0.26,0.00454545454545455,30.438
0.29,0.00545454545454545,26.121
0.27,0.00545454545454545,23.601
0.29,0.00181818181818182,30.309
0.3,0.00363636363636364,36.085
0.29,0.00363636363636364,27.978
0.33,0.00363636363636364,13.184
0.35,0.00636363636363636,18.92
0.35,0.00909090909090909,12.804
0.35,0.00818181818181818,9.363
0.34,0.00545454545454545,13.447
0.32,0.00545454545454545,9.017
0.34,0.00818181818181818,9.564
0.33,0.00727272727272727,12.497
0.29,0.00454545454545455,21.954
0.37,0.00636363636363636,8.65
0.36,0.00454545454545455,15.136
0.36,0.00909090909090909,7.325
0.36,0.00545454545454545,11.377
0.33,0.00545454545454545,9.575
0.26,0.00363636363636364,31.075
0.3,0.00454545454545455,22.088
0.49,0.00363636363636364,29.186
0.48,0.00272727272727273,3.289
0.49,0.00454545454545455,22.4
0.32,0.00454545454545455,13.487
0.34,0.00636363636363636,13.79
0.31,0.00545454545454545,24.443
0.49,0.00545454545454545,19.13
0.48,0.00363636363636364,4.408
0.46,0.00181818181818182,5.889
0.49,0.00636363636363636,16.942
0.26,0.000909090909090909,30.891
0.42,0.000909090909090909,6.767
0.45,0.00181818181818182,6.412
0.48,0.00454545454545455,2.649
0.49,0.00727272727272727,18.854
0.43,0.000909090909090909,5.692
0.11,0.00454545454545455,175.967
0.11,0.00545454545454545,136.487
0.13,0.00454545454545455,102.245
0.12,0.00454545454545455,126.128
0.13,0.00545454545454545,107.823
0.1,0.00636363636363636,152.986
0.07,0.00454545454545455,317.187
0.11,0.00727272727272727,99.54
0.08,0.00454545454545455,271.303
0.11,0.00636363636363636,150.431
0.07,0.00363636363636364,496.487
0.1,0.00454545454545455,223.767
0.12,0.00545454545454545,103.469
0.12,0.00727272727272727,78.262
0.12,0.00636363636363636,97.647
0.13,0.00818181818181818,67.198
0.1,0.00545454545454545,164.927
0.03,0.00272727272727273,1399.022
0.08,0.00636363636363636,215.767
0.05,0.00454545454545455,523.136
0.02,0.00181818181818182,3398.625
0.1,0.00727272727272727,116.909
0.06,0.00454545454545455,427.678
0.09,0.00636363636363636,166.843
0.05,0.00363636363636364,628.092
0.06,0.00363636363636364,552.397
0.12,0.00818181818181818,65.465
0.3,0.00545454545454545,20.837
0.29,0.00727272727272727,25.234
0.28,0.00727272727272727,17.999
0.27,0.00454545454545455,32.948
0.26,0.00636363636363636,27.352
0.07,0.00545454545454545,256.058
0.04,0.00363636363636364,848.925
0.04,0.00272727272727273,1083.333
0.09,0.00454545454545455,204.189
0.09,0.00545454545454545,180.158
0.31,0.00272727272727273,31.505
0.32,0.00727272727272727,14.529
0.34,0.0109090909090909,7.253
0.31,0.00363636363636364,23.576
0.31,0.00636363636363636,18.688
0.31,0.01,8.305
0.3,0.00636363636363636,18.243
0.26,0.00545454545454545,25.975
0.31,0.00818181818181818,10.354
0.33,0.0109090909090909,9.607
0.3,0.00727272727272727,14.323
0.3,0.01,5.456
0.29,0.00636363636363636,15.253
0.29,0.00818181818181818,16.629
0.25,0.00454545454545455,31.229
0.26,0.00727272727272727,18.448
0.49,0.00818181818181818,13.345
0.49,0.01,11.392
0.49,0.0109090909090909,9.474
0.49,0.00909090909090909,10.376
0.49,0.0118181818181818,5.479
0.4,0.000909090909090909,9.707
0.38,0.00181818181818182,9.445
0.39,0.000909090909090909,9.437
0.41,0.00181818181818182,12.545
0.12,0.00909090909090909,50.441
0.08,0.00545454545454545,251.175
0.13,0.00636363636363636,98
0.14,0.00818181818181818,37.785
0.14,0.00909090909090909,54.28
0.42,0.00181818181818182,7.996
0.12,0.0109090909090909,69.668
0.08,0.00727272727272727,179.057
0.13,0.0127272727272727,49.533
0.09,0.00818181818181818,98.506
0.12,0.01,77.061
0.13,0.00909090909090909,26.688
0.14,0.0118181818181818,34.625
0.14,0.0136363636363636,18.428
0.1,0.00818181818181818,113.705
0.11,0.0109090909090909,37.493
0.07,0.00727272727272727,245.743
0.12,0.0127272727272727,60.01
0.08,0.00818181818181818,167.977
0.11,0.01,71.913
0.07,0.00636363636363636,214.832
0.13,0.0118181818181818,28.605
0.13,0.0136363636363636,16.5
0.28,0.00363636363636364,26.395
0.09,0.00727272727272727,159.735
0.09,0.00909090909090909,99.089
0.06,0.00545454545454545,369.07
0.11,0.00909090909090909,75.846
0.27,0.00636363636363636,11.019
0.3,0.00909090909090909,10.948
0.29,0.00909090909090909,15.282
0.28,0.00636363636363636,18.829
0.25,0.00818181818181818,10.726
0.24,0.00818181818181818,17.903
0.28,0.01,6.979
0.27,0.00909090909090909,13.085
0.18,0.00636363636363636,36.179
0.49,0.0136363636363636,7.245
0.49,0.0127272727272727,2.511
0.44,0.00181818181818182,7.138
0.41,0.000909090909090909,12.434
0.41,0.00272727272727273,11.924
0.41,0.00363636363636364,12.56
0.4,0.00363636363636364,9.663
0.46,0.00272727272727273,5.197
0.47,0.00363636363636364,3.564
0.46,0.00363636363636364,6.124
0.4,0.00181818181818182,10.876
0.39,0.00181818181818182,10.412
0.45,0.00363636363636364,5.91
0.45,0.00545454545454545,9.145
0.44,0.00545454545454545,7.547
0.41,0.00454545454545455,10.685
0.41,0.00636363636363636,4.111
0.39,0.00636363636363636,8.603
0.11,0.00818181818181818,80.56
0.44,0.00272727272727273,6.45
0.44,0.00363636363636364,10.324
0.46,0.00545454545454545,7.3
0.39,0.00363636363636364,8.821
0.42,0.00454545454545455,7.307
0.43,0.00636363636363636,7.347
0.13,0.00727272727272727,61.81
0.13,0.0109090909090909,47.897
0.13,0.0145454545454545,27.968
0.12,0.0118181818181818,46.712
0.42,0.00272727272727273,9.816
0.42,0.00363636363636364,6.094
0.38,0.00454545454545455,5.781
0.39,0.00454545454545455,5.961
0.13,0.01,37.231
0.14,0.0154545454545455,17.432
0.1,0.00909090909090909,69.108
0.27,0.00363636363636364,29.272
0.13,0.0154545454545455,22.16
0.12,0.0145454545454545,11.601
0.11,0.0118181818181818,58.236
0.15,0.00545454545454545,67.092
0.45,0.00454545454545455,8.391
0.42,0.00727272727272727,5.737
0.42,0.00636363636363636,6.673
0.34,0.00727272727272727,5.791
0.43,0.00181818181818182,5.696
0.45,0.00272727272727273,5.663
0.47,0.00636363636363636,3.639
0.38,0.00363636363636364,8.722
0.44,0.00727272727272727,4.424
0.46,0.01,7.068
0.44,0.00636363636363636,5.84
0.41,0.00818181818181818,9.217
0.42,0.0109090909090909,6.795
0.33,0.00636363636363636,10.905
0.41,0.00727272727272727,8.276
0.33,0.00818181818181818,8.34
0.4,0.00272727272727273,10.91
0.43,0.00272727272727273,6.784
0.46,0.00636363636363636,5.575
0.43,0.00727272727272727,5.636
0.47,0.01,3.505
0.42,0.00818181818181818,3.235
0.45,0.0109090909090909,3.196
0.39,0.00818181818181818,3.5
0.38,0.00818181818181818,7.698
0.14,0.0109090909090909,24.898
0.43,0.00454545454545455,7.195
0.44,0.00454545454545455,6.384
0.45,0.00727272727272727,9.713
0.36,0.00636363636363636,12.794
0.39,0.00545454545454545,8.037
0.38,0.00272727272727273,12.112
0.41,0.00545454545454545,8.554
0.32,0.00636363636363636,12.624
0.33,0.00909090909090909,12.63
0.34,0.00909090909090909,5.179
0.42,0.00545454545454545,5.667
0.45,0.00818181818181818,7.13
0.43,0.00909090909090909,4.175
0.45,0.0127272727272727,5.44
0.45,0.0118181818181818,2.585
0.44,0.00818181818181818,5.543
0.4,0.01,5.663
0.42,0.0136363636363636,4.191
0.34,0.01,5.766
0.41,0.00909090909090909,4.998
0.38,0.00545454545454545,6.267
0.46,0.0118181818181818,4.987
0.41,0.01,7.971
0.44,0.0136363636363636,2.991
0.45,0.0136363636363636,0.97
0.37,0.00727272727272727,8.552
0.4,0.0109090909090909,4.389
0.42,0.00909090909090909,2.055
0.39,0.01,6.739
0.43,0.00545454545454545,6.06
0.4,0.00545454545454545,6.079
0.14,0.00545454545454545,71.622
0.15,0.00636363636363636,74.717
0.16,0.00636363636363636,64.143
0.17,0.00636363636363636,49.797
0.39,0.00727272727272727,9.274
0.32,0.00818181818181818,9.994
0.4,0.00636363636363636,11.216
0.4,0.00727272727272727,3.723
0.43,0.0109090909090909,4.131
0.43,0.01,7.611
0.4,0.0118181818181818,4.887
0.41,0.0109090909090909,3.501
0.31,0.00454545454545455,29.111
0.38,0.00636363636363636,6.354
0.37,0.00818181818181818,5.95
0.42,0.0118181818181818,5.423
0.39,0.00909090909090909,0.752
0.28,0.00545454545454545,19.378
0.38,0.00727272727272727,6.344
0.01,0.00181818181818182,4312.461
0,0.000909090909090909,6449.578
0.14,0.00636363636363636,75.943
0.4,0.00454545454545455,9.249
0.17,0.00909090909090909,30.993
0.21,0.00818181818181818,26.354
0.17,0.01,34.201
0.22,0.00909090909090909,21.952
0.06,0.00636363636363636,285.138
0.15,0.00727272727272727,48.692
0.35,0.00545454545454545,10.169
0.18,0.00727272727272727,31.538
0.24,0.0118181818181818,11.058
0.28,0.0109090909090909,6.289
0.16,0.01,26.344
0.24,0.0136363636363636,3.602
0.29,0.0118181818181818,6.578
0.28,0.00818181818181818,17.189
0.29,0.0109090909090909,4.835
0.3,0.0118181818181818,2.528
0.17,0.00727272727272727,28.115
0.24,0.00909090909090909,12.257
0.39,0.00272727272727273,10.115
0.16,0.00727272727272727,51.727
0.19,0.00818181818181818,30.996
0.14,0.00727272727272727,74.834
0.03,0.00363636363636364,1031.19
0.02,0.00272727272727273,2217.656
0.02,0.00363636363636364,923.809
0.4,0.00909090909090909,6.637
0.41,0.0118181818181818,3.774
0.37,0.01,1.766
0.37,0.00909090909090909,3.182
0.14,0.01,36.283
0.18,0.00909090909090909,13.229
0.04,0.00454545454545455,580.336
0.05,0.00636363636363636,308.783
0.35,0.00727272727272727,5.432
0.44,0.00909090909090909,5.453
0.16,0.00818181818181818,42.99
0.19,0.00727272727272727,33.944
0.2,0.0127272727272727,10.105
0.24,0.0109090909090909,11.753
0.25,0.00727272727272727,22.124
0.2,0.0136363636363636,8.774
0.24,0.0127272727272727,13.466
0.18,0.01,24.674
0.18,0.00818181818181818,33.878
0.25,0.0109090909090909,7.04
0.26,0.0127272727272727,6.237
0.3,0.0109090909090909,5.986
0.2,0.01,20.956
0.15,0.00818181818181818,35.487
0.36,0.00818181818181818,6.037
0.36,0.01,3.689
0.38,0.00909090909090909,2.352
0.3,0.00818181818181818,11.562
0.01,0.00272727272727273,1206.383
0.38,0.0118181818181818,4.042
0.35,0.01,4.662
0.42,0.0145454545454545,1.094
0.38,0.0127272727272727,1.084
0.27,0.00818181818181818,15.75
0.43,0.0118181818181818,1.797
0.38,0.0109090909090909,4.65
0.03,0.00454545454545455,699.903
0.37,0.0109090909090909,3.849
0.43,0.0136363636363636,1.009
0.31,0.00727272727272727,8.596
0.45,0.00909090909090909,3.318
0.17,0.00818181818181818,23.748
0.16,0.00909090909090909,38.703
0.4,0.00818181818181818,3.986
0.22,0.00818181818181818,12.167
0.36,0.00727272727272727,8.074
0.38,0.01,3.431
0.42,0.01,4.698
0.44,0.01,1.469
0.45,0.00636363636363636,2.842
0.37,0.00545454545454545,8.241
0.92,0,0.659
0.67,0,0.359
0.59,0,1.15
0.84,0,0.185
0.91,0,0.755
0.89,0,0.214
0.81,0,0.114
0.61,0,1.284
0.87,0,0.248
0.88,0,0.439
0.79,0,0.176
0.57,0,0.81
0.73,0,0.166
0.76,0,0.274
0.52,0,2.874
0.77,0,0.141
0.85,0,0.336
0.75,0,0.289
0.05,0.00545454545454545,389.569
0.8,0,0.155
0.55,0,0.953
0.9,0,0.51
0.86,0,0.3
0.5,0,2.46
0.56,0,0.653
0.71,0,0.229
0.83,0,0.203
0.6,0,0.827
0.53,0,2.267
0.66,0,0.281
0.7,0,0.161
0.78,0,0.196
0.54,0,0.869
0.51,0,2.674
0.72,0,0.297
0.68,0,0.302
0.82,0,0.202
0.64,0,2.151
0.74,0,0.203
0.63,0,1.521
0.62,0,1.195
0.58,0,1.123
0.65,0,63.181
0.69,0,0.198
0.04,0.00545454545454545,441.49
0.05,0.00727272727272727,229.329
0.06,0.00818181818181818,211.245
0.04,0.00636363636363636,332.842
0.07,0.00909090909090909,153.813
0.06,0.00727272727272727,245.811
0.02,0.00454545454545455,296.93
0.03,0.00545454545454545,383.517
0.03,0.00636363636363636,148.911
0.03,0.00727272727272727,92.186
0.92,0.000909090909090909,0.216
0.91,0.000909090909090909,0.693
0.9,0.000909090909090909,0.498
0.86,0.000909090909090909,0.626
0.04,0.00727272727272727,233.69
0.87,0.000909090909090909,0.235
0.73,0.000909090909090909,0.585
0.85,0.000909090909090909,0.178
0.89,0.000909090909090909,0.434
0.9,0.00181818181818182,0.559
0.91,0.00181818181818182,0.299
0.89,0.00181818181818182,0.505
0.88,0.00181818181818182,0.153
0.85,0.00181818181818182,0.327
0.74,0.000909090909090909,0.213
0.81,0.000909090909090909,0.623
0.71,0.000909090909090909,0.45
0.01,0.00363636363636364,219.759
0,0.00181818181818182,578.564
0.84,0.000909090909090909,0.449
0.82,0.000909090909090909,0.26
0.91,0.00363636363636364,0.421
0.9,0.00272727272727273,0.886
0.9,0.00363636363636364,0.728
0.86,0.00272727272727273,0.713
0.76,0.000909090909090909,0.313
0.8,0.000909090909090909,0.182
0.89,0.00272727272727273,0.233
0.85,0.00272727272727273,0.608
0.74,0.00181818181818182,0.455
0.83,0.00181818181818182,0.554
0.71,0.00181818181818182,0.444
0.5,0.000909090909090909,3.406
0.68,0.000909090909090909,0.608
0.91,0.00272727272727273,0.426
0.88,0.00272727272727273,0.442
0.9,0.00454545454545455,0.695
0.91,0.00454545454545455,0.518
0.86,0.00181818181818182,0.321
0.91,0.00545454545454545,0.199
0.9,0.00545454545454545,0.201
0.86,0.00363636363636364,0.725
0.75,0.00181818181818182,0.279
0.85,0.00363636363636364,0.621
0.73,0.00272727272727273,0.405
0.84,0.00181818181818182,0.478
0.7,0.00181818181818182,0.683
0.65,0.000909090909090909,42.822
0.83,0.000909090909090909,0.172
0.64,0.000909090909090909,2.868
0.81,0.00181818181818182,0.159
0.79,0.000909090909090909,0.356
0.87,0.00272727272727273,0.245
0.72,0.00272727272727273,0.544
0.88,0.000909090909090909,0.158
0.69,0.00181818181818182,0.643
0.77,0.000909090909090909,0.145
0.87,0.00181818181818182,0.429
0.52,0.000909090909090909,4.204
0.54,0.000909090909090909,1.967
0.55,0.000909090909090909,1.637
0.59,0.000909090909090909,1.654
0.61,0.000909090909090909,1.317
0.63,0.000909090909090909,2.201
0.51,0.000909090909090909,4.032
0.54,0.00181818181818182,1.535
0.56,0.00181818181818182,0.822
0.6,0.000909090909090909,1.335
0.61,0.00181818181818182,1.716
0.6,0.00181818181818182,1.493
0.58,0.000909090909090909,0.777
0.62,0.000909090909090909,2.194
0.56,0.000909090909090909,1.215
0.54,0.00272727272727273,1.381
0.5,0.00181818181818182,3.668
0.52,0.00181818181818182,4.27
0.55,0.00181818181818182,2.108
0.58,0.00181818181818182,1.625
0.67,0.000909090909090909,0.295
0.66,0.000909090909090909,0.308
0.79,0.00181818181818182,0.251
0.88,0.00454545454545455,0.551
0.87,0.00545454545454545,1.048
0.86,0.00545454545454545,1.04
0.82,0.00363636363636364,0.326
0.83,0.00272727272727273,0.505
0.84,0.00363636363636364,0.494
0.81,0.00363636363636364,0.822
0.7,0.00272727272727273,1.003
0.77,0.00181818181818182,0.182
0.68,0.00181818181818182,0.439
0.8,0.00181818181818182,0.542
0.59,0.00181818181818182,1.009
0.78,0.00363636363636364,0.311
0.89,0.00545454545454545,0.207
0.89,0.00363636363636364,0.619
0.53,0.000909090909090909,3.861
0.75,0.00272727272727273,0.668
0.85,0.00636363636363636,0.738
0.89,0.00909090909090909,0.67
0.88,0.00636363636363636,0.496
0.81,0.00272727272727273,0.617
0.88,0.00727272727272727,0.541
0.89,0.01,0.737
0.88,0.01,0.384
0.84,0.00727272727272727,0.56
0.72,0.00363636363636364,0.86
0.77,0.00272727272727273,0.499
0.87,0.00818181818181818,0.305
0.83,0.00818181818181818,0.645
0.72,0.00545454545454545,1.311
0.8,0.00454545454545455,0.391
0.69,0.00454545454545455,0.442
0.69,0.000909090909090909,0.594
0.78,0.00272727272727273,0.268
0.76,0.00454545454545455,0.626
0.86,0.00727272727272727,1.389
0.89,0.00727272727272727,1.12
0.89,0.00454545454545455,0.369
0.73,0.00363636363636364,0.362
0.84,0.00818181818181818,0.641
0.89,0.0118181818181818,0.438
0.9,0.0118181818181818,0.435
0.88,0.00818181818181818,0.942
0.83,0.00363636363636364,0.477
0.82,0.00454545454545455,0.374
0.88,0.00909090909090909,0.685
0.89,0.0136363636363636,1.487
0.84,0.00909090909090909,0.366
0.73,0.00454545454545455,0.645
0.88,0.0109090909090909,0.395
0.84,0.0109090909090909,1.266
0.72,0.00727272727272727,1.682
0.82,0.00545454545454545,0.454
0.7,0.00545454545454545,0.529
0.64,0.00181818181818182,2.575
0.51,0.00181818181818182,4.375
0.89,0.00636363636363636,0.974
0.7,0.00363636363636364,0.171
0.83,0.00727272727272727,0.296
0.89,0.0109090909090909,0.401
0.9,0.0109090909090909,0.397
0.9,0.0127272727272727,0.448
0.89,0.0127272727272727,0.453
0.85,0.00818181818181818,0.664
0.84,0.01,0.778
0.72,0.00636363636363636,0.31
0.83,0.00545454545454545,0.677
0.69,0.00545454545454545,0.522
0.72,0.000909090909090909,0.372
0.47,0.00272727272727273,2.741
0.73,0.00181818181818182,0.344
0.66,0.00181818181818182,0.551
0.9,0.00636363636363636,0.253
0.79,0.00272727272727273,0.251
0.9,0.00727272727272727,0.285
0.85,0.00545454545454545,0.419
0.71,0.00272727272727273,0.688
0.84,0.00636363636363636,0.5
0.71,0.00363636363636364,0.559
0.68,0.00272727272727273,0.599
0.52,0.00454545454545455,5.339
0.54,0.00454545454545455,1.123
0.56,0.00272727272727273,1.406
0.57,0.000909090909090909,1.009
0.6,0.00272727272727273,1.689
0.61,0.00454545454545455,1.561
0.62,0.00363636363636364,1.282
0.63,0.00272727272727273,1.757
0.64,0.00272727272727273,3.448
0.46,0.00454545454545455,5.434
0.51,0.00272727272727273,5.14
0.55,0.00454545454545455,1.156
0.57,0.00636363636363636,1.868
0.58,0.00636363636363636,2.19
0.59,0.00454545454545455,2.877
0.62,0.00454545454545455,1.546
0.63,0.00636363636363636,2.681
0.63,0.00363636363636364,2.457
0.63,0.00181818181818182,1.366
0.64,0.00454545454545455,3.117
0.64,0.00363636363636364,3.009
0.65,0.00181818181818182,36.515
0.5,0.00545454545454545,1.831
0.51,0.00454545454545455,4.905
0.52,0.00272727272727273,7.412
0.57,0.00272727272727273,1.844
0.6,0.00727272727272727,2.456
0.6,0.00636363636363636,2.163
0.57,0.00181818181818182,1.48
0.62,0.00181818181818182,1.354
0.63,0.00454545454545455,1.748
0.62,0.00636363636363636,2.398
0.61,0.00363636363636364,1.319
0.61,0.00272727272727273,1.815
0.5,0.00272727272727273,2.974
0.51,0.00363636363636364,5.147
0.57,0.00454545454545455,2.448
0.58,0.00363636363636364,2.524
0.6,0.00363636363636364,1.621
0.56,0.00454545454545455,1.665
0.59,0.00272727272727273,1.285
0.72,0.00181818181818182,0.402
0.67,0.00363636363636364,0.367
0.65,0.00272727272727273,28.869
0.78,0.00181818181818182,0.197
0.69,0.00363636363636364,0.34
0.79,0.00454545454545455,0.404
0.81,0.00545454545454545,0.441
0.79,0.00363636363636364,0.635
0.78,0.00545454545454545,0.726
0.81,0.00818181818181818,0.335
0.8,0.00818181818181818,0.689
0.77,0.00545454545454545,0.494
0.69,0.00272727272727273,0.589
0.79,0.00636363636363636,0.804
0.8,0.00909090909090909,0.761
0.77,0.00909090909090909,1.552
0.71,0.00636363636363636,1.233
0.75,0.00454545454545455,0.82
0.75,0.00727272727272727,0.321
0.7,0.00727272727272727,1.047
0.6,0.00545454545454545,1.52
0.65,0.00363636363636364,26.179
0.57,0.00363636363636364,1.404
0.84,0.00272727272727273,0.123
0.68,0.00636363636363636,0.978
0.8,0.01,0.394
0.85,0.01,0.382
0.79,0.0109090909090909,1.348
0.84,0.0154545454545455,1.203
0.85,0.0163636363636364,1.247
0.82,0.0109090909090909,0.878
0.74,0.00545454545454545,0.512
0.82,0.0118181818181818,0.482
0.84,0.0181818181818182,2.08
0.82,0.0181818181818182,0.709
0.77,0.0127272727272727,2.163
0.71,0.00454545454545455,0.652
0.81,0.00909090909090909,0.776
0.8,0.0136363636363636,1.129
0.76,0.0136363636363636,2.338
0.65,0.01,12.69
0.62,0.00727272727272727,1.572
0.68,0.00545454545454545,1.119
0.65,0.00818181818181818,14.553
0.8,0.0127272727272727,0.518
0.86,0.0127272727272727,0.978
0.86,0.00909090909090909,0.355
0.81,0.00454545454545455,0.191
0.61,0.00636363636363636,1.754
0.78,0.0145454545454545,2.434
0.85,0.0209090909090909,0.786
0.86,0.0209090909090909,1.571
0.84,0.0145454545454545,2.27
0.76,0.00727272727272727,1.551
0.74,0.00727272727272727,0.34
0.84,0.0163636363636364,1.237
0.86,0.0236363636363636,0.876
0.85,0.0236363636363636,0.899
0.79,0.0163636363636364,0.683
0.76,0.00545454545454545,0.488
0.84,0.0127272727272727,0.492
0.79,0.0181818181818182,0.754
0.67,0.0127272727272727,0.628
0.77,0.00636363636363636,1.115
0.76,0.01,0.844
0.58,0.00272727272727273,1.346
0.65,0.00454545454545455,23.958
0.61,0.00818181818181818,1.328
0.79,0.0118181818181818,0.958
0.86,0.0118181818181818,0.891
0.86,0.00818181818181818,1.583
0.76,0.0127272727272727,1.093
0.85,0.0190909090909091,0.717
0.87,0.0190909090909091,1.426
0.85,0.0136363636363636,1.054
0.73,0.00727272727272727,0.983
0.87,0.0209090909090909,0.791
0.86,0.0218181818181818,0.808
0.8,0.0154545454545455,1.226
0.65,0.00727272727272727,17.82
0.85,0.0118181818181818,0.888
0.81,0.0172727272727273,2.743
0.68,0.0118181818181818,0.566
0.67,0.00272727272727273,0.435
0.8,0.00636363636363636,0.258
0.78,0.00909090909090909,0.379
0.66,0.00909090909090909,0.45
0.77,0.00727272727272727,0.647
0.85,0.00727272727272727,1.131
0.82,0.00272727272727273,0.238
0.53,0.00363636363636364,4.116
0.74,0.00818181818181818,0.741
0.84,0.0118181818181818,0.46
0.87,0.0118181818181818,0.451
0.77,0.00363636363636364,0.183
0.83,0.00909090909090909,0.714
0.87,0.0136363636363636,1.012
0.86,0.0109090909090909,0.822
0.68,0.00727272727272727,0.723
0.79,0.00545454545454545,0.702
0.66,0.00545454545454545,0.865
0.43,0.00363636363636364,7.072
0.55,0.00272727272727273,1.29
0.53,0.00909090909090909,3.956
0.55,0.00818181818181818,1.511
0.56,0.00545454545454545,0.332
0.62,0.00818181818181818,1.334
0.63,0.00545454545454545,1.786
0.64,0.00545454545454545,3.202
0.65,0.00545454545454545,20.038
0.46,0.00909090909090909,6.586
0.56,0.01,1.181
0.58,0.0136363636363636,0.758
0.59,0.0127272727272727,3.501
0.6,0.00818181818181818,4.056
0.6,0.00454545454545455,1.866
0.62,0.00909090909090909,2.47
0.63,0.0127272727272727,2.637
0.64,0.0118181818181818,3.054
0.64,0.00818181818181818,2.533
0.65,0.00636363636363636,19.03
0.48,0.00727272727272727,3.531
0.51,0.01,2.585
0.55,0.00636363636363636,1.176
0.58,0.00454545454545455,1.304
0.6,0.01,1.114
0.61,0.0136363636363636,1.444
0.61,0.0127272727272727,2.048
0.64,0.00909090909090909,3.299
0.64,0.0127272727272727,1.97
0.53,0.00454545454545455,1.769
0.55,0.00727272727272727,2.191
0.56,0.00636363636363636,1.175
0.62,0.01,2.127
0.61,0.00545454545454545,0.922
0.61,0.00727272727272727,2.314
0.64,0.00636363636363636,1.644
0.63,0.00818181818181818,2.141
0.52,0.00363636363636364,2.645
0.53,0.00272727272727273,3.304
0.67,0.00727272727272727,0.694
0.64,0.00727272727272727,3.032
0.67,0.01,0.985
0.65,0.0109090909090909,14.812
0.6,0.0118181818181818,1.278
0.56,0.00909090909090909,2.698
0.51,0.00909090909090909,3.509
0.58,0.00545454545454545,1.961
0.54,0.00818181818181818,1.004
0.7,0.0127272727272727,1.161
0.74,0.01,0.442
0.67,0.00545454545454545,0.816
0.67,0.0136363636363636,0.639
0.75,0.02,2.568
0.75,0.0209090909090909,0.895
0.7,0.0154545454545455,1.426
0.72,0.0145454545454545,1.337
0.73,0.0218181818181818,0.971
0.7,0.0227272727272727,1.05
0.63,0.0163636363636364,0.862
0.67,0.0118181818181818,0.561
0.66,0.0172727272727273,0.831
0.61,0.0172727272727273,1.834
0.51,0.0127272727272727,3.194
0.54,0.00636363636363636,1.564
0.54,0.00909090909090909,1.105
0.47,0.00909090909090909,1.917
0.56,0.00727272727272727,0.414
0.51,0.0109090909090909,1.361
0.71,0.0163636363636364,0.744
0.79,0.0172727272727273,0.71
0.78,0.0127272727272727,0.543
0.71,0.00727272727272727,1.049
0.46,0.00818181818181818,5.884
0.67,0.0172727272727273,0.836
0.78,0.0263636363636364,1.075
0.79,0.0272727272727273,2.208
0.64,0.0109090909090909,1.632
0.78,0.0290909090909091,1.189
0.76,0.03,1.266
0.68,0.0218181818181818,1.035
0.52,0.0109090909090909,1.41
0.73,0.0154545454545455,0.678
0.73,0.0227272727272727,0.989
0.68,0.0227272727272727,1.091
0.56,0.0163636363636364,1.918
0.61,0.0118181818181818,0.639
0.53,0.0127272727272727,4.652
0.53,0.00636363636363636,4.453
0.69,0.0145454545454545,0.692
0.79,0.0154545454545455,0.64
0.8,0.0118181818181818,1.429
0.73,0.00636363636363636,0.866
0.66,0.0154545454545455,1.535
0.78,0.0236363636363636,0.971
0.81,0.0245454545454545,0.977
0.78,0.0181818181818182,0.764
0.75,0.0181818181818182,0.763
0.8,0.0263636363636364,1.05
0.71,0.02,0.903
0.54,0.01,1.22
0.66,0.00636363636363636,1.287
0.77,0.02,0.856
0.72,0.0209090909090909,0.938
0.58,0.0154545454545455,1.727
0.66,0.0109090909090909,2.133
0.57,0.0109090909090909,1.937
0.7,0.00454545454545455,0.644
0.67,0.00909090909090909,1.373
0.79,0.01,1.253
0.81,0.00727272727272727,0.303
0.63,0.01,1.559
0.82,0.0154545454545455,1.219
0.57,0.00545454545454545,1.598
0.75,0.0109090909090909,0.489
0.81,0.0163636363636364,0.659
0.73,0.0127272727272727,0.561
0.66,0.00363636363636364,1.198
0.79,0.0127272727272727,1.047
0.74,0.0127272727272727,1.142
0.6,0.00909090909090909,0.521
0.67,0.00454545454545455,0.462
0.58,0.00727272727272727,0.831
0.53,0.00181818181818182,4.066
0.55,0.00363636363636364,1.896
0.59,0.00545454545454545,1.55
0.65,0.00909090909090909,13.687
0.62,0.00272727272727273,1.249
0.53,0.0118181818181818,3.676
0.55,0.0118181818181818,1.398
0.57,0.00727272727272727,1.724
0.62,0.0118181818181818,3.686
0.62,0.0109090909090909,1.703
0.63,0.00727272727272727,1.896
0.47,0.0127272727272727,2.633
0.51,0.00636363636363636,2.534
0.56,0.0136363636363636,1.549
0.58,0.0181818181818182,1.008
0.59,0.0172727272727273,1.893
0.6,0.0109090909090909,1.825
0.63,0.0172727272727273,0.874
0.64,0.0163636363636364,3.298
0.51,0.0136363636363636,1.729
0.56,0.00363636363636364,0.937
0.6,0.0136363636363636,1.454
0.61,0.0181818181818182,0.975
0.62,0.0172727272727273,1.817
0.64,0.0172727272727273,2.614
0.5,0.00363636363636364,4.183
0.57,0.00909090909090909,0.513
0.62,0.0127272727272727,1.342
0.63,0.0118181818181818,1.83
0.65,0.0118181818181818,5.872
0.62,0.00545454545454545,1.174
0.48,0.00636363636363636,2.255
0.48,0.01,4.126
0.31,0.00909090909090909,8.539
0,0.00272727272727273,62.555
0.47,0.00545454545454545,1.615
0.57,0.0127272727272727,0.727
0.63,0.0145454545454545,1.506
0.56,0.00818181818181818,2.865
0.52,0.0118181818181818,0.77
0.6,0.0190909090909091,2.063
0.6,0.0218181818181818,1.183
0.56,0.0181818181818182,2.069
0.47,0.0109090909090909,2.23
0.53,0.0136363636363636,2.498
0.55,0.0209090909090909,1.211
0.52,0.0227272727272727,1.409
0.46,0.0181818181818182,1.279
0.45,0.01,3.611
0.45,0.0154545454545455,1.115
0.41,0.0172727272727273,1.314
0.34,0.0127272727272727,4.854
0.36,0.0109090909090909,3.931
0.46,0.00727272727272727,5.908
0.7,0.00818181818181818,1.15
0.68,0.00454545454545455,0.481
0.59,0.0163636363636364,1.799
0.69,0.0190909090909091,0.904
0.69,0.0163636363636364,1.536
0.53,0.0163636363636364,0.974
0.65,0.0254545454545455,1.242
0.68,0.0290909090909091,1.357
0.63,0.0236363636363636,1.196
0.52,0.0136363636363636,5.149
0.63,0.0272727272727273,1.374
0.61,0.03,1.567
0.53,0.0236363636363636,1.429
0.54,0.02,2.398
0.5,0.0218181818181818,1.418
0.4,0.0172727272727273,2.774
0.35,0.0109090909090909,5.069
0.4,0.0136363636363636,4.423
0.26,0.00909090909090909,18.452
0.26,0.00818181818181818,10.242
0.58,0.0145454545454545,0.831
0.71,0.0172727272727273,0.793
0.52,0.0145454545454545,4.498
0.67,0.0227272727272727,1.09
0.71,0.0254545454545455,1.159
0.67,0.0209090909090909,1.016
0.54,0.0127272727272727,0.752
0.61,0.0154545454545455,0.842
0.68,0.0245454545454545,1.162
0.66,0.0272727272727273,1.304
0.58,0.0218181818181818,1.194
0.57,0.0118181818181818,1.39
0.59,0.0181818181818182,2.99
0.56,0.02,1.152
0.44,0.0154545454545455,3.386
0.41,0.0127272727272727,3.974
0.72,0.00454545454545455,0.415
0.71,0.0109090909090909,0.498
0.73,0.00909090909090909,1.208
0.67,0.0145454545454545,1.386
0.73,0.0163636363636364,0.713
0.69,0.0127272727272727,0.621
0.61,0.01,2.188
0.69,0.0172727272727273,1.594
0.65,0.0127272727272727,6.347
0.65,0.0145454545454545,7.146
0.65,0.0136363636363636,4.731
0.5,0.00818181818181818,2.187
0.55,0.0109090909090909,0.639
0.65,0.0163636363636364,3.251
0.65,0.0172727272727273,1.705
0.65,0.0154545454545455,3.825
0.44,0.0127272727272727,3.741
0.56,0.0118181818181818,0.712
0.58,0.0163636363636364,0.937
0.59,0.0154545454545455,1.7
0.63,0.0154545454545455,2.417
0.64,0.0154545454545455,1.535
0.64,0.01,3.594
0.48,0.00909090909090909,3.733
0.54,0.00727272727272727,1.784
0.54,0.00363636363636364,1.151
0.6,0.0127272727272727,0.68
0.62,0.0163636363636364,0.849
0.52,0.00636363636363636,5.333
0.55,0.00909090909090909,2.143
0.57,0.00818181818181818,0.967
0.61,0.00909090909090909,1.984
0.5,0.00454545454545455,3.48
0.2,0.00909090909090909,19.244
0.23,0.00909090909090909,16.558
0.22,0.01,14.76
0.28,0.0118181818181818,5.457
0.32,0.00909090909090909,2.744
0.27,0.00727272727272727,16.139
0.26,0.0109090909090909,12.21
0.32,0.0127272727272727,6.476
0.39,0.0154545454545455,1.269
0.31,0.0109090909090909,9.222
0.36,0.0127272727272727,3.485
0.32,0.01,4.087
0.39,0.0127272727272727,4.21
0.45,0.0145454545454545,2.056
0.5,0.0118181818181818,2.313
0.32,0.0118181818181818,2.393
0.26,0.0118181818181818,10.156
0.24,0.01,10.964
0.52,0.00818181818181818,4.669
0.54,0.00545454545454545,2.047
0.44,0.0118181818181818,5.268
0.51,0.0163636363636364,1.009
0.52,0.0154545454545455,1.931
0.48,0.0109090909090909,3.688
0.44,0.0172727272727273,5.038
0.46,0.0218181818181818,1.515
0.45,0.0209090909090909,1.462
0.39,0.0136363636363636,2.282
0.33,0.01,3.887
0.37,0.0163636363636364,1.466
0.37,0.0209090909090909,3.586
0.35,0.0190909090909091,1.758
0.26,0.0145454545454545,3.508
0.28,0.0127272727272727,7.301
0.66,0.00272727272727273,1.063
0.58,0.0109090909090909,1.831
0.49,0.0154545454545455,2.053
0.59,0.0209090909090909,1.112
0.61,0.02,1.046
0.55,0.0136363636363636,0.801
0.51,0.0218181818181818,1.368
0.55,0.0281818181818182,1.616
0.53,0.0263636363636364,3.162
0.45,0.0172727272727273,2.478
0.45,0.0218181818181818,1.535
0.46,0.0272727272727273,1.866
0.42,0.0245454545454545,1.854
0.33,0.0154545454545455,1.488
0.33,0.0181818181818182,1.773
0.29,0.0163636363636364,5.404
0.32,0.0163636363636364,3.203
0.59,0.00909090909090909,1.054
0.63,0.0181818181818182,0.941
0.58,0.0118181818181818,2.649
0.54,0.0190909090909091,1.151
0.6,0.0245454545454545,1.324
0.58,0.0236363636363636,1.291
0.47,0.0154545454545455,1.062
0.51,0.0190909090909091,1.236
0.52,0.0245454545454545,1.482
0.47,0.0218181818181818,1.495
0.37,0.0136363636363636,2.36
0.38,0.0163636363636364,1.384
0.33,0.0145454545454545,2.842
0.34,0.0145454545454545,1.33
0.47,0.00818181818181818,3.383
0.63,0.0109090909090909,1.723
0.59,0.00727272727272727,1.645
0.6,0.0145454545454545,0.772
0.55,0.0145454545454545,2.609
0.53,0.00727272727272727,2.291
0.65,0.0181818181818182,1.784
0.65,0.0190909090909091,0.95
0.43,0.00818181818181818,1.27
0.59,0.01,1.15
0.53,0.00545454545454545,3.468
0.48,0.00545454545454545,4.528
0.51,0.00727272727272727,2.86
0.59,0.00818181818181818,0.9
0.61,0.0109090909090909,0.592
0.52,0.00545454545454545,4.223
0.53,0.00818181818181818,4.669
0.5,0.00727272727272727,4.817
0.52,0.00909090909090909,9.245
0.52,0.01,5.057
0.52,0.00727272727272727,2.279
0.51,0.00545454545454545,2.537
0.15,0.00909090909090909,45.378
0.19,0.0127272727272727,10.647
0.26,0.0154545454545455,7.469
0.33,0.0127272727272727,3.749
0.29,0.0154545454545455,1.771
0.36,0.0181818181818182,3.316
0.43,0.0154545454545455,2.284
0.34,0.0136363636363636,3.806
0.4,0.0154545454545455,3.723
0.48,0.00818181818181818,2.223
0.23,0.0118181818181818,8.322
0.21,0.0109090909090909,18.456
0.3,0.0172727272727273,1.884
0.38,0.0209090909090909,3.508
0.3,0.0127272727272727,1.39
0.41,0.0209090909090909,3.282
0.49,0.0254545454545455,1.625
0.55,0.02,1.184
0.45,0.0181818181818182,3.862
0.52,0.0209090909090909,2.562
0.57,0.0172727272727273,0.96
0.5,0.00909090909090909,1.229
0.07,0.00818181818181818,173.783
0.08,0.00909090909090909,182.585
0.27,0.01,10.981
0.39,0.0163636363636364,1.373
0.47,0.0190909090909091,1.329
0.47,0.02,1.37
0.55,0.0236363636363636,1.351
0.61,0.0190909090909091,1.008
0.31,0.0118181818181818,3.68
0.52,0.02,1.204
0.39,0.0118181818181818,4.908
0.47,0.00454545454545455,1.348
0.05,0.01,153.716
0.07,0.0118181818181818,99.047
0.06,0.00909090909090909,154.712
0.09,0.01,83.324
0.06,0.0109090909090909,104.91
0.08,0.0118181818181818,88.264
0.42,0.0127272727272727,1.929
0.38,0.0136363636363636,3.47
0.46,0.0154545454545455,2.125
0.28,0.00909090909090909,7.497
0.25,0.0118181818181818,6.098
0.19,0.01,21.965
0.04,0.01,42.2
0.06,0.0118181818181818,123.796
0.04,0.00818181818181818,93.487
0.08,0.0109090909090909,105.827
0.42,0.0163636363636364,2.446
0.45,0.0163636363636364,1.198
0.32,0.0145454545454545,5.781
0.34,0.0154545454545455,2.875
0.25,0.0127272727272727,8.08
0.28,0.0181818181818182,4.093
0.29,0.0181818181818182,2.06
0.18,0.0118181818181818,10.487
0.19,0.0118181818181818,13.873
0.25,0.0136363636363636,3.506
0.05,0.00818181818181818,163.874
0.51,0.02,1.285
0.54,0.0209090909090909,1.259
0.5,0.0154545454545455,1.013
0.39,0.0181818181818182,1.507
0.46,0.0263636363636364,1.819
0.47,0.0263636363636364,1.831
0.4,0.0190909090909091,1.541
0.31,0.0163636363636364,1.706
0.36,0.0236363636363636,4.176
0.19,0.0109090909090909,14.516
0.23,0.0145454545454545,4.017
0.29,0.01,5.608
0.29,0.0172727272727273,3.733
0.55,0.0181818181818182,1.056
0.58,0.0190909090909091,1.03
0.51,0.0227272727272727,1.453
0.51,0.0236363636363636,1.472
0.35,0.0145454545454545,2.641
0.4,0.0209090909090909,1.665
0.27,0.0127272727272727,4.554
0.31,0.0145454545454545,3.048
0.19,0.00909090909090909,26.297
0.56,0.0109090909090909,1.875
0.54,0.0145454545454545,0.867
0.37,0.0118181818181818,3.064
0.39,0.0109090909090909,4.561
0.5,0.0109090909090909,2.097
0.17,0.0145454545454545,13.62
0.22,0.0172727272727273,7.32
0.28,0.0136363636363636,6.324
0.2,0.0109090909090909,19.354
0.27,0.0181818181818182,2.059
0.35,0.0209090909090909,1.902
0.42,0.0172727272727273,2.646
0.36,0.0145454545454545,1.344
0.51,0.0145454545454545,1.799
0.15,0.0109090909090909,30.519
0.19,0.0136363636363636,11.612
0.2,0.0118181818181818,9.512
0.27,0.02,2.306
0.34,0.0236363636363636,2.187
0.39,0.0190909090909091,1.55
0.29,0.0145454545454545,1.633
0.39,0.0236363636363636,1.941
0.48,0.0281818181818182,1.875
0.54,0.0227272727272727,1.356
0.31,0.0127272727272727,1.366
0.44,0.02,1.479
0.54,0.0236363636363636,1.398
0.46,0.0136363636363636,1.939
0.54,0.0109090909090909,0.668
0.22,0.0109090909090909,14.377
0.59,0.00636363636363636,1.115
0.08,0.0127272727272727,53.688
0.07,0.01,116.569
0.1,0.0109090909090909,68.111
0.17,0.0109090909090909,16.417
0.09,0.0109090909090909,73.037
0.05,0.00909090909090909,133.814
0.1,0.0136363636363636,42.517
0.42,0.0218181818181818,1.637
0.47,0.0172727272727273,1.211
0.44,0.0227272727272727,1.66
0.58,0.0209090909090909,1.169
0.26,0.0136363636363636,3.375
0.39,0.02,3.303
0.49,0.0218181818181818,1.44
0.04,0.00909090909090909,90.123
0.07,0.0145454545454545,52.34
0.08,0.0172727272727273,25.672
0.05,0.0109090909090909,83.876
0.07,0.0136363636363636,53.777
0.09,0.0154545454545455,37.354
0.1,0.0118181818181818,66.803
0.08,0.0136363636363636,63.586
0.08,0.0163636363636364,70.026
0.09,0.0172727272727273,17.573
0.11,0.0145454545454545,45.914
0.34,0.0118181818181818,1.17
0.41,0.0136363636363636,2.194
0.44,0.0109090909090909,3.238
0.23,0.0109090909090909,10.865
0.43,0.0172727272727273,1.281
0.17,0.0118181818181818,24.257
0.24,0.0145454545454545,3.762
0.31,0.0154545454545455,1.534
0.21,0.01,18.389
0.06,0.0145454545454545,57.205
0.06,0.0136363636363636,33.61
0.08,0.0145454545454545,44.672
0.07,0.0109090909090909,125.604
0.07,0.0127272727272727,55.952
0.09,0.0136363636363636,46.34
0.37,0.0145454545454545,2.496
0.32,0.0172727272727273,3.522
0.22,0.0136363636363636,6.06
0.24,0.0154545454545455,6.178
0.06,0.01,138.49
0.4,0.0163636363636364,1.333
0.27,0.0136363636363636,3.218
0.36,0.0209090909090909,1.832
0.39,0.0218181818181818,1.809
0.33,0.0163636363636364,1.578
0.21,0.0118181818181818,14.494
0.3,0.0190909090909091,4.011
0.59,0.00363636363636364,0.642
0.43,0.0145454545454545,2.192
0.4,0.0181818181818182,1.452
0.43,0.0190909090909091,1.431
0.23,0.01,11.429
0.32,0.0154545454545455,1.582
0.34,0.0163636363636364,1.565
0.47,0.00727272727272727,3.101
0.32,0.0109090909090909,3.316
0.5,0.01,1.302
0.52,0.0127272727272727,3.974
0.2,0.00818181818181818,22.38
0.18,0.0109090909090909,15.621
0.15,0.01,27.496
0.15,0.0136363636363636,14.236
0.21,0.0136363636363636,4.165
0.27,0.0163636363636364,1.928
0.5,0.00636363636363636,0.855
0.19,0.0154545454545455,5.218
0.24,0.0181818181818182,7.278
0.27,0.0145454545454545,3.434
0.37,0.0218181818181818,1.88
0.42,0.0181818181818182,1.385
0.5,0.0145454545454545,0.948
0.09,0.0118181818181818,77.337
0.08,0.01,78.278
0.09,0.0127272727272727,83.934
0.11,0.0127272727272727,36.188
0.1,0.0145454545454545,18.516
0.25,0.0145454545454545,3.725
0.32,0.0136363636363636,2.676
0.31,0.0181818181818182,1.872
0.44,0.0163636363636364,1.19
0.16,0.0118181818181818,28.325
0.25,0.0163636363636364,8.289
0.34,0.0172727272727273,1.633
0.07,0.0154545454545455,33.359
0.08,0.0181818181818182,47.573
0.1,0.0154545454545455,28.706
0.1,0.0190909090909091,17.873
0.27,0.0109090909090909,6.516
0.21,0.0127272727272727,11.603
0.07,0.0172727272727273,59.503
0.05,0.0118181818181818,54.588
0.02,0.00545454545454545,79.492
0.66,0.0127272727272727,3.124
0.63,0.0136363636363636,1.424
0.72,0.0118181818181818,1.049
0.72,0.0136363636363636,0.607
0.55,0.01,1.19
0.75,0.00818181818181818,1.064
0.58,0.00818181818181818,0.926
0.66,0.00727272727272727,0.748
0.76,0.0118181818181818,0.517
0.25,0.01,11.76
0.66,0.01,1.5
0.78,0.00818181818181818,0.367
0.21,0.00909090909090909,19.471
0.78,0.00454545454545455,0.576
0.76,0.00181818181818182,0.343
0.26,0.01,8.867
0.1,0.01,78.442
0.55,0.00545454545454545,1.319
0.06,0.0127272727272727,51.939
0.69,0.0154545454545455,0.714
0.67,0.00818181818181818,1.173
0.02,0.00636363636363636,22.696
0.75,0.0218181818181818,0.918
0.75,0.0127272727272727,0.549
0.68,0.0145454545454545,1.402
0.68,0.0163636363636364,0.789
0.8,0.02,1.601
0.77,0.0227272727272727,0.95
0.77,0.0118181818181818,1.004
0.82,0.0190909090909091,0.756
0.81,0.0227272727272727,0.879
0.79,0.00818181818181818,0.682
0.82,0.0127272727272727,0.517
0.75,0.0145454545454545,0.631
0.68,0.00363636363636364,0.365
0.68,0.0172727272727273,1.632
0.66,0.0136363636363636,0.658
0.81,0.0209090909090909,0.84
0.8,0.0236363636363636,0.946
0.72,0.0181818181818182,0.811
0.53,0.01,0.602
0.81,0.0127272727272727,0.494
0.85,0.02,0.757
0.85,0.00909090909090909,0.359
0.81,0.01,0.422
0.68,0.00818181818181818,0.392
0.76,0.00363636363636364,0.516
0.86,0.0145454545454545,0.54
0.81,0.00636363636363636,0.249
0.87,0.00454545454545455,0.178
0.84,0.00545454545454545,0.443
0.74,0.00363636363636364,0.535
0.66,0.00454545454545455,1.164
0.78,0.00727272727272727,0.315
0.84,0.00454545454545455,0.175
0.67,0.00181818181818182,0.321
0.46,0.0109090909090909,1.573
0.46,0.0127272727272727,0.872
0.16,0.0109090909090909,33.083
0.77,0.0109090909090909,0.474
0.79,0.00909090909090909,0.396
0.76,0.0172727272727273,0.736
0.57,0.0136363636363636,0.759
0.74,0.00909090909090909,0.402
0.79,0.0245454545454545,0.986
0.66,0.0190909090909091,1.835
0.74,0.0145454545454545,0.63
0.8,0.0172727272727273,1.372
0.78,0.0190909090909091,0.782
0.83,0.0145454545454545,0.557
0.86,0.0227272727272727,0.865
0.83,0.0254545454545455,1
0.72,0.02,0.892
0.82,0.0136363636363636,1.096
0.84,0.0218181818181818,0.833
0.84,0.0254545454545455,0.963
0.76,0.02,0.83
0.81,0.0145454545454545,0.595
0.75,0.0163636363636364,0.715
0.78,0.0109090909090909,0.9
0.76,0.0154545454545455,0.643
0.85,0.0145454545454545,0.566
0.87,0.0236363636363636,0.887
0.86,0.0263636363636364,1.002
0.8,0.0209090909090909,0.831
0.87,0.0227272727272727,0.838
0.63,0.00909090909090909,0.457
0.87,0.0181818181818182,0.677
0.7,0.00909090909090909,0.43
0.73,0.00545454545454545,0.264
0.77,0.00454545454545455,0.196
0.85,0.0109090909090909,0.408
0.87,0.0172727272727273,0.641
0.87,0.01,0.379
0.88,0.0163636363636364,0.598
0.74,0.00454545454545455,0.624
0.78,0.000909090909090909,0.065
0.75,0.00363636363636364,0.341
0.79,0.00727272727272727,0.592
0.8,0.00545454545454545,0.224
0.76,0.00272727272727273,0.126
0.87,0.00909090909090909,0.36
0.8,0.00363636363636364,0.308
0.89,0.00818181818181818,0.3
0.7,0.000909090909090909,0.192
0.81,0.0118181818181818,0.486
0.75,0.0136363636363636,0.588
0.76,0.0190909090909091,0.82
0.84,0.0136363636363636,0.517
0.66,0.0118181818181818,1.14
0.86,0.0181818181818182,0.683
0.83,0.02,0.79
0.74,0.0154545454545455,1.36
0.81,0.02,0.792
0.69,0.0118181818181818,0.55
0.86,0.0136363636363636,0.522
0.88,0.0190909090909091,0.694
0.82,0.0163636363636364,0.646
0.69,0.00818181818181818,0.413
0.83,0.0109090909090909,0.436
0.69,0.00909090909090909,0.856
0.75,0.00545454545454545,0.248
0.86,0.01,0.376
0.82,0.00818181818181818,0.341
0.88,0.0154545454545455,0.558
0.74,0.00272727272727273,0.28
0.8,0.00272727272727273,0.226
0.86,0.00454545454545455,0.367
0.88,0.00363636363636364,0.297
0.87,0.00363636363636364,0.151
0.87,0.00636363636363636,0.24
0.57,0.01,0.597
0.76,0.00636363636363636,0.266
0.74,0.0109090909090909,0.489
0.85,0.00454545454545455,0.182
0.83,0.00636363636363636,0.254
0.71,0.01,0.446
0.82,0.00181818181818182,0.089
0.35,0.0118181818181818,1.108
0.35,0.0136363636363636,2.503
0.23,0.0136363636363636,5.762
0.22,0.0118181818181818,8.759
0.35,0.0154545454545455,1.444
0.36,0.0154545454545455,1.414
0.29,0.0127272727272727,2.812
0.27,0.0118181818181818,1.444
0.23,0.0127272727272727,3.648
0.22,0.0145454545454545,2.083
0.18,0.0127272727272727,13.874
0.22,0.0163636363636364,4.658
0.18,0.0145454545454545,12.959
0.17,0.0136363636363636,7.656
0.18,0.0136363636363636,14.609
0.14,0.0127272727272727,14.223
0.18,0.0163636363636364,11.577
0.18,0.0154545454545455,8
0.16,0.0127272727272727,7.423
0.21,0.0154545454545455,4.668
0.25,0.02,5.074
0.26,0.0190909090909091,2.353
0.23,0.0172727272727273,7.147
0.23,0.0163636363636364,4.543
0.19,0.0145454545454545,9.842
0.21,0.02,5.982
0.2,0.0181818181818182,2.864
0.19,0.0181818181818182,12.144
0.14,0.0145454545454545,29.27
0.21,0.0145454545454545,4.429
0.17,0.0127272727272727,12.107
0.15,0.0127272727272727,21.65
0.37,0.0127272727272727,2.264
0.36,0.0118181818181818,2.135
0.59,0.0118181818181818,1.341
0.55,0.0163636363636364,0.958
0.58,0.00909090909090909,0.511
0.51,0.0118181818181818,0.779
0.47,0.0136363636363636,1.877
0.15,0.0118181818181818,7.649
0.19,0.0163636363636364,2.69
0.2,0.0145454545454545,9.268
0.68,0.01,0.469
0.69,0.0109090909090909,2.055
0.66,0.00818181818181818,0.413
0.1,0.0127272727272727,51.443
0.48,0.0181818181818182,1.224
0.39,0.0172727272727273,1.42
0.33,0.0136363636363636,2.671
0.47,0.0163636363636364,2.28
0.41,0.0154545454545455,1.212
0.57,0.0190909090909091,1.085
0.62,0.0154545454545455,0.822
0.62,0.0227272727272727,1.162
0.58,0.0172727272727273,1.888
0.63,0.0209090909090909,1.065
0.58,0.01,0.568
0.5,0.0136363636363636,1.721
0.7,0.0136363636363636,0.635
0.7,0.0145454545454545,0.681
0.68,0.0190909090909091,0.918
0.64,0.0145454545454545,0.731
0.7,0.0181818181818182,0.833
0.7,0.0118181818181818,0.54
0.68,0.00909090909090909,0.421
0.71,0.00818181818181818,0.377
0.67,0.00636363636363636,0.638
0.71,0.00545454545454545,0.244
0.11,0.0136363636363636,31.455
0.12,0.0136363636363636,32.083
0.09,0.0145454545454545,34.435
0.12,0.0154545454545455,27.921
0.49,0.0172727272727273,1.158
0.41,0.0163636363636364,1.283
0.13,0.0163636363636364,11.781
0.15,0.0145454545454545,18.291
0.48,0.0163636363636364,1.083
0.63,0.0218181818181818,1.113
0.51,0.00818181818181818,1.074
0.63,0.02,1.021
0.61,0.0163636363636364,0.873
0.66,0.0145454545454545,0.693
0.62,0.0136363636363636,0.73
0.59,0.0109090909090909,0.62
0.09,0.0181818181818182,11.998
0.11,0.02,11.466
0.12,0.0181818181818182,28.351
0.14,0.0190909090909091,8.578
0.15,0.0163636363636364,13.644
0.15,0.0154545454545455,16.309
0.16,0.0163636363636364,3.156
0.1,0.0209090909090909,12.802
0.12,0.02,20.582
0.14,0.0209090909090909,4.789
0.15,0.0190909090909091,7.864
0.15,0.0172727272727273,11.133
0.16,0.0181818181818182,3.585
0.09,0.0163636363636364,28.186
0.11,0.0163636363636364,32.982
0.12,0.0172727272727273,22.562
0.1,0.0172727272727273,32.351
0.1,0.02,12.04
0.1,0.0163636363636364,20.483
0.1,0.0181818181818182,34.121
0.11,0.0172727272727273,19.417
0.08,0.0190909090909091,28.812
0.08,0.0154545454545455,23.623
0.09,0.02,27.126
0.09,0.0236363636363636,32.622
0.09,0.0209090909090909,14.225
0.09,0.0190909090909091,25.67
0.1,0.0245454545454545,23.551
0.1,0.0236363636363636,21.653
0.11,0.0227272727272727,25.661
0.12,0.0245454545454545,6.457
0.12,0.0209090909090909,5.262
0.13,0.0209090909090909,9.711
0.15,0.02,12.589
0.16,0.0154545454545455,12.411
0.06,0.0154545454545455,22.839
0.07,0.02,25.961
0.07,0.0181818181818182,23.7
0.08,0.0218181818181818,8.335
0.09,0.0227272727272727,7.711
0.09,0.0218181818181818,22.204
0.11,0.0245454545454545,6.872
0.12,0.0218181818181818,5.513
0.13,0.0218181818181818,5.39
0.15,0.0218181818181818,4.643
0.15,0.0181818181818182,3.644
0.16,0.0172727272727273,6.728
0.17,0.0163636363636364,2.989
0.05,0.0127272727272727,23.151
0.13,0.0172727272727273,8.217
0.16,0.0136363636363636,5.348
0.14,0.0163636363636364,7.239
0.12,0.0163636363636364,12.45
0.14,0.0181818181818182,4.034
0.13,0.0190909090909091,4.642
0.13,0.02,9.766
0.12,0.0227272727272727,5.928
0.11,0.0218181818181818,18.95
0.11,0.0236363636363636,20.116
0.11,0.0190909090909091,10.704
0.11,0.0181818181818182,46.751
0.09,0.0245454545454545,8.175
0.09,0.0272727272727273,8.971
0.08,0.0227272727272727,25.004
0.1,0.0227272727272727,7.18
0.1,0.0263636363636364,16.523
0.07,0.0163636363636364,20.314
0.06,0.0181818181818182,8.679
0.07,0.0218181818181818,9.248
0.07,0.0190909090909091,25.006
0.1,0.0218181818181818,19.809
0.04,0.0109090909090909,37.779
0.05,0.0136363636363636,7.767
0.28,0.0145454545454545,1.685
0.25,0.0172727272727273,2.122
0.23,0.0181818181818182,2.604
0.17,0.0154545454545455,5.652
0.38,0.0181818181818182,3.062
0.3,0.0145454545454545,1.59
0.37,0.0172727272727273,1.494
0.34,0.02,3.809
0.31,0.0136363636363636,1.358
0.27,0.0154545454545455,5.433
0.33,0.0118181818181818,2.31
0.2,0.0154545454545455,7.238
0.2,0.0172727272727273,2.769
0.19,0.0209090909090909,3.469
0.16,0.0190909090909091,11.355
0.17,0.0209090909090909,3.734
0.15,0.0209090909090909,4.218
0.14,0.0172727272727273,7.758
0.22,0.0127272727272727,7.414
0.21,0.0181818181818182,2.7
0.19,0.02,3.368
0.19,0.0227272727272727,11.231
0.17,0.0263636363636364,4.881
0.14,0.0245454545454545,10.915
0.17,0.0218181818181818,3.98
0.15,0.0263636363636364,5.43
0.13,0.0263636363636364,18.898
0.12,0.0236363636363636,6.069
0.18,0.0190909090909091,3.339
0.18,0.0172727272727273,5.999
0.16,0.0236363636363636,4.675
0.14,0.0227272727272727,5.036
0.12,0.0263636363636364,6.897
0.11,0.0154545454545455,4.548
0.08,0.02,7.355
0.06,0.0172727272727273,8.918
0.03,0.01,8.066
0.26,0.02,2.394
0.21,0.0163636363636364,9.77
0.28,0.0190909090909091,2.137
0.25,0.0218181818181818,2.778
0.44,0.0181818181818182,1.365
0.4,0.0218181818181818,1.714
0.42,0.02,1.553
0.37,0.0236363636363636,2.021
0.27,0.0190909090909091,2.259
0.38,0.0154545454545455,1.323
0.32,0.0181818181818182,1.805
0.5,0.0163636363636364,1.063
0.48,0.0154545454545455,1.029
0.22,0.0154545454545455,2.192
0.21,0.0172727272727273,2.701
0.16,0.02,3.897
0.18,0.0218181818181818,3.851
0.23,0.0218181818181818,2.89
0.2,0.0227272727272727,3.637
0.21,0.0263636363636364,7.867
0.18,0.0290909090909091,5.024
0.19,0.0236363636363636,3.948
0.16,0.0272727272727273,5.263
0.13,0.0245454545454545,5.909
0.12,0.0190909090909091,5.162
0.24,0.0172727272727273,4.686
0.21,0.0236363636363636,3.48
0.16,0.0227272727272727,4.399
0.22,0.02,5.843
0.19,0.0281818181818182,4.683
0.15,0.0290909090909091,6.082
0.19,0.0172727272727273,2.956
0.16,0.0245454545454545,4.791
0.17,0.02,7.352
0.18,0.0181818181818182,6.266
0.15,0.0227272727272727,4.87
0.03,0.00818181818181818,6.895
0.24,0.0163636363636364,2.1
0.43,0.0163636363636364,1.24
0.38,0.0190909090909091,1.641
0.4,0.0127272727272727,1.027
0.54,0.0118181818181818,0.687
0.46,0.0145454545454545,1.022
0.2,0.0190909090909091,3.075
0.25,0.0154545454545455,1.968
0.21,0.0218181818181818,3.205
0.18,0.0236363636363636,4.157
0.14,0.02,4.431
0.19,0.0190909090909091,6.38
0.16,0.0209090909090909,4.232
0.17,0.0190909090909091,3.656
0.15,0.0236363636363636,4.885
0.17,0.0172727272727273,3.191
0.18,0.02,3.543
0.19,0.0245454545454545,3.996
0.23,0.03,4.006
0.21,0.0190909090909091,2.911
0.24,0.0218181818181818,2.91
0.22,0.0190909090909091,2.753
0.17,0.0227272727272727,4.164
0.19,0.0254545454545455,4.197
0.14,0.0218181818181818,4.871
0.24,0.0272727272727273,3.66
0.22,0.0372727272727273,5.382
0.18,0.0281818181818182,4.83
0.2,0.0163636363636364,2.64
0.18,0.0227272727272727,3.916
0.26,0.0172727272727273,2.058
0.17,0.0245454545454545,4.63
0.19,0.0218181818181818,3.703
0.2,0.0281818181818182,4.489
0.27,0.0272727272727273,3.243
0.35,0.0254545454545455,2.28
0.28,0.0218181818181818,2.501
0.33,0.02,1.941
0.31,0.0281818181818182,2.933
0.33,0.0509090909090909,4.854
0.38,0.0618181818181818,5.146
0.39,0.0545454545454545,4.45
0.28,0.0336363636363636,3.793
0.39,0.0209090909090909,1.71
0.55,0.0336363636363636,1.942
0.53,0.0663636363636364,3.984
0.45,0.0772727272727273,5.345
0.38,0.06,4.929
0.28,0.03,3.43
0.79,0.0309090909090909,1.257
0.69,0.0563636363636364,2.584
0.49,0.0536363636363636,3.499
0.34,0.0372727272727273,3.477
0.89,0.0172727272727273,0.619
0.77,0.0272727272727273,1.146
0.49,0.0227272727272727,1.492
0.28,0.0154545454545455,1.759
