x,y,WeightedExpectedGoals,GoalProbability
0,0,0,0
0,2,0,0
0,4,0,0
0,6,0,0
0,8,0,0
0,10,0,0
0,12,0,0
0,14,0,0
0,16,0,0
0,18,0,0
0,20,0,0
0,22,0,0
0,24,0,0
0,26,0,0
0,28,0,0
0,30,0,0
0,32,0,0
0,34,0,0
0,36,0,0
0,38,0,0
0,40,0,0
0,42,0,0
0,44,0,0
0,46,0,0
0,48,0,0
0,50,0,0
0,52,0,0
0,54,0,0
0,56,0,0
0,58,0,0
0,60,0,0
0,62,0,0
0,64,0,0
0,66,0,0
0,68,0,0
0,70,0,0
0,72,0,0
0,74,0,0
0,76,0,0
2,0,0,0
2,2,0,0
2,4,0,0
2,6,0,0
2,8,0,0
2,10,0,0
2,12,0,0
2,14,0,0
2,16,0,0
2,18,0,0
2,20,0,0
2,22,0,0
2,24,0,0
2,26,0,0
2,28,0,0
2,30,0,0
2,32,0,0
2,34,0,0
2,36,0,0
2,38,0.00000419701406322772,0
2,40,0.00000548110616432459,0
2,42,0.00000499041690424745,0
2,44,0,0
2,46,0,0
2,48,0,0
2,50,0,0
2,52,0,0
2,54,0,0
2,56,0,0
2,58,0,0
2,60,0,0
2,62,0,0
2,64,0,0
2,66,0,0
2,68,0,0
2,70,0,0
2,72,0,0
2,74,0,0
2,76,0,0
2,78,0,0
4,0,0,0
4,2,0,0
4,4,0,0
4,6,0,0
4,8,0,0
4,10,0,0
4,12,0,0
4,14,0,0
4,16,0,0
4,18,0,0
4,20,0,0
4,22,0,0
4,24,0,0
4,26,0,0
4,28,0,0
4,30,0,0
4,32,0,0
4,34,0.00000710661552302976,0
4,36,0.0000190945294382592,0
4,38,0.0000357681044412615,0
4,40,0.0000467114893554663,0
4,42,0.0000425297009606123,0
4,44,0.0000269961460078652,0
4,46,0.0000251232387113485,0
4,48,0.0000221810214572089,0
4,50,0.0000180991309514351,0
4,52,0.0000123480675489061,0
4,54,0,0
4,56,0,0
4,58,0,0
4,60,0,0
4,62,0,0
4,64,0,0
4,66,0,0
4,68,0,0
4,70,0,0
4,72,0,0
4,74,0,0
4,76,0,0
4,78,0,0
6,0,0,0
6,2,0,0
6,4,0,0
6,6,0,0
6,8,0,0
6,10,0,0
6,12,0,0
6,14,0,0
6,16,0,0
6,18,0,0
6,20,0,0
6,22,0,0
6,24,0,0
6,26,0,0
6,28,0,0
6,30,0,0
6,32,0.0000109560455810118,0
6,34,0.0000422239778996845,0
6,36,0.000113450205149441,0
6,38,0.000212516302105726,0
6,40,0.000277536457096202,0
6,42,0.000271726975813804,0
6,44,0.000215373031524065,0
6,46,0.00018166651397566,0
6,48,0.000177262338045977,0
6,50,0.000156746694527886,0
6,52,0.000103726119338363,0
6,54,0.0000493367149876847,0
6,56,0.0000163603712029246,0
6,58,0,0
6,60,0,0
6,62,0,0
6,64,0,0
6,66,0,0
6,68,0,0
6,70,0,0
6,72,0,0
6,74,0,0
6,76,0,0
6,78,0,0
6,80,0,0
8,0,0,0
8,2,0,0
8,4,0,0
8,6,0,0
8,8,0,0
8,10,0,0
8,12,0,0
8,14,0,0
8,16,0.00157128658398069,0
8,18,0.00316354635322085,0
8,20,0.00444051996385817,0
8,22,0.00434544518960942,0
8,24,0.00296466448446309,0
8,26,0.00141012512216844,0
8,28,0,0
8,30,0.00000820968493205979,0
8,32,0.0000453827679599586,0
8,34,0.000174902612187821,0
8,36,0.000469940025097204,0
8,38,0.000880297362297202,0
8,40,0.00117654190547648,0
8,42,0.00115819453476126,0
8,44,0.000986365648502747,0
8,46,0.000942237358355859,0
8,48,0.00100057823052321,0
8,50,0.000909895209222651,0
8,52,0.000607460563239513,0
8,54,0.000288935022981448,0
8,56,0.0000958127072441285,0
8,58,0.0000221506696600527,0
8,60,0,0
8,62,0,0
8,64,0,0
8,66,0,0
8,68,0,0
8,70,0,0
8,72,0,0
8,74,0,0
8,76,0,0
8,78,0,0
8,80,0,0
10,0,0,0
10,2,0,0
10,4,0,0
10,6,0,0
10,8,0,0
10,10,0,0
10,12,0.000863378384774815,0
10,14,0.00357633606104993,0
10,16,0.0103280016069745,0
10,18,0.0207938590915919,0
10,20,0.0291873537202511,0.001
10,22,0.0285624311687353,0
10,24,0.0194866168093314,0
10,26,0.00926869399654323,0
10,28,0.00307355839130387,0
10,30,0.00073427582026555,0
10,32,0.000131059635453218,0
10,34,0.000505096397235536,0
10,36,0.00135712674970502,0
10,38,0.00256068143453956,0
10,40,0.00342986653163842,0
10,42,0.00347794872822049,0
10,44,0.00323325175797682,0
10,46,0.0034957042924995,0
10,48,0.0039768719898172,0
10,50,0.00369171048360163,0
10,52,0.00248866243306566,0
10,54,0.00117969834681027,0
10,56,0.000391195539997142,0
10,58,0.0000904393939823013,0
10,60,0.0000145768007400292,0
10,62,0,0
10,64,0,0
10,66,0,0
10,68,0,0
10,70,0,0
10,72,0,0
10,74,0,0
10,76,0,0
10,78,0,0
10,80,0,0
12,0,0,0
12,2,0,0
12,4,0,0
12,6,0,0
12,8,0,0
12,10,0.000665896244365329,0
12,12,0.00395642457572793,0
12,14,0.0163885315320818,0.001
12,16,0.0473279851529395,0.002
12,18,0.0952876937678432,0.003
12,20,0.133750816091353,0.003
12,22,0.130887113473422,0.003
12,24,0.0892972664150492,0.002
12,26,0.04247371646024,0.001
12,28,0.0140905769056738,0
12,30,0.00330390249044077,0
12,32,0.000263868625888795,0
12,34,0.00101693470929496,0
12,36,0.00273236812664121,0
12,38,0.00517095158308433,0
12,40,0.0069970685974864,0
12,42,0.0073815624427915,0
12,44,0.00760486296617365,0
12,46,0.00924309243880989,0
12,48,0.0111019139409889,0
12,50,0.0104615165718051,0
12,52,0.00707694426401703,0
12,54,0.00335801459062909,0
12,56,0.0011135391811401,0
12,58,0.000257435983852459,0
12,60,0.0000414929034206605,0
12,62,0,0
12,64,0,0
12,66,0,0
12,68,0,0
12,70,0,0
12,72,0,0
12,74,0,0
12,76,0,0
12,78,0,0
12,80,0,0
14,0,0,0
14,2,0,0
14,4,0,0
14,6,0,0
14,8,0,0
14,10,0.00212739977787345,0
14,12,0.0126399522970712,0
14,14,0.0523579441032183,0.002
14,16,0.151203052958386,0.006
14,18,0.304424330773921,0.012
14,20,0.427305993765341,0.015
14,22,0.418157060482069,0.012
14,24,0.28528616333787,0.006
14,26,0.135694675751018,0.003
14,28,0.0450056750587796,0.001
14,30,0.0104697828355945,0
14,32,0.00204707481535872,0
14,34,0.00142742301656717,0
14,36,0.00384755484265143,0
14,38,0.00728879933079493,0
14,40,0.0100031436414451,0
14,42,0.0111137573273005,0
14,44,0.0128480218902848,0
14,46,0.0173499739012013,0
14,48,0.0217254500743077,0
14,50,0.0206950452466935,0
14,52,0.0140343568930578,0
14,54,0.00666400035689891,0
14,56,0.00220982527033879,0
14,58,0.000510883274021159,0
14,60,0.0000823429189306328,0
14,62,0,0
14,64,0,0
14,66,0,0
14,68,0,0
14,70,0,0
14,72,0,0
14,74,0,0
14,76,0,0
14,78,0,0
14,80,0,0
16,0,0,0
16,2,0,0
16,4,0,0
16,6,0,0
16,8,0,0
16,10,0.00473840827914529,0
16,12,0.0281532673056464,0.001
16,14,0.116618098017153,0.004
16,16,0.336778167141785,0.013
16,18,0.678051574657174,0.024
16,20,0.95174883425533,0.03
16,22,0.931371196885197,0.023
16,24,0.635424677742998,0.012
16,26,0.302235988600733,0.005
16,28,0.100231661901249,0.002
16,30,0.0232359303145342,0.001
16,32,0.00409699241415152,0
16,34,0.00139686084768556,0
16,36,0.00377014035869696,0
16,38,0.00717504942561635,0
16,40,0.010040345767471,0
16,42,0.0119170709692118,0
16,44,0.0155799832845959,0
16,46,0.0230327295352472,0
16,48,0.0297583295593731,0
16,50,0.0285680372702024,0
16,52,0.0194074924830315,0
16,54,0.00921994370423412,0
16,56,0.00305739248162328,0
16,58,0.000706829948025669,0
16,60,0.000113925125498649,0
16,62,0.0000128016194851813,0
16,64,0,0
16,66,0,0
16,68,0,0
16,70,0,0
16,72,0,0
16,74,0,0
16,76,0,0
16,78,0,0
16,80,0,0
18,0,0,0
18,2,0,0
18,4,0,0
18,6,0,0
18,8,0.000863378384774818,0
18,10,0.00735794728674411,0
18,12,0.0437172663436946,0.002
18,14,0.181088198259976,0.008
18,16,0.522959579498821,0.018
18,18,1.05289950762142,0.029
18,20,1.47790509810903,0.033
18,22,1.44626207100693,0.027
18,24,0.986707140477286,0.016
18,26,0.469321413705263,0.007
18,28,0.155635633235147,0.003
18,30,0.0360243916463599,0.001
18,32,0.0060463936668562,0
18,34,0.00160464225166712,0
18,36,0.00257695340164323,0
18,38,0.00493596153080039,0
18,40,0.00709246073725858,0
18,42,0.00913475513918329,0
18,44,0.0135298975048286,0
18,46,0.0215537318833939,0
18,48,0.0284994722623806,0
18,50,0.0275118967368767,0
18,52,0.0187133017329253,0
18,54,0.00889328789914295,0
18,56,0.002949071321039,0
18,58,0.000681787484303375,0
18,60,0.000109888842329937,0
18,62,0.000453141923941533,0
18,64,0.000401332330788971,0
18,66,0,0
18,68,0,0
18,70,0.000867695645727029,0
18,72,0.00185076673883895,0
18,74,0.00275217964588164,0
18,76,0.00285326885700092,0
18,78,0.00206228858779807,0
18,80,0.00103919489751294,0
20,0,0,0
20,2,0,0
20,4,0,0
20,6,0,0
20,8,0.000934686973671789,0
20,10,0.00796565863028541,0
20,12,0.0473279851529395,0.003
20,14,0.196044727299305,0.008
20,16,0.566152124415197,0.016
20,18,1.13986112197592,0.024
20,20,1.59996899144739,0.028
20,22,1.56571248727559,0.025
20,24,1.06820176100841,0.016
20,26,0.508083847813667,0.008
20,28,0.168483863478077,0.003
20,30,0.0389725862054175,0.001
20,32,0.00639569425757335,0
20,34,0.00115874981100925,0
20,36,0.0012289328349793,0
20,38,0.00237520428862236,0
20,40,0.00353654196927735,0
20,42,0.00502030804399731,0
20,44,0.00838593025327513,0
20,46,0.0141789691922789,0
20,48,0.0190678390368561,0
20,50,0.0184800836339102,0
20,52,0.0125810536476171,0
20,54,0.00598049675546526,0
20,56,0.00258864524233836,0
20,58,0.00208531213935964,0
20,60,0.00312129201637232,0
20,62,0.00397975650649075,0
20,64,0.00362347372033206,0
20,66,0.0023000355845516,0
20,68,0.00312526220293559,0
20,70,0.00644751605216643,0
20,72,0.0137523431358025,0
20,74,0.0204503993222181,0.001
20,76,0.0212015547701013,0.001
20,78,0.015324081478923,0.001
20,80,0.00772186171042744,0.001
22,0,0,0
22,2,0,0
22,4,0,0
22,6,0,0
22,8,0.000705459414387782,0
22,10,0.00601211852825861,0
22,12,0.0357210206524932,0.001
22,14,0.147965685208045,0.005
22,16,0.427305993765342,0.01
22,18,0.860315573280789,0.015
22,20,1.20758416404488,0.018
22,22,1.18172890549016,0.016
22,24,0.806230331646417,0.012
22,26,0.38347868734114,0.007
22,28,0.127163992877867,0.003
22,30,0.0294057405259718,0.001
22,32,0.00477741093015537,0
22,34,0.000150314003542784,0
22,36,0.000403873708424098,0
22,38,0.000800499274066851,0
22,40,0.00124918513137381,0
22,42,0.00198142179338917,0
22,44,0.0036952887202296,0
22,46,0.0065429640618165,0
22,48,0.00890732027385485,0
22,50,0.00865708500789253,0
22,52,0.0058948246660972,0
22,54,0.00379273781278027,0
22,56,0.00474093274600334,0
22,58,0.0104550355960436,0
22,60,0.0192164959411394,0
22,62,0.0250506093730468,0
22,64,0.0228079845069662,0.001
22,66,0.0169653738662413,0.001
22,68,0.0173241698607883,0.001
22,70,0.0353775938881838,0.001
22,72,0.0716682325770078,0.001
22,74,0.105941869255247,0.002
22,76,0.109833177732708,0.003
22,78,0.0793853367319345,0.004
22,80,0.0400025667393409,0.005
24,0,0,0
24,2,0,0
24,4,0,0
24,6,0,0
24,8,0,0
24,10,0.00316354635322086,0
24,12,0.0187962203485123,0.001
24,14,0.0778587949724471,0.002
24,16,0.224846252104299,0.004
24,18,0.452693702174876,0.007
24,20,0.635424677742999,0.008
24,22,0.621819771497738,0.007
24,24,0.424234321653473,0.005
24,26,0.201784545193818,0.003
24,28,0.0669130497076715,0.002
24,30,0.015469439311894,0.001
24,32,0.00250234337698381,0
24,34,0.000034750670694155,0
24,36,0.0000933704239969781,0
24,38,0.000189270596666131,0
24,40,0.000313782142297438,0
24,42,0.000561580070991677,0
24,44,0.00115320033128332,0
24,46,0.00211443292554314,0
24,48,0.00290395323206857,0
24,50,0.00282801651043181,0
24,52,0.00271179639131198,0
24,54,0.00525610162172921,0
24,56,0.0170286660258744,0
24,58,0.0450074736155546,0.001
24,60,0.0841882619320629,0.001
24,62,0.109931185911993,0.002
24,64,0.101517169688179,0.002
24,66,0.0725179584181998,0.002
24,68,0.0675452414947356,0.002
24,70,0.129307085864002,0.002
24,72,0.259171409403654,0.004
24,74,0.382625839135369,0.007
24,76,0.39667991597949,0.009
24,78,0.286712716092613,0.011
24,80,0.144475605101246,0.014
26,0,0,0
26,2,0,0
26,4,0,0
26,6,0,0
26,8,0,0
26,10,0.00116054422618474,0
26,12,0.00689537707495668,0
26,14,0.0285624311687353,0.001
26,16,0.0824846518822935,0.001
26,18,0.166070290626327,0.002
26,20,0.23310498996771,0.003
26,22,0.228114041953104,0.002
26,24,0.155629991652587,0.002
26,26,0.0740244847746818,0.001
26,28,0.0245469940453339,0.001
26,30,0.00567495034724418,0
26,32,0.00091467464319284,0
26,34,0.00000560102826861271,0
26,36,0.0000150492170025194,0
26,38,0.000028190376057489,0
26,40,0.0000562684597755553,0
26,42,0.000114099376983989,0
26,44,0.000253981266534452,0
26,46,0.00215469278351339,0
26,48,0.00362241532594445,0
26,50,0.00429828140992761,0
26,52,0.00598177431478786,0
26,54,0.0153677066716506,0
26,56,0.0512378430153725,0.001
26,58,0.137499200471711,0.002
26,60,0.257535181928218,0.003
26,62,0.336329031052051,0.005
26,64,0.30981380919067,0.006
26,66,0.216999738818689,0.004
26,68,0.185300308767131,0.004
26,70,0.330286249354378,0.005
26,72,0.653591575398742,0.01
26,74,0.964289618075159,0.015
26,76,0.998821083486213,0.02
26,78,0.721928926070725,0.025
26,80,0.363782673665824,0.029
28,0,0,0
28,2,0,0
28,4,0,0
28,6,0,0
28,8,0,0
28,10,0,0
28,12,0.00176354415749858,0
28,14,0.00730505497582161,0
28,16,0.021096065426014,0
28,18,0.0424737164602401,0.001
28,20,0.0596183411976643,0.001
28,22,0.0583418689879711,0.001
28,24,0.0398035320660397,0
28,26,0.0189323145372804,0
28,28,0.00627807695826019,0
28,30,0.00145141091200439,0
28,32,0,0
28,34,0,0
28,36,0,0
28,38,0,0
28,40,0.00000413689080280203,0
28,42,0.00137678799524143,0
28,44,0.0049851888757368,0
28,46,0.0126240248028196,0
28,48,0.02229416124298,0
28,50,0.0281018658760709,0.001
28,52,0.0287007261607472,0.001
28,54,0.0426659131486185,0.001
28,56,0.115262262409696,0.001
28,58,0.294960645139362,0.003
28,60,0.549314210738278,0.007
28,62,0.71737894161669,0.011
28,64,0.659465947873331,0.012
28,66,0.454312508657521,0.009
28,68,0.357758928615573,0.007
28,70,0.589819733810524,0.01
28,72,1.14950196416585,0.017
28,74,1.69308478875395,0.026
28,76,1.7533798621314,0.035
28,78,1.26730969318794,0.043
28,80,0.638602072727249,0.048
30,0,0,0
30,2,0,0
30,4,0,0
30,6,0,0
30,8,0,0
30,10,0,0
30,12,0,0
30,14,0.00130254468565611,0
30,16,0.00376158263009069,0
30,18,0.00757337403188098,0
30,20,0.0106303859110816,0
30,22,0.010402781587962,0
30,24,0.00709726064137273,0
30,26,0.00337577003449328,0
30,28,0.00111942700023311,0
30,30,0,0
30,32,0,0
30,34,0.000420412699464532,0
30,36,0.000936395235404158,0
30,38,0.00145406355378582,0
30,40,0.00325485041190934,0
30,42,0.00876220571417902,0
30,44,0.0269387446510684,0
30,46,0.0658401102840789,0.001
30,48,0.116036144764738,0.002
30,50,0.144404769876257,0.003
30,52,0.13171878206293,0.003
30,54,0.117654071749525,0.002
30,56,0.195030193454706,0.003
30,58,0.446419834778334,0.006
30,60,0.819350715973664,0.012
30,62,1.06786076696126,0.018
30,64,0.978997131674284,0.021
30,66,0.665131851804168,0.016
30,68,0.48613405372499,0.011
30,70,0.736751099857143,0.014
30,72,1.41002567910805,0.023
30,74,2.07256689606847,0.036
30,76,2.14587861808811,0.047
30,78,1.55100034615545,0.056
30,80,0.781554848968293,0.064
32,0,0,0
32,2,0,0
32,4,0,0
32,6,0,0
32,8,0,0
32,10,0,0
32,12,0,0
32,14,0,0
32,16,0,0
32,18,0.000941454582429053,0
32,20,0.00132147514263089,0
32,22,0.001293181395078,0
32,24,0.00307718313520899,0
32,26,0.00366331010363421,0
32,28,0.0042625603155949,0
32,30,0.00396062255512178,0
32,32,0.0041647705272325,0
32,34,0.00525335355004295,0
32,36,0.0108185223103227,0
32,38,0.0150310113860962,0
32,40,0.0210031962490067,0
32,42,0.0386586709646457,0.001
32,44,0.102366873409217,0.002
32,46,0.243156034648131,0.004
32,48,0.42462453844624,0.006
32,50,0.525148961567965,0.008
32,52,0.46310572332733,0.008
32,54,0.323810609009476,0.005
32,56,0.29263929890085,0.004
32,58,0.493403394759363,0.007
32,60,0.857705149654011,0.014
32,62,1.10738738826828,0.022
32,64,1.01387403808837,0.026
32,66,0.680643805854042,0.021
32,68,0.464851381709813,0.014
32,70,0.644069590272283,0.015
32,72,1.20640920833853,0.024
32,74,1.76889012819449,0.036
32,76,1.83094422702823,0.046
32,78,1.32337174431714,0.056
32,80,0.666851949016282,0.064
34,0,0,0
34,2,0,0
34,4,0,0
34,6,0,0
34,8,0,0
34,10,0,0
34,12,0,0
34,14,0,0
34,16,0,0
34,18,0,0
34,20,0.00213247977555922,0
34,22,0.00732249864708526,0
34,24,0.0175297008200491,0
34,26,0.0292570499244601,0
34,28,0.0349066322170091,0
34,30,0.0317797780983338,0
34,32,0.0304661657420202,0
34,34,0.0409016963644104,0.001
34,36,0.0627754528099281,0.001
34,38,0.0839087055179517,0.001
34,40,0.0987125136594471,0.002
34,42,0.137222287805235,0.002
34,44,0.286708713651781,0.004
34,46,0.630959446275026,0.007
34,48,1.08566285029612,0.012
34,50,1.34021027845453,0.015
34,52,1.17732347245352,0.014
34,54,0.765357404361536,0.01
34,56,0.460183534956636,0.006
34,58,0.447541976185902,0.007
34,60,0.647320474078354,0.011
34,62,0.807954421801397,0.018
34,64,0.733182235242969,0.022
34,66,0.48688949739451,0.02
34,68,0.312703943357005,0.013
34,70,0.394291717100025,0.012
34,72,0.720039334073864,0.017
34,74,1.05259244185535,0.023
34,76,1.08914550405394,0.03
34,78,0.787213703311135,0.037
34,80,0.396679915979491,0.043
36,0,0,0
36,2,0,0
36,4,0,0
36,6,0,0
36,8,0,0
36,10,0,0
36,12,0,0
36,14,0.00000105250534959055,0
36,16,0.00000127885193962273,0
36,18,0.0024118159192791,0
36,20,0.0118736049377172,0
36,22,0.0407715266934518,0
36,24,0.0976050251914146,0.001
36,26,0.163623806466379,0.002
36,28,0.193892023109568,0.002
36,30,0.17516901739855,0.002
36,32,0.152607499050754,0.002
36,34,0.182892365049335,0.002
36,36,0.262072017597811,0.004
36,38,0.333475608868169,0.005
36,40,0.357633962663065,0.006
36,42,0.392016730053692,0.005
36,44,0.608782326564493,0.007
36,46,1.17554675000918,0.012
36,48,1.95191074544062,0.017
36,50,2.40066782891529,0.02
36,52,2.1259579699413,0.019
36,54,1.38465098051559,0.014
36,56,0.730146551530894,0.009
36,58,0.426818728243713,0.006
36,60,0.394175805316154,0.007
36,62,0.425878148689516,0.009
36,64,0.372797787568118,0.012
36,66,0.243749267209537,0.012
36,68,0.147917322007312,0.006
36,70,0.16914496963732,0.005
36,72,0.299822435184927,0.006
36,74,0.43672191951275,0.008
36,76,0.451699181457893,0.01
36,78,0.326470735749683,0.013
36,80,0.164509819229813,0.015
38,0,0,0
38,2,0,0
38,4,0,0
38,6,0,0
38,8,0,0
38,10,0.00000213440237386949,0
38,12,0.00000533569013244405,0
38,14,0.00000929920303398126,0
38,16,0.00198089403010042,0
38,18,0.0136917505039659,0
38,20,0.0527155603036866,0.001
38,22,0.165333555932004,0.002
38,24,0.384141845878848,0.004
38,26,0.6373429413667,0.006
38,28,0.75230445501316,0.007
38,30,0.665876600066354,0.007
38,32,0.547144599433665,0.006
38,34,0.599028908490413,0.007
38,36,0.807434393770996,0.01
38,38,0.980446366024796,0.014
38,40,0.984914409882662,0.014
38,42,0.91350191924158,0.012
38,44,1.03844182100733,0.012
38,46,1.61252220797468,0.016
38,48,2.49430582949569,0.02
38,50,3.03324224920981,0.021
38,52,2.72885594591893,0.019
38,54,1.84352814646004,0.015
38,56,0.994748840673768,0.01
38,58,0.483941494010579,0.007
38,60,0.263715431245461,0.005
38,62,0.18666144294798,0.004
38,64,0.138218645310206,0.005
38,66,0.0862741574215987,0.004
38,68,0.0491873003021551,0.002
38,70,0.0509220171681318,0.001
38,72,0.0871937825728299,0.001
38,74,0.126081403634365,0.002
38,76,0.13070434567736,0.002
38,78,0.0944651714120695,0.003
38,80,0.0475987967012162,0.003
40,0,0,0
40,2,0,0
40,4,0,0
40,6,0,0
40,8,0.00000366661286593751,0
40,10,0.0000131473594923546,0
40,12,0.0000328664534718797,0
40,14,0.00444420655718623,0
40,16,0.0174690166296777,0
40,18,0.0557136507381191,0.001
40,20,0.171193949691961,0.002
40,22,0.477875437771984,0.005
40,24,1.06288520574505,0.01
40,26,1.73679719621111,0.016
40,28,2.03634821839309,0.019
40,30,1.77725550111173,0.017
40,32,1.39975887129003,0.013
40,34,1.43227037351397,0.014
40,36,1.8400379610956,0.019
40,38,2.14873859359908,0.023
40,40,2.04967476565672,0.023
40,42,1.69527737358815,0.02
40,44,1.48038138628803,0.017
40,46,1.71121265069171,0.018
40,48,2.30809872508714,0.019
40,50,2.7283385969653,0.019
40,52,2.51025555516254,0.017
40,54,1.80382266452478,0.014
40,56,1.06157984343443,0.011
40,58,0.532316076455315,0.007
40,60,0.23338371169815,0.004
40,62,0.0981328618792643,0.003
40,64,0.0454020134332306,0.002
40,66,0.0223161987962527,0.001
40,68,0.0118274729531138,0
40,70,0.0109922660751524,0
40,72,0.0181636831971036,0
40,74,0.0260837675770272,0
40,76,0.0269919238085997,0
40,78,0.0194756830338445,0
40,80,0.00979813181600813,0.001
42,0,0,0
42,2,0,0
42,4,0,0
42,6,0.00000306150850620498,0
42,8,0.000015745923086632,0
42,10,0.000056460095169056,0
42,12,0.00489039501336871,0
42,14,0.021697634751963,0
42,16,0.0746145295814867,0.001
42,18,0.196342020517131,0.002
42,20,0.462495563148306,0.005
42,22,1.05043726969826,0.011
42,24,2.11586942943559,0.021
42,26,3.33284395423695,0.03
42,28,3.85401513668931,0.034
42,30,3.32457745763945,0.029
42,32,2.54426610015624,0.023
42,34,2.48667951780722,0.022
42,36,3.09404048766114,0.027
42,38,3.50968709695546,0.03
42,40,3.20347590257453,0.029
42,42,2.43792899637445,0.024
42,44,1.7591630870589,0.019
42,46,1.48844665024331,0.015
42,48,1.60431191315197,0.014
42,50,1.77600321656271,0.013
42,52,1.67861371657924,0.012
42,54,1.3100321673721,0.01
42,56,0.8600570937993,0.009
42,58,0.46927753895136,0.007
42,60,0.203938737316979,0.004
42,62,0.069340696899632,0.002
42,64,0.0196557083794343,0.001
42,66,0.00584376876655991,0
42,68,0.00215936146801173,0
42,70,0.00267394790967934,0
42,72,0.00454675834190609,0
42,74,0.00653901547405095,0
42,76,0.0065648369613928,0
42,78,0.00460078793304592,0
42,80,0.00225077149708477,0
44,0,0,0
44,2,0,0
44,4,0.00000124247463807851,0
44,6,0.00000916598965958206,0
44,8,0.0000471424357959893,0
44,10,0.00266807141795551,0
44,12,0.0166133041936063,0
44,14,0.0738675292818612,0.001
44,16,0.24008366127741,0.003
44,18,0.569200217835021,0.006
44,20,1.08387686073655,0.012
44,22,1.88899536324416,0.02
44,24,3.16029701609537,0.03
44,26,4.57826812410856,0.041
44,28,5.13221047075009,0.045
44,30,4.36145115896287,0.04
44,32,3.27244057553968,0.031
44,34,3.11653127758802,0.029
44,36,3.81644057649731,0.033
44,38,4.25025102975219,0.036
44,40,3.74529097015508,0.032
44,42,2.66626020351378,0.024
44,44,1.68246831974318,0.016
44,46,1.09619467660512,0.01
44,48,0.883052218299725,0.007
44,50,0.859801226801906,0.006
44,52,0.830147092678751,0.006
44,54,0.712948802432273,0.006
44,56,0.521320798042706,0.006
44,58,0.307248871645763,0.004
44,60,0.137994519762647,0.002
44,62,0.0454177998083973,0.001
44,64,0.0109157297204257,0
44,66,0.0023581515671046,0
44,68,0.00113798257143447,0
44,70,0.00323927052122347,0
44,72,0.00642835202972756,0
44,74,0.00889391366309411,0
44,76,0.00857880886189069,0
44,78,0.00576901806689945,0
44,80,0.00270469084608118,0
46,0,0,0
46,2,0,0
46,4,0.00000259341638198822,0
46,6,0.0000191321633551064,0
46,8,0.0000984003709477898,0
46,10,0.00629239016658736,0
46,12,0.0393632258890176,0
46,14,0.175350885298784,0.002
46,16,0.557370823879967,0.005
46,18,1.26087310345436,0.012
46,20,2.12407129389549,0.021
46,22,2.93788735623894,0.027
46,24,3.79478660564813,0.034
46,26,4.66271494316468,0.042
46,28,4.87048975172845,0.046
46,30,4.02707351525986,0.042
46,32,2.97499069786621,0.033
46,34,2.80687038036835,0.031
46,36,3.42923041504958,0.035
46,38,3.78898711139173,0.037
46,40,3.25477446839682,0.031
46,42,2.19451457039306,0.02
46,44,1.25153798699805,0.011
46,46,0.673104337470394,0.006
46,48,0.404482539740614,0.003
46,50,0.321218689202961,0.002
46,52,0.308816484685747,0.002
46,54,0.290960069248411,0.002
46,56,0.233134016451843,0.002
46,58,0.145626017286791,0.002
46,60,0.0671247123061101,0.001
46,62,0.0218250250810823,0
46,64,0.00521556215631302,0
46,66,0.00141837255668461,0
46,68,0.00237531016950121,0
46,70,0.00676132693414513,0
46,72,0.0134178943796109,0
46,74,0.0185642593313036,0
46,76,0.0179065413156282,0
46,78,0.0120416670925541,0
46,80,0.00564549917838827,0
48,0,0,0
48,2,0,0
48,4,0.00000377396433837995,0
48,6,0.0000278413072114847,0
48,8,0.00014319316150676,0
48,10,0.0103552996494144,0
48,12,0.0650469290614518,0.001
48,14,0.290246441439399,0.002
48,16,0.914883906342375,0.007
48,18,2.03028849917128,0.016
48,20,3.23047881725962,0.027
48,22,3.87590830271041,0.032
48,24,3.91264650365863,0.033
48,26,3.75344415357729,0.034
48,28,3.39541478458932,0.035
48,30,2.64843020311655,0.032
48,32,1.92042400209982,0.026
48,34,1.81585976908883,0.024
48,36,2.23685355490492,0.027
48,38,2.47439000736933,0.028
48,40,2.0954768209707,0.022
48,42,1.35855593847442,0.014
48,44,0.715462195931276,0.007
48,46,0.333802335754758,0.003
48,48,0.156972737802672,0.001
48,50,0.0961844094091606,0.001
48,52,0.0872373790018576,0.001
48,54,0.088340286914296,0.001
48,56,0.0755581776155263,0.001
48,58,0.0491503690899105,0.001
48,60,0.0226144111920061,0
48,62,0.00762528034132128,0
48,64,0.00192901026222403,0
48,66,0.00113838731933793,0
48,68,0.00345657409066584,0
48,70,0.00983914766129039,0
48,72,0.0195258483120934,0
48,74,0.0270148878411363,0
48,76,0.0260577702902838,0
48,78,0.0175231491933056,0
48,80,0.00821538443250546,0
50,0,0,0
50,2,0,0
50,4,0.00000382881302827044,0
50,6,0.0000282459372207985,0
50,8,0.000145274250941033,0
50,10,0.0118903872073259,0
50,12,0.0749627617573723,0.001
50,14,0.334982990473116,0.002
50,16,1.05280614042401,0.007
50,18,2.31895292592775,0.016
50,20,3.60292918670074,0.027
50,22,4.03590192829548,0.031
50,24,3.46350597815516,0.028
50,26,2.57388211602009,0.023
50,28,1.86055517872533,0.019
50,30,1.30487305382748,0.016
50,32,0.927123100936784,0.012
50,34,0.879141498998739,0.011
50,36,1.08104579532906,0.013
50,38,1.1977861441149,0.014
50,40,1.01195838649008,0.011
50,42,0.644999684874529,0.007
50,44,0.32077809581627,0.003
50,46,0.134471147495883,0.001
50,48,0.0515720647398238,0.001
50,50,0.0236628595507613,0
50,52,0.0188043667407359,0
50,54,0.0196869035063074,0
50,56,0.0175750398324056,0
50,58,0.0113954859955291,0
50,60,0.00549896958865042,0
50,62,0.00186745435142746,0
50,64,0.000580571002145972,0
50,66,0.000858897728374206,0
50,68,0.00350681000796224,0
50,70,0.00998214433811975,0
50,72,0.0198096260860452,0
50,74,0.0274075071328863,0
50,76,0.0264364793701112,0
50,78,0.0177778208567959,0
50,80,0.00833478224145854,0
52,0,0,0
52,2,0,0
52,4,0.00000270814149029272,0
52,6,0.0000199785139559039,0
52,8,0.00010275331376584,0
52,10,0.00952526930996483,0
52,12,0.0602462963369845,0
52,14,0.269568275400983,0.002
52,16,0.845772894467413,0.005
52,18,1.85929933668722,0.012
52,20,2.86159525052142,0.02
52,22,3.1151053972384,0.023
52,24,2.4709158671212,0.019
52,26,1.55767446484416,0.013
52,28,0.937215306812541,0.009
52,30,0.638226518972626,0.007
52,32,0.499053420362777,0.006
52,34,0.451164241021152,0.005
52,36,0.467507232278122,0.005
52,38,0.47161066590991,0.005
52,40,0.391266731484088,0.004
52,42,0.250404664322108,0.003
52,44,0.122561976659597,0.002
52,46,0.047427283395738,0.001
52,48,0.0149024279425021,0
52,50,0.00425086056242814,0
52,52,0.00268712842912297,0
52,54,0.00281122270681792,0
52,56,0.00279101434439199,0
52,58,0.00193183357540907,0
52,60,0.00093221948459909,0
52,62,0.00121116041655749,0
52,64,0.00121077669049714,0
52,66,0.00157274063835027,0
52,68,0.00306712521517445,0
52,70,0.00706042813909984,0
52,72,0.0140114625380487,0
52,74,0.019385487529432,0
52,76,0.0186986740044097,0
52,78,0.0125743550060548,0
52,80,0.00589523944731379,0
54,0,0,0
54,2,0,0
54,4,0.00000133542458576533,0
54,6,0.00000985170044453108,0
54,8,0.0000506691773541453,0
54,10,0.00532319014350947,0
54,12,0.0337649685016867,0
54,14,0.151251273716191,0.001
54,16,0.474763253436673,0.003
54,18,1.04100646623887,0.007
54,20,1.59906351018058,0.012
54,22,1.72509975200207,0.013
54,24,1.34462281911909,0.011
54,26,0.853532584713221,0.007
54,28,0.620078766088385,0.006
54,30,0.628935484484635,0.006
54,32,0.644965532151979,0.007
54,34,0.535844620171196,0.005
54,36,0.365323008417922,0.004
54,38,0.232030654140112,0.002
54,40,0.150720846689006,0.002
54,42,0.0906627056929427,0.001
54,44,0.0445503695334222,0.001
54,46,0.0166147964521776,0
54,48,0.00402808147097871,0
54,50,0.000957546688393151,0
54,52,0.000311451570624036,0
54,54,0.000332256078549465,0
54,56,0.000329867668966239,0
54,58,0.00180480951465068,0
54,60,0.00405637061303878,0
54,62,0.00727654955824459,0
54,64,0.00969358625769984,0
54,66,0.00949514290233085,0
54,68,0.00809104077060107,0
54,70,0.00783716493400904,0
54,72,0.00933500240995936,0
54,74,0.0105603133543256,0
54,76,0.00922059245287096,0
54,78,0.00620060025867109,0
54,80,0.00290702968258335,0
56,0,0,0
56,2,0,0
56,4,0,0
56,6,0.00000338688179353968,0
56,8,0.0000174193800593737,0
56,10,0.00207514871159574,0
56,12,0.013195944598286,0
56,14,0.0591709177849958,0
56,16,0.185804438399924,0.001
56,18,0.407472380346659,0.003
56,20,0.625368846943534,0.005
56,22,0.681796379462407,0.006
56,24,0.569761182139533,0.005
56,26,0.502146385737914,0.005
56,28,0.666725488158499,0.007
56,30,0.970227073443652,0.011
56,32,1.10321445143051,0.013
56,34,0.897784682949968,0.01
56,36,0.523484323073759,0.006
56,38,0.231585468429244,0.003
56,40,0.0906097091529033,0.001
56,42,0.0383947675844305,0
56,44,0.0170430324078597,0
56,46,0.00539522722586529,0
56,48,0.00160343599692941,0
56,50,0.000337740571674737,0
56,52,0.0000363683926420787,0
56,54,0,0
56,56,0.00244801899035851,0
56,58,0.00903485104022986,0
56,60,0.0232470599509822,0
56,62,0.0428583276187593,0
56,64,0.0560291840295944,0.001
56,66,0.0545490984331294,0.001
56,68,0.0426121984059608,0.001
56,70,0.0293597696165427,0
56,72,0.0188001745156582,0
56,74,0.0111225251797976,0
56,76,0.00589867475469427,0
56,78,0.00286045642134646,0
56,80,0.00099939761269199,0
58,0,0,0
58,2,0,0
58,4,0,0
58,6,0,0
58,8,0.00000417505653870338,0
58,10,0.0000149704839922346,0
58,12,0.00359617806959517,0
58,14,0.0161395703194202,0
58,16,0.0506977777856218,0
58,18,0.111195903580497,0.001
58,20,0.172729342227857,0.002
58,22,0.199869634946429,0.002
58,24,0.22541491443836,0.003
58,26,0.380388525355633,0.005
58,28,0.768299325953232,0.011
58,30,1.2464954721722,0.019
58,32,1.44338276371907,0.021
58,34,1.17240336295508,0.016
58,36,0.668412891983074,0.009
58,38,0.27230843323328,0.003
58,40,0.0863000782341411,0.001
58,42,0.026726667846591,0
58,44,0.0109487430230579,0
58,46,0.0045917040642551,0
58,48,0.00165675977656215,0
58,50,0.000426534508438378,0
58,52,0.0000662463405305886,0
58,54,0.00184765391194475,0
58,56,0.00978106207577853,0
58,58,0.0360987554499971,0.001
58,60,0.0940825471628728,0.001
58,62,0.17235697818546,0.002
58,64,0.227519142160307,0.003
58,66,0.226227393381446,0.003
58,68,0.182725413917252,0.002
58,70,0.128692142678935,0.002
58,72,0.0787110564554831,0.001
58,74,0.0389744161982649,0.001
58,76,0.0142970592840559,0
58,78,0.00412634456702683,0
58,80,0.000912708922672663,0
60,0,0,0
60,2,0,0
60,4,0,0
60,6,0,0
60,8,0,0
60,10,0.00000250153355239936,0
60,12,0.00000625346375871819,0
60,14,0.00306934688770919,0
60,16,0.00964437379335637,0
60,18,0.021155566056716,0
60,20,0.0347692261477084,0
60,22,0.0514876940399556,0.001
60,24,0.109178781792826,0.002
60,26,0.300003161613221,0.005
60,28,0.69111141867538,0.013
60,30,1.14545705069072,0.021
60,32,1.33313897671448,0.023
60,34,1.08277284890006,0.017
60,36,0.61665010359853,0.009
60,38,0.253060071050192,0.003
60,40,0.0857971867725897,0.001
60,42,0.0351365585561278,0
60,44,0.0198065031307788,0
60,46,0.0102468630210757,0
60,48,0.00405825817391712,0
60,50,0.00110434166852032,0
60,52,0.000892529391549626,0
60,54,0.00517585114215659,0
60,56,0.0272457064206664,0.001
60,58,0.101159272022415,0.002
60,60,0.26287928151643,0.004
60,62,0.483971758025561,0.007
60,64,0.646650185237179,0.009
60,66,0.660063680988257,0.009
60,68,0.557314092862681,0.008
60,70,0.412653697302294,0.006
60,72,0.261052615510917,0.005
60,74,0.13028919538338,0.003
60,76,0.0480872865852474,0.002
60,78,0.0125898915692454,0.001
60,80,0.00236830564037181,0
62,0,0,0
62,2,0,0
62,4,0,0
62,6,0,0
62,8,0,0
62,10,0,0
62,12,0,0
62,14,0.00000126965896340553,0
62,16,0.00000154270553460105,0
62,18,0.0028061134392525,0
62,20,0.00583814489024942,0
62,22,0.0154969604673321,0
62,24,0.0571725280286695,0.001
62,26,0.186383973505954,0.003
62,28,0.441962544969013,0.008
62,30,0.737713167852104,0.012
62,32,0.858859000248746,0.013
62,34,0.699123024447451,0.009
62,36,0.403673181879314,0.005
62,38,0.179195065542862,0.002
62,40,0.0830853700879813,0.001
62,42,0.0557806684569195,0.001
62,44,0.0402129584949283,0
62,46,0.0224235796577272,0
62,48,0.00894801441582169,0
62,50,0.00249547483665636,0
62,52,0.00180151826677412,0
62,54,0.0100608338175954,0
62,56,0.0529116073819347,0.001
62,58,0.196736458797926,0.003
62,60,0.513030489676771,0.007
62,62,0.950304951631753,0.012
62,64,1.28838615231691,0.016
62,66,1.35554658641226,0.016
62,68,1.20039099350665,0.014
62,70,0.93417014232284,0.012
62,72,0.611177337319487,0.01
62,74,0.3101387939445,0.007
62,76,0.115126067705656,0.004
62,78,0.0301618917839629,0.002
62,80,0.00561414456997119,0.001
64,0,0,0
64,2,0.00216813044762717,0
64,4,0.00338208908233081,0
64,6,0.00329350767261991,0
64,8,0.00407931515434813,0
64,10,0.00357504604019515,0
64,12,0.00254343238206407,0
64,14,0.00111707352418961,0
64,16,0.000592441992489612,0
64,18,0.0000543972715791918,0
64,20,0.000693723218097856,0
64,22,0.0049009351909614,0
64,24,0.0241386242163004,0
64,26,0.0828870900405174,0.001
64,28,0.19842760788124,0.003
64,30,0.331298644148413,0.004
64,32,0.386232687730611,0.005
64,34,0.317015049746695,0.003
64,36,0.192166952596779,0.002
64,38,0.10704261665721,0.001
64,40,0.0824079116333359,0.001
64,42,0.0782971184977196,0.001
64,44,0.0614167272966661,0.001
64,46,0.035239646301553,0
64,48,0.014096692808865,0
64,50,0.00393136851929926,0
64,52,0.00254657603863125,0
64,54,0.0136361527449309,0
64,56,0.0719915024014375,0.001
64,58,0.268264285063813,0.004
64,60,0.701093740966939,0.009
64,62,1.30858913817869,0.015
64,64,1.80518272220699,0.019
64,66,1.96492678470706,0.019
64,68,1.82759420607919,0.017
64,70,1.48993916161157,0.014
64,72,1.00927630276892,0.011
64,74,0.527348549508393,0.008
64,76,0.208747032488775,0.005
64,78,0.0667628347006668,0.002
64,80,0.0207259845549127,0.001
66,0,0.00894103693683176,0
66,2,0.0174677856767255,0
66,4,0.0274195232876698,0
66,6,0.0339395585954059,0
66,8,0.033874549192344,0
66,10,0.0278531272256764,0
66,12,0.0189315925940323,0
66,14,0.0110105274007545,0
66,16,0.00441663484063302,0
66,18,0.00163162649317227,0
66,20,0.000100437921111533,0
66,22,0.00153403905156053,0
66,24,0.00755561760274688,0
66,26,0.0259444428538597,0
66,28,0.0621097173369988,0.001
66,30,0.103796360084632,0.001
66,32,0.121587940208049,0.001
66,34,0.102693838453382,0.001
66,36,0.0722215484646163,0.001
66,38,0.0628238631131633,0.001
66,40,0.0754286020985233,0.001
66,42,0.0831117764374031,0.001
66,44,0.0674556072242951,0.001
66,46,0.0387046305505386,0.001
66,48,0.0154827685409405,0
66,50,0.00431792546370677,0
66,52,0.0025217870901804,0
66,54,0.0131867010102121,0
66,56,0.0693482444880527,0.001
66,58,0.259388773319406,0.004
66,60,0.681350934635375,0.009
66,62,1.28433917931838,0.014
66,64,1.80714032842528,0.017
66,66,2.037003921362,0.017
66,68,1.9851704873285,0.015
66,70,1.69142402710831,0.013
66,72,1.19312049142174,0.01
66,74,0.675730762288451,0.007
66,76,0.332492537327882,0.004
66,78,0.167321874221059,0.003
66,80,0.086782929274169,0.003
68,0,0.0519565456078512,0.001
68,2,0.099912284506621,0.001
68,4,0.150622959921379,0.001
68,6,0.181876567618304,0.001
68,8,0.17854156547554,0.001
68,10,0.145611047050283,0.001
68,12,0.100415111264264,0.001
68,14,0.0573440485763461,0.001
68,16,0.0262516512645926,0
68,18,0.00849107414615589,0
68,20,0.00218508242797964,0
68,22,0.0000901363489141112,0
68,24,0.0016488010315818,0
68,26,0.00566164493630632,0
68,28,0.013553698903352,0
68,30,0.0227247216286218,0
68,32,0.0270641449455066,0
68,34,0.0250633752318376,0
68,36,0.0250037390455769,0
68,38,0.0361594269184005,0
68,40,0.0544735547927155,0.001
68,42,0.0627604748824806,0.001
68,44,0.0516523715608085,0.001
68,46,0.0296370611811824,0.001
68,48,0.0118555261211647,0
68,50,0.00330633878487912,0
68,52,0.00174990074490063,0
68,54,0.00951343033740955,0
68,56,0.0503890806453422,0.001
68,58,0.190280712528995,0.003
68,60,0.505177849872859,0.007
68,62,0.965154922522414,0.011
68,64,1.38239720198467,0.013
68,66,1.5929186010959,0.013
68,68,1.59660121918415,0.011
68,70,1.41646500226982,0.009
68,72,1.11009959851031,0.007
68,74,0.836890138924279,0.006
68,76,0.683044472860636,0.006
68,78,0.550368858859917,0.007
68,80,0.361014794483834,0.008
70,0,0.212359684944599,0.004
70,2,0.396776387015601,0.004
70,4,0.580981158444232,0.004
70,6,0.683275008600806,0.005
70,8,0.658473911599346,0.004
70,10,0.532048434327132,0.004
70,12,0.365926516151488,0.003
70,14,0.210191863783047,0.002
70,16,0.0955977636392352,0.001
70,18,0.0341296311758817,0.001
70,20,0.0100612572465648,0
70,22,0.00378927914993977,0
70,24,0.00187762632308182,0
70,26,0.00185698398945251,0
70,28,0.0020620393044642,0
70,30,0.00349685480742789,0
70,32,0.00440096676684591,0
70,34,0.00522956585655085,0
70,36,0.00873855893951014,0
70,38,0.0174859407663897,0
70,40,0.0283815451507142,0
70,42,0.0335042002902513,0.001
70,44,0.0275742241511128,0.001
70,46,0.0158215188092203,0
70,48,0.00632898209348457,0
70,50,0.00176506371380148,0
70,52,0.000636060981518977,0
70,54,0.00632810077860164,0
70,56,0.0344141579014033,0.001
70,58,0.133019421371099,0.002
70,60,0.361104791604332,0.005
70,62,0.700839720825617,0.007
70,64,1.00296330409321,0.009
70,66,1.12764504998276,0.008
70,68,1.09149876525208,0.007
70,70,1.02832176314185,0.006
70,72,1.10522400577539,0.006
70,74,1.41193262393403,0.009
70,76,1.73047641614801,0.012
70,78,1.66098429516716,0.016
70,80,1.1500374859973,0.02
72,0,0.606588896027964,0.009
72,2,1.10635668981959,0.01
72,4,1.57380885215674,0.01
72,6,1.80029314621162,0.01
72,8,1.69987724172928,0.01
72,10,1.35892774403467,0.008
72,12,0.931754525129057,0.007
72,14,0.536598483433093,0.005
72,16,0.24783624762458,0.004
72,18,0.093689227748352,0.002
72,20,0.0365327899266404,0.001
72,22,0.0218373463542515,0.001
72,24,0.0142497126588019,0
72,26,0.00766988493917708,0
72,28,0.0028960701403454,0
72,30,0.000762377600460647,0
72,32,0.000147552054718646,0
72,34,0.000737301611077604,0
72,36,0.00256853760819867,0
72,38,0.00623831786579705,0
72,40,0.0105630636244694,0
72,42,0.0124696170512754,0
72,44,0.0102625943216575,0
72,46,0.00588846410334807,0
72,48,0.002355525048992,0
72,50,0.000656922666159283,0
72,52,0.000613023289212861,0
72,54,0.00530641805324823,0
72,56,0.0298218372331527,0.001
72,58,0.118097148602011,0.002
72,60,0.327661447403445,0.004
72,62,0.641035086205763,0.006
72,64,0.895901690694421,0.007
72,66,0.937027151942053,0.007
72,68,0.832417271210392,0.005
72,70,0.903768025073851,0.005
72,72,1.51784961512425,0.009
72,74,2.70126502737212,0.015
72,76,3.75560501612284,0.024
72,78,3.73922742849852,0.032
72,80,2.61293117888085,0.039
74,0,1.21408863812155,0.015
74,2,2.16536022807941,0.016
74,4,2.9943106019828,0.016
74,6,3.32801884387283,0.016
74,8,3.07278077855145,0.014
74,10,2.42657236685361,0.013
74,12,1.65922476892866,0.011
74,14,0.959650121310848,0.009
74,16,0.458090314547371,0.006
74,18,0.20341906821346,0.004
74,20,0.12465530993744,0.003
74,22,0.104304323132055,0.002
74,24,0.0768547793369429,0.002
74,26,0.0411927328381715,0.001
74,28,0.0155539547878346,0.001
74,30,0.00409450950915453,0
74,32,0.000789742349233991,0
74,34,0.000191310967363405,0
74,36,0.000666470013290196,0
74,38,0.00161868441312877,0
74,40,0.00274084565930201,0
74,42,0.00323554765768662,0
74,44,0.00266288153699399,0
74,46,0.00152790628281651,0
74,48,0.000611198685857694,0
74,50,0.00021353946321999,0
74,52,0.00075049903830367,0
74,54,0.00503938445940119,0
74,56,0.0289542884424567,0
74,58,0.114326623017282,0.002
74,60,0.318871666044082,0.003
74,62,0.623400082435844,0.005
74,64,0.859551959571493,0.007
74,66,0.860386312331068,0.006
74,68,0.747696248999107,0.005
74,70,0.993396142480082,0.007
74,72,2.14666963955272,0.013
74,74,4.19942201928588,0.025
74,76,5.98437279946191,0.038
74,78,5.98877115251924,0.05
74,80,4.18638742305286,0.059
76,0,1.7018628323352,0.02
76,2,2.97360065357696,0.02
76,4,4.00116669368728,0.019
76,6,4.31784435633638,0.018
76,8,3.89082429052176,0.017
76,10,3.03067417668142,0.015
76,12,2.06631008037625,0.014
76,14,1.21116277605753,0.011
76,16,0.629713390603402,0.008
76,18,0.390396134745645,0.006
76,20,0.374684631702528,0.006
76,22,0.374524030552257,0.006
76,24,0.285769989593204,0.005
76,26,0.154238639700065,0.004
76,28,0.0582389334996698,0.002
76,30,0.0153311405536504,0
76,32,0.00281369061420601,0
76,34,0.0000346079103744152,0
76,36,0.000120563576699547,0
76,38,0.000292817949049474,0
76,40,0.000495815489485487,0
76,42,0.000585306451023605,0
76,44,0.000481711879042023,0
76,46,0.000276396300875818,0
76,48,0.000152424287701382,0
76,50,0.000249253923179173,0
76,52,0.00124608449058323,0
76,54,0.00575367245370741,0
76,56,0.0255267434468712,0
76,58,0.0936870885777491,0.001
76,60,0.254316865167192,0.003
76,62,0.493332143419881,0.005
76,64,0.676101170433681,0.006
76,66,0.67550606030451,0.006
76,68,0.623265757973319,0.006
76,70,0.999622024952839,0.009
76,72,2.38968410055714,0.019
76,74,4.7669064813524,0.033
76,76,6.80151617779217,0.048
76,78,6.79519372956393,0.06
76,80,4.73934823797247,0.069
78,0,1.66996221436301,0.02
78,2,2.86405001766008,0.019
78,4,3.75480152596794,0.018
78,6,3.93297669379551,0.017
78,8,3.45243890322234,0.016
78,10,2.64800587115128,0.015
78,12,1.80459183540409,0.014
78,14,1.09925880058396,0.012
78,16,0.70353288418661,0.009
78,18,0.697660513127448,0.01
78,20,0.898469224333445,0.012
78,22,0.963832891628553,0.013
78,24,0.744262452240742,0.012
78,26,0.402630427596802,0.009
78,28,0.152029133188367,0.004
78,30,0.0400209940172359,0.001
78,32,0.00734496529096655,0
78,34,0.000939793526846898,0
78,36,0,0
78,38,0.0000369295511284147,0
78,40,0.0000625311512789832,0
78,42,0.0000738175531214281,0
78,44,0.0000607524351700225,0
78,46,0.0000348584892354861,0
78,48,0.000147944315735785,0
78,50,0.000771964458645607,0
78,52,0.00280825895827883,0
78,54,0.00950641081791558,0
78,56,0.0264285700182123,0
78,58,0.0715088794328257,0.001
78,60,0.171316002875538,0.002
78,62,0.318834412242795,0.004
78,64,0.434994469487075,0.006
78,66,0.445356224632728,0.006
78,68,0.457845942003545,0.006
78,70,0.837082214014011,0.011
78,72,2.02323142468163,0.022
78,74,3.96117450061176,0.035
78,76,5.56981056086845,0.046
78,78,5.51205110956484,0.055
78,80,3.82003375470997,0.062
80,0,1.14881766288448,0.016
80,2,1.93714258582379,0.015
80,4,2.47768347620942,0.014
80,6,2.51845183096052,0.013
80,8,2.14922716140828,0.013
80,10,1.62077354020455,0.013
80,12,1.11348062721814,0.013
80,14,0.753170022410581,0.011
80,16,0.711295556953356,0.011
80,18,1.07519821432775,0.015
80,20,1.58644584462922,0.019
80,22,1.74575007336994,0.022
80,24,1.35346605527955,0.02
80,26,0.732758429376557,0.014
80,28,0.276682091613167,0.007
80,30,0.0728353316295445,0.002
80,32,0.0133673087316283,0
80,34,0.00171035664835595,0
80,36,0,0
80,38,0,0
80,40,0,0
80,42,0,0
80,44,0,0
80,46,0.0000487066235046883,0
80,48,0.00036454086641981,0
80,50,0.00190215211176174,0
80,52,0.0069196653395622,0
80,54,0.0192622946702024,0
80,56,0.041144784214831,0.001
80,58,0.0799124509298559,0.001
80,60,0.152564420755187,0.002
80,62,0.260914665448781,0.004
80,64,0.352993588739751,0.006
80,66,0.38522978736174,0.007
80,68,0.443152532507696,0.009
80,70,0.770632062101137,0.014
80,72,1.57808703282821,0.022
80,74,2.7218218498818,0.029
80,76,3.53682965657363,0.034
80,78,3.33970475546368,0.039
80,80,2.25155682196694,0.043
82,0,0.565477963075207,0.009
82,2,0.938049268914626,0.009
82,4,1.16993524850859,0.009
82,6,1.15041083936754,0.008
82,8,0.948556130401863,0.008
82,10,0.700894001589466,0.008
82,12,0.496684121203949,0.008
82,14,0.42887570984037,0.009
82,16,0.661357853052183,0.011
82,18,1.28199709318257,0.017
82,20,1.99304260462148,0.023
82,22,2.21149022259522,0.027
82,24,1.71662912442337,0.025
82,26,0.929727931926355,0.017
82,28,0.351055762068041,0.008
82,30,0.092413870018147,0.003
82,32,0.0169605149585953,0.001
82,34,0.00217010993771222,0
82,36,0,0
82,38,0,0
82,40,0,0
82,42,0,0
82,44,0,0
82,46,0.0000836713520304511,0
82,48,0.000626231608125363,0
82,50,0.00326763851621459,0
82,52,0.0118870435456009,0
82,54,0.0320898280309422,0.001
82,56,0.0663072660474006,0.001
82,58,0.120117901353805,0.002
82,60,0.215230009716252,0.003
82,62,0.360643644622507,0.006
82,64,0.497333315108114,0.009
82,66,0.578001564767748,0.011
82,68,0.716206554185653,0.015
82,70,1.12063911157026,0.022
82,72,1.77035029977601,0.025
82,74,2.30789153314141,0.025
82,76,2.35076277343133,0.024
82,78,1.84577547671822,0.024
82,80,1.09823026335207,0.023
84,0,0.25381753929076,0.004
84,2,0.410242517665066,0.004
84,4,0.489356689000749,0.004
84,6,0.449448195224696,0.004
84,8,0.339248044577214,0.003
84,10,0.232604151859026,0.003
84,12,0.173465169749088,0.003
84,14,0.224606305201076,0.004
84,16,0.514426913484988,0.008
84,18,1.10915775241068,0.014
84,20,1.75713815517409,0.021
84,22,1.95519415949427,0.024
84,24,1.51849147107499,0.023
84,26,0.822416394411688,0.016
84,28,0.310536022596679,0.008
84,30,0.0817472285859807,0.003
84,32,0.0150028896418252,0.001
84,34,0.00191963038773329,0
84,36,0,0
84,38,0,0
84,40,0,0
84,42,0,0
84,44,0,0
84,46,0.000100208918330112,0
84,48,0.000750005713443364,0
84,50,0.00391348428413715,0
84,52,0.0145778375385419,0
84,54,0.0390575839671827,0.001
84,56,0.0816312143415607,0.002
84,58,0.154449027981349,0.003
84,60,0.289448268197952,0.006
84,62,0.50067594615227,0.009
84,64,0.709541506713232,0.012
84,66,0.865804296443943,0.015
84,68,1.15901276762612,0.021
84,70,1.82965516000584,0.032
84,72,2.64615232921481,0.035
84,74,2.93485083242028,0.031
84,76,2.39029312426474,0.025
84,78,1.43879299345868,0.019
84,80,0.652809388598347,0.015
86,0,0.2678961285588,0.004
86,2,0.414617868129872,0.004
86,4,0.460387517327714,0.003
86,6,0.371454637404638,0.003
86,8,0.224531169460361,0.002
86,10,0.111277275514851,0.001
86,12,0.0659853629689176,0.001
86,14,0.109407629771975,0.002
86,16,0.302278691864773,0.004
86,18,0.679260703684116,0.009
86,20,1.08242451165105,0.014
86,22,1.20545356268178,0.018
86,24,0.936459634700877,0.018
86,26,0.507187409974426,0.013
86,28,0.191508780801039,0.007
86,30,0.0504138358875615,0.003
86,32,0.0092523407744233,0.001
86,34,0.00118384357495587,0
86,36,0,0
86,38,0,0
86,40,0,0
86,42,0,0
86,44,0,0
86,46,0.0000836713520304511,0
86,48,0.000626231608125363,0
86,50,0.00326763851621459,0
86,52,0.0122486538621606,0
86,54,0.0332742542198342,0.001
86,56,0.0721522595036545,0.003
86,58,0.144911716649097,0.004
86,60,0.288887557144812,0.008
86,62,0.518368497882044,0.011
86,64,0.754714190741711,0.013
86,66,0.971317895473349,0.015
86,68,1.41296288690045,0.023
86,70,2.34243756096204,0.038
86,72,3.37890955564385,0.046
86,74,3.62303832459297,0.041
86,76,2.7646020832895,0.032
86,78,1.49318747808711,0.022
86,80,0.574724383772998,0.015
88,0,0.516500102335446,0.007
88,2,0.78749378209768,0.007
88,4,0.851309691849069,0.006
88,6,0.656637880987091,0.004
88,8,0.363432151360556,0.003
88,10,0.147107806712489,0.001
88,12,0.0514053223025279,0
88,14,0.0484631205338777,0.001
88,16,0.128719148966867,0.002
88,18,0.291013632976007,0.004
88,20,0.465125620475528,0.007
88,22,0.518284254233427,0.011
88,24,0.4026304275968,0.012
88,26,0.218065014425256,0.01
88,28,0.0823391200701287,0.006
88,30,0.0216754076182765,0.003
88,32,0.00397804003956592,0.001
88,34,0,0
88,36,0,0
88,38,0,0
88,40,0,0
88,42,0,0
88,44,0,0
88,46,0.0000487066235046883,0
88,48,0.00036454086641981,0
88,50,0.00190215211176174,0
88,52,0.00718674886798448,0
88,54,0.0198587805001405,0.001
88,56,0.0449501491913764,0.003
88,58,0.0967488117641044,0.005
88,60,0.204261663483262,0.008
88,62,0.378988733326985,0.01
88,64,0.56732022726623,0.011
88,66,0.774872018655389,0.013
88,68,1.22972036174862,0.021
88,70,2.14144468061879,0.037
88,72,3.1256082043339,0.051
88,74,3.3431215656967,0.049
88,76,2.52200998094886,0.038
88,78,1.33249560264392,0.026
88,80,0.493013585777634,0.016
90,0,0.809689145158833,0.012
90,2,1.2248709172287,0.011
90,4,1.31056671547834,0.01
90,6,0.996569309805583,0.007
90,8,0.540211440607387,0.004
90,10,0.209841609335179,0.002
90,12,0.0609514613368666,0.001
90,14,0.0232848261491313,0
90,16,0.0397333575068767,0
90,18,0.0873591162608491,0.001
90,20,0.139421136080962,0.003
90,22,0.155355405845464,0.005
90,24,0.120688238112789,0.007
90,26,0.0653648621196093,0.006
90,28,0.024681103681942,0.004
90,30,0.00649719091386205,0.002
90,32,0.0011924152041438,0.001
90,34,0,0
90,36,0,0
90,38,0,0
90,40,0,0
90,42,0,0
90,44,0,0
90,46,0,0
90,48,0.000147944315735785,0
90,50,0.000771964458645607,0
90,52,0.00280825895827883,0
90,54,0.00831135375345642,0.001
90,56,0.019760976279944,0.002
90,58,0.0456458245002196,0.003
90,60,0.101593927769483,0.005
90,62,0.194278790048693,0.006
90,64,0.299614796142244,0.007
90,66,0.437157004461221,0.008
90,68,0.755891717751203,0.013
90,70,1.37541725325517,0.028
90,72,2.03265310032587,0.045
90,74,2.17664423590711,0.051
90,76,1.63940112585541,0.042
90,78,0.862579987714425,0.029
90,80,0.316776999258559,0.017
92,0,0.899132420718618,0.018
92,2,1.35027880119955,0.016
92,4,1.43304996733322,0.013
92,6,1.07878797736302,0.008
92,8,0.578303063636876,0.004
92,10,0.221589070464869,0.002
92,12,0.0608717590062011,0.001
92,14,0.0144265378853317,0
92,16,0.00965280324121182,0
92,18,0.0183509836363805,0
92,20,0.029135857006835,0.001
92,22,0.0324657581855003,0.002
92,24,0.0252211059736246,0.003
92,26,0.0136597744755322,0.004
92,28,0.0051577911919348,0.003
92,30,0.00135776562100645,0.002
92,32,0,0
92,34,0,0
92,36,0.000389543254145318,0
92,38,0.000613686046341482,0
92,40,0.000674027528381323,0
92,42,0.000516118996933829,0
92,44,0,0
92,46,0,0
92,48,0.0000418592237500644,0
92,50,0.000218418888490812,0
92,52,0.00079456611427135,0
92,54,0.00244204372005492,0
92,56,0.00613629404287117,0.001
92,58,0.0152059241811103,0.001
92,60,0.0354569779397427,0.002
92,62,0.0697179936504471,0.002
92,64,0.11112450131386,0.003
92,66,0.174360660965546,0.004
92,68,0.327247252251017,0.006
92,70,0.618267455835806,0.014
92,72,0.922891932085633,0.029
92,74,0.99039708752933,0.041
92,76,0.74608118683911,0.039
92,78,0.392376661449414,0.027
92,80,0.143943036735068,0.016
94,0,0.697901774517629,0.019
94,2,1.04226880532683,0.017
94,4,1.09819899120847,0.013
94,6,0.819214566924028,0.008
94,8,0.434311473785334,0.004
94,10,0.164281439387261,0.002
94,12,0.0444894621127305,0
94,14,0.00864666809853299,0
94,16,0.00236557833174154,0
94,18,0.00265589483192556,0
94,20,0.00424490330224141,0
94,22,0.00473004806754342,0.001
94,24,0.00367454974839093,0.001
94,26,0.00199013956464218,0.002
94,28,0.000751456353515859,0.002
94,30,0,0
94,32,0.000434063672433179,0.005
94,34,0.0014068971554369,0.005
94,36,0.00317915781794264,0.003
94,38,0.00500844199258297,0.001
94,40,0.00550090359301321,0
94,42,0.0042121734278032,0
94,44,0.00224863662116406,0
94,46,0.000836899174147679,0
94,48,0,0
94,50,0.0000430847824521059,0
94,52,0.00015673419278771,0
94,54,0.00039750667288607,0
94,56,0.00134686956676505,0
94,58,0.00357286332479736,0
94,60,0.00867406956236297,0
94,62,0.0166429181690218,0.001
94,64,0.0289748656227093,0.001
94,66,0.0491811752901775,0.001
94,68,0.0996418620250588,0.002
94,70,0.194280158082123,0.005
94,72,0.292380552844973,0.011
94,74,0.314346840795452,0.02
94,76,0.236799249929003,0.021
94,78,0.124602567304227,0.015
94,80,0.0457103433637027,0.008
96,0,0.37851315955993,0.015
96,2,0.562557254989148,0.012
96,4,0.588989220544369,0.009
96,6,0.435798825516674,0.005
96,8,0.228718684528861,0.003
96,10,0.0854794786349486,0.001
96,12,0.0228347116626674,0
96,14,0.00437324565092536,0
96,16,0.000326848805046965,0
96,18,0,0
96,20,0,0
96,22,0,0
96,24,0,0
96,26,0,0
96,28,0,0
96,30,0.000531229982549757,0.016
96,32,0.00246973675387686,0.036
96,34,0.0080049675528703,0.023
96,36,0.018088781457648,0.013
96,38,0.0290908191417965,0.006
96,40,0.0322480789285885,0.003
96,42,0.025023920767218,0.001
96,44,0.0136158083897381,0
96,46,0.00476179137059644,0
96,48,0.00123556343808889,0
96,50,0,0
96,52,0,0
96,54,0.0000546662093273694,0
96,56,0.0000966585902647242,0
96,58,0.000591398736763022,0
96,60,0.00148600902301586,0
96,62,0.00288752387599931,0
96,64,0.00529174601998311,0
96,66,0.00980230998343369,0
96,68,0.021316625238455,0.001
96,70,0.0426535981074424,0.001
96,72,0.0646104305005616,0.003
96,74,0.0694606953854081,0.005
96,76,0.0524257883867383,0.005
96,78,0.0275861846179591,0.003
96,80,0.0101199678165751,0.002
98,0,0.143400425262563,0.007
98,2,0.212235986597712,0.006
98,4,0.220976090837173,0.004
98,6,0.162325747706692,0.002
98,8,0.0844199056673825,0.001
98,10,0.0312024951289022,0.001
98,12,0.00822843694378267,0
98,14,0.00155355568995566,0
98,16,0.000105302114362797,0
98,18,0.00128464127024545,0
98,20,0.00167768205662695,0
98,22,0.00190072689739034,0
98,24,0.000386946483417008,0
98,26,0,0
98,28,0.000316004572161007,0.001
98,30,0.00210727215121755,0.019
98,32,0.00979690087766399,0.036
98,34,0.0339802615210787,0.036
98,36,0.0775465471483456,0.03
98,38,0.12384209623233,0.02
98,40,0.138617024422277,0.011
98,42,0.108974466990179,0.005
98,44,0.0603407921700361,0.002
98,46,0.0236173501923136,0.001
98,48,0.0062624493287303,0
98,50,0.000886622212231506,0
98,52,0,0
98,54,0,0
98,56,0,0
98,58,0,0
98,60,0,0
98,62,0.000343802102023436,0
98,64,0.000489592232867456,0
98,66,0.00048607281860735,0
98,68,0.00319977510091264,0
98,70,0.00637757224724578,0
98,72,0.00990329191749197,0
98,74,0.0107212296659049,0.001
98,76,0.0080918988010654,0.001
98,78,0.00425791621080322,0
98,80,0.00156201285591881,0
100,0,0.0379389053086836,0.002
100,2,0.0559483592083582,0.002
100,4,0.0579714183757791,0.001
100,6,0.0423150996330693,0.001
100,8,0.0218280480699061,0
100,10,0.00798677252713537,0
100,12,0.00208100134205128,0
100,14,0.00231986831457634,0
100,16,0.0061868250946748,0
100,18,0.0119952665167146,0.001
100,20,0.0165313131905502,0.001
100,22,0.016339226263352,0.002
100,24,0.0117066468682956,0.002
100,26,0.00650232778159367,0.003
100,28,0.00400615466036184,0.006
100,30,0.00736743571815206,0.019
100,32,0.0322485473122407,0.031
100,34,0.10312230646447,0.034
100,36,0.236043703648411,0.034
100,38,0.380907734786651,0.029
100,40,0.433270769927072,0.021
100,42,0.347948435602034,0.013
100,44,0.198084234557318,0.007
100,46,0.0803128172689959,0.003
100,48,0.024516057080929,0.002
100,50,0.00698984442892536,0.001
100,52,0.00476400675365229,0.001
100,54,0.00543812162357572,0.001
100,56,0.00492169237853252,0
100,58,0.00370705654701904,0
100,60,0.00162651264218545,0
100,62,0.00107811722184297,0
100,64,0.000498213336273942,0
100,66,0,0
100,68,0,0
100,70,0,0
100,72,0,0
100,74,0,0
100,76,0,0
100,78,0,0
100,80,0,0
102,0,0.00700778220335022,0
102,2,0.010302401250742,0
102,4,0.0106303575098588,0
102,6,0.00771640399684704,0
102,8,0.00395182685039206,0
102,10,0.00143283500498781,0
102,12,0.00345004582379816,0
102,14,0.013408035084152,0.001
102,16,0.0368490043720856,0.002
102,18,0.0715451535337363,0.004
102,20,0.0988079276398167,0.005
102,22,0.0979525787684946,0.006
102,24,0.0713517711280745,0.008
102,26,0.0398574100928278,0.01
102,28,0.0218223903091885,0.017
102,30,0.0269647837139524,0.024
102,32,0.0800199953852373,0.026
102,34,0.241706268487918,0.03
102,36,0.553602943189981,0.033
102,38,0.907539697119101,0.033
102,40,1.05547357063975,0.029
102,42,0.872815331917101,0.022
102,44,0.515007667702924,0.015
102,46,0.220696504956993,0.009
102,48,0.076011935348103,0.005
102,50,0.0360217358553882,0.004
102,52,0.035917532635901,0.006
102,54,0.039437366463335,0.004
102,56,0.0356566807021443,0.002
102,58,0.0266541497818266,0.001
102,60,0.0170632392744313,0.001
102,62,0.00908571598242858,0
102,64,0.00344435992495543,0
102,66,0.00110968244987824,0
102,68,0,0
102,70,0,0
102,72,0,0
102,74,0,0
102,76,0,0
102,78,0,0
102,80,0,0
104,0,0.000871052142897757,0
104,2,0.00125845158531641,0
104,4,0.00136206505300979,0
104,6,0.000890110048873172,0
104,8,0.000435771212759424,0
104,10,0.00251285793198542,0
104,12,0.0142235130694561,0.002
104,14,0.0556282165698455,0.007
104,16,0.153027224589179,0.01
104,18,0.297549041689433,0.013
104,20,0.411827346037976,0.016
104,22,0.410604443116663,0.02
104,24,0.300465155182581,0.024
104,26,0.171319580437838,0.032
104,28,0.0954422516921992,0.042
104,30,0.0895420703090176,0.033
104,32,0.179163814125131,0.026
104,34,0.474248524280347,0.028
104,36,1.06428291640546,0.033
104,38,1.7666725216606,0.035
104,40,2.10284350139925,0.035
104,42,1.78953752263202,0.03
104,44,1.09498413290249,0.023
104,46,0.494482095395599,0.015
104,48,0.200256666756655,0.01
104,50,0.142434180513441,0.011
104,52,0.175936980959738,0.016
104,54,0.200545210931154,0.013
104,56,0.180741450450846,0.007
104,58,0.134091644536977,0.004
104,60,0.0847588794420823,0.003
104,62,0.0445859542430015,0.002
104,64,0.0177651774171545,0.001
104,66,0.00534850888133416,0
104,68,0.00120133391002592,0
104,70,0,0
104,72,0,0
104,74,0,0
104,76,0,0
104,78,0,0
104,80,0,0
106,0,0,0
106,2,0,0
106,4,0,0
106,6,0,0
106,8,0,0
106,10,0.00725681264752978,0.001
106,12,0.0411181717513112,0.01
106,14,0.160914593488137,0.027
106,16,0.443096571638383,0.035
106,18,0.862873877188119,0.041
106,20,1.19760247623316,0.047
106,22,1.19891066941177,0.054
106,24,0.885293141312877,0.062
106,26,0.516635135796735,0.07
106,28,0.303852583500917,0.069
106,30,0.264763437175615,0.047
106,32,0.390477576433041,0.031
106,34,0.824236053907002,0.03
106,36,1.7367272126351,0.035
106,38,2.87483200546436,0.039
106,40,3.46647405056234,0.041
106,42,3.00412293320553,0.038
106,44,1.87906041168206,0.03
106,46,0.890577164504366,0.02
106,48,0.441494035686924,0.014
106,50,0.443203008720706,0.018
106,52,0.615888390403442,0.029
106,54,0.711488988776063,0.029
106,56,0.641506174990136,0.019
106,58,0.472406745393181,0.012
106,60,0.294500425284495,0.008
106,62,0.152889802620663,0.006
106,64,0.0623600763065544,0.003
106,66,0.0186954154671746,0.001
106,68,0.00403681237628842,0
106,70,0.000632135825699339,0
106,72,0,0
106,74,0,0
106,76,0,0
106,78,0,0
106,80,0,0
108,0,0,0
108,2,0,0
108,4,0,0
108,6,0,0
108,8,0.00184264233605976,0
108,10,0.0146104876227861,0.003
108,12,0.0828744971674297,0.031
108,14,0.324539248522846,0.066
108,16,0.894574676621551,0.08
108,18,1.74481341432948,0.089
108,20,2.42930261882138,0.096
108,22,2.44457204545808,0.099
108,24,1.82897080792832,0.097
108,26,1.11184383777775,0.089
108,28,0.71060026470162,0.076
108,30,0.638205646995986,0.058
108,32,0.781293827387218,0.04
108,34,1.27671150887437,0.034
108,36,2.38138362112816,0.038
108,38,3.8116814589453,0.043
108,40,4.5719697036833,0.046
108,42,3.97394835483607,0.043
108,44,2.50992990088274,0.034
108,46,1.25255485127174,0.021
108,48,0.78983060577525,0.016
108,50,1.02966198425345,0.024
108,52,1.52107384160699,0.039
108,54,1.77393972131269,0.044
108,56,1.59996401716071,0.036
108,58,1.16851041527104,0.026
108,60,0.718200428611212,0.019
108,62,0.366996709392963,0.014
108,64,0.147938276935827,0.009
108,66,0.0440746984194318,0.003
108,68,0.00945701805281903,0.001
108,70,0.00148090110667189,0
108,72,0,0
108,74,0,0
108,76,0,0
108,78,0,0
108,80,0,0
110,0,0,0
110,2,0,0
110,4,0,0
110,6,0,0
110,8,0.00258642964759885,0.001
110,10,0.0208503326234423,0.009
110,12,0.116457917449962,0.054
110,14,0.456364405624056,0.087
110,16,1.25928829946361,0.102
110,18,2.46271674193062,0.111
110,20,3.44152199955627,0.112
110,22,3.4946837739851,0.105
110,24,2.67915137840873,0.09
110,26,1.74565879093449,0.074
110,28,1.27778472900383,0.064
110,30,1.24634860845805,0.06
110,32,1.39060101123796,0.05
110,34,1.77204075096995,0.04
110,36,2.69841351440209,0.038
110,38,3.96719460109648,0.042
110,40,4.62234618378254,0.043
110,42,3.97514979385302,0.04
110,44,2.52672428310412,0.031
110,46,1.36860561975192,0.02
110,48,1.1375115378183,0.018
110,50,1.76525757513999,0.028
110,52,2.67502430169144,0.042
110,54,3.13008628404657,0.049
110,56,2.81919205111436,0.045
110,58,2.04186956795467,0.037
110,60,1.2349244884826,0.03
110,62,0.619913592024564,0.025
110,64,0.246738435001833,0.019
110,66,0.0734476766383635,0.009
110,68,0.0154458102869447,0.002
110,70,0.00241870295896941,0
110,72,0,0
110,74,0,0
110,76,0,0
110,78,0,0
110,80,0,0
112,0,0,0
112,2,0,0
112,4,0,0
112,6,0,0
112,8,0.00253105230060859,0.002
112,10,0.0204187292297541,0.018
112,12,0.114098249413996,0.048
112,14,0.447435396093234,0.064
112,16,1.23740452639065,0.075
112,18,2.42738890426885,0.081
112,20,3.41979711042565,0.079
112,22,3.54519639463203,0.07
112,24,2.88135967351962,0.058
112,26,2.17219517505394,0.049
112,28,1.95743190444222,0.05
112,30,2.11841398836014,0.056
112,32,2.26530786373967,0.054
112,34,2.34901741720153,0.043
112,36,2.68135496740364,0.035
112,38,3.27420433491942,0.032
112,40,3.53288629538737,0.032
112,42,2.97549657635161,0.029
112,44,1.95485628364829,0.023
112,46,1.26540201170362,0.017
112,48,1.40107356489945,0.019
112,50,2.32471919541975,0.029
112,52,3.4738255678277,0.039
112,54,4.02682734136242,0.043
112,56,3.60670580041377,0.041
112,58,2.58230579808207,0.037
112,60,1.52934077883686,0.032
112,62,0.748803541090784,0.028
112,64,0.291144921006872,0.024
112,66,0.0858134576989822,0.016
112,68,0.0181372616001632,0.005
112,70,0.00275410084818007,0.001
112,72,0.000300671665584027,0
112,74,0,0
112,76,0,0
112,78,0,0
112,80,0,0
114,0,0,0
114,2,0,0
114,4,0,0
114,6,0,0
114,8,0.00172680140618857,0.004
114,10,0.0136919737913313,0.018
114,12,0.0779384329763857,0.028
114,14,0.305861127899604,0.035
114,16,0.849871850859082,0.041
114,18,1.6811140940027,0.043
114,20,2.42300995388432,0.041
114,22,2.66907597522844,0.036
114,24,2.52355797389362,0.033
114,26,2.49412780840407,0.034
114,28,2.85683327604694,0.042
114,30,3.344214572484,0.053
114,32,3.48138024798803,0.058
114,34,3.14431902065684,0.047
114,36,2.6791984805137,0.032
114,38,2.39626619209381,0.023
114,40,2.18540431494352,0.019
114,42,1.81759869339099,0.017
114,44,1.40353522690334,0.016
114,46,1.29574387828088,0.018
114,48,1.72982120293578,0.022
114,50,2.67064348490271,0.028
114,52,3.69819367503295,0.033
114,54,4.13532066117979,0.034
114,56,3.64346525920388,0.033
114,58,2.55929342857342,0.03
114,60,1.46425471108998,0.026
114,62,0.684363145642498,0.022
114,64,0.254828894472681,0.019
114,66,0.0723395038508637,0.016
114,68,0.0147478559819987,0.008
114,70,0.00218634134116887,0.001
114,72,0,0
114,74,0,0
114,76,0,0
114,78,0,0
114,80,0,0
116,0,0,0
116,2,0,0
116,4,0,0
116,6,0,0
116,8,0,0
116,10,0.00651250632792084,0.01
116,12,0.0371182932023184,0.014
116,14,0.146678526844029,0.017
116,16,0.412084872376795,0.019
116,18,0.83923486074225,0.019
116,20,1.30622574382795,0.019
116,22,1.71177202379313,0.019
116,24,2.18563899510838,0.022
116,26,2.94576188219639,0.029
116,28,3.94663572960853,0.041
116,30,4.74237984395763,0.055
116,32,4.78735772963293,0.062
116,34,3.97671461619289,0.053
116,36,2.79812410036943,0.034
116,38,1.85139838574475,0.019
116,40,1.36314417185984,0.013
116,42,1.24263204351648,0.013
116,44,1.3736172393477,0.017
116,46,1.73711480352753,0.024
116,48,2.3432349765354,0.028
116,50,3.14146387931324,0.03
116,52,3.87040256694766,0.03
116,54,4.07044868863167,0.03
116,56,3.48097988474157,0.028
116,58,2.3738999498832,0.025
116,60,1.28697536930981,0.021
116,62,0.55407878982026,0.017
116,64,0.187532316969667,0.014
116,66,0.0480576383242509,0.011
116,68,0.00919559723956524,0.008
116,70,0.00121003217812946,0.002
116,72,0,0
116,74,0,0
116,76,0,0
116,78,0,0
116,80,0,0
118,2,0,0
118,4,0,0
118,6,0,0
118,8,0,0
118,10,0.00215958887844025,0.005
118,12,0.0123250563829124,0.006
118,14,0.049989684170382,0.007
118,16,0.147407585408293,0.008
118,18,0.335744425605387,0.008
118,20,0.651085264723703,0.01
118,22,1.18394397542449,0.013
118,24,2.06027110717,0.019
118,26,3.29105030316617,0.03
118,28,4.6208737057592,0.044
118,30,5.49941281205825,0.057
118,32,5.36064585282609,0.066
118,34,4.1968340027544,0.06
118,36,2.6642840133685,0.039
118,38,1.50915708690143,0.02
118,40,1.05169751493208,0.013
118,42,1.19984794785114,0.016
118,44,1.70004124016602,0.024
118,46,2.33238190877757,0.033
118,48,3.00616504244831,0.036
118,50,3.69793575159018,0.035
118,52,4.24117994179462,0.034
118,54,4.27277431095781,0.032
118,56,3.56596817438969,0.03
118,58,2.36878859873972,0.026
118,60,1.22131208151757,0.021
118,62,0.481511841832714,0.016
118,64,0.143927174189557,0.012
118,66,0.0317020294733384,0.008
118,68,0.00533243289482656,0.006
118,70,0.000466892284424227,0.002
118,72,0,0
118,74,0,0
118,76,0,0
118,78,0,0
118,80,0,0
120,8,0,0
120,10,0,0
120,12,0.0027599379701833,0.002
120,14,0.0130753071920281,0.003
120,16,0.0458661120900532,0.003
120,18,0.139859974996781,0.005
120,20,0.383618435738555,0.007
120,22,0.916014597321644,0.013
120,24,1.82181973700981,0.021
120,26,3.01049276374905,0.033
120,28,4.1850246042777,0.047
120,30,4.85633617505031,0.06
120,32,4.57064914738666,0.068
120,34,3.4051097854977,0.064
120,36,2.02662779657204,0.045
120,38,1.09711528397977,0.024
120,40,0.85844573270673,0.018
120,42,1.19030099117844,0.024
120,44,1.81191456155111,0.034
120,46,2.46241458553338,0.042
120,48,3.06871730908155,0.044
120,50,3.67619207492296,0.042
120,52,4.16105143472534,0.041
120,54,4.15967359498128,0.039
120,56,3.44444923803743,0.036
120,58,2.25912730429572,0.032
120,60,1.13616730989182,0.026
120,62,0.427792865675679,0.019
120,64,0.118089456853131,0.013
120,66,0.0235596145140976,0.009
120,68,0.00344847175294691,0.006
120,70,0,0
120,72,0,0
120,74,0,0
120,76,0,0
120,78,0,0
120,80,0,0
