Count,WeightedCount,Goals,WeightedGoals,GoalProbability,WeightedProbabiliticGoals,y,x,event
2,0.000309414249634814,0,0,0,0,34,76,Shot
2,0.000495851110479375,0,0,0,0,36,76,Shot
3,0.000429093413170438,0,0,0,0,38,76,Shot
2,0.000564883729215291,0,0,0,0,40,76,Shot
2,0.00098418899406168,0,0,0,0,42,76,Shot
2,0.000702930305010581,0,0,0,0,44,76,Shot
1,0.000157122356753806,0,0,0,0,46,76,Shot
1,0.000279897886113124,0,0,0,0,50,76,Shot
1,0.000499908381283746,0,0,0,0,52,76,Shot
1,0.000328463212121377,0,0,0,0,54,76,Shot
1,0.0000793941624047613,0,0,0,0,56,76,Shot
1,0.000139438667376599,0,0,0,0,60,76,Shot
1,0.000418896906957146,0,0,0,0,62,76,Shot
1,0.000462952679240879,0,0,0,0,64,76,Shot
1,0.000188222513274963,0,0,0,0,66,76,Shot
1,0.000158606270374776,0,0,0,0,24,78,Shot
1,0.00036011551111755,0,0,0,0,26,78,Shot
1,0.000300793759103635,0,0,0,0,28,78,Shot
3,0.000398565097968904,0,0,0,0,30,78,Shot
3,0.00197497268037474,0,0,0,0,32,78,Shot
2,0.00714866562775417,0,0,0,0,34,78,Shot
3,0.0115701722863246,0,0,0,0,36,78,Shot
4,0.00932478101982599,0,0,0,0,38,78,Shot
5,0.0108388006397602,0,0,0,0,40,78,Shot
4,0.0173466213696487,0,0,0,0,42,78,Shot
3,0.0127387926681469,0,0,0,0,44,78,Shot
4,0.00370320411555805,0,0,0,0,46,78,Shot
3,0.00149562007878396,0,0,0,0,48,78,Shot
1,0.005401461500636,0,0,0,0,50,78,Shot
2,0.00975381156857736,0,0,0,0,52,78,Shot
2,0.00669972681993253,0,0,0,0,54,78,Shot
2,0.00198204608244675,0,0,0,0,56,78,Shot
3,0.000671993668521498,0,0,0,0,58,78,Shot
1,0.00269088346465855,0,0,0,0,60,78,Shot
1,0.00808386067892648,0,0,0,0,62,78,Shot
1,0.00893404772812482,0,0,0,0,64,78,Shot
1,0.00363231274492999,0,0,0,0,66,78,Shot
1,0.000543280001843958,0,0,0,0,68,78,Shot
2,0.000756876901416349,0,0,0,0,22,80,Shot
2,0.00358940053364933,0,0,0,0,24,80,Shot
3,0.00782863395581557,0,0,0,0,26,80,Shot
3,0.00767996837017207,0,0,0,0,28,80,Shot
5,0.00765404050049936,0,0,0,0,30,80,Shot
7,0.0212160487168025,0,0,0,0,32,80,Shot
7,0.0650854728685837,0,0,0,0,34,80,Shot
9,0.101041273692734,0,0,0,0,36,80,Shot
11,0.0779523956881462,0,0,0,0,38,80,Shot
10,0.0782148585933519,0,0,0,0,40,80,Shot
9,0.123163303183511,1,0.000138687727934044,0.00112604748613637,0.000138687727934044,42,80,Shot
9,0.0950738057848064,1,0.000115841727831618,0.00121843999906576,0.000115841727831618,44,80,Shot
7,0.0297004645277253,0,0,0,0,46,80,Shot
5,0.0114566466570008,0,0,0,0,48,80,Shot
3,0.0386685118524893,0,0,0,0,50,80,Shot
2,0.0705873527208378,0,0,0,0,52,80,Shot
2,0.0521086642438715,0,0,0,0,54,80,Shot
3,0.019840137552625,0,0,0,0,56,80,Shot
3,0.00736691218164386,0,0,0,0,58,80,Shot
2,0.0197881919770598,0,0,0,0,60,80,Shot
1,0.0573899709088583,0,0,0,0,62,80,Shot
1,0.0634257268376777,0,0,0,0,64,80,Shot
1,0.0257869761791949,0,0,0,0,66,80,Shot
1,0.00385692242104916,0,0,0,0,68,80,Shot
1,0.000212220291113879,0,0,0,0,70,80,Shot
1,0.000159496957084001,0,0,0,0,18,82,Shot
2,0.0017148103568859,0,0,0,0,20,82,Shot
2,0.00910584485971543,0,0,0,0,22,82,Shot
3,0.0317814707289557,0,0,0,0,24,82,Shot
3,0.062448171025748,0,0,0,0,26,82,Shot
7,0.0632570824570253,0,0,0,0,28,82,Shot
12,0.0649316148710922,0,0,0,0,30,82,Shot
13,0.114994182057745,0,0,0,0,32,82,Shot
15,0.251096071992559,0,0,0,0,34,82,Shot
21,0.357163477605916,0,0,0,0,36,82,Shot
20,0.272725335161477,1,0.000268331952882422,0.000983890817197258,0.000268331952882422,38,82,Shot
20,0.264903209926855,1,0.00165610683077113,0.00625174316018449,0.00165610683077113,40,82,Shot
21,0.404061107893617,1,0.00376019029020217,0.00930599411015861,0.00376019029020217,42,82,Shot
16,0.326747014273637,1,0.00314077493864378,0.00961225290956602,0.00314077493864378,44,82,Shot
12,0.114237843100572,1,0.000965093361376505,0.00844810559428069,0.000965093361376505,46,82,Shot
11,0.0399426758007759,1,0.000109095630780937,0.00273130501634589,0.000109095630780937,48,82,Shot
11,0.105285175792823,0,0,0,0,50,82,Shot
8,0.196697396550087,0,0,0,0,52,82,Shot
6,0.172231712719441,0,0,0,0,54,82,Shot
6,0.095133539974354,0,0,0,0,56,82,Shot
5,0.0388218260964124,0,0,0,0,58,82,Shot
4,0.0550428674615318,0,0,0,0,60,82,Shot
2,0.150192853729261,0,0,0,0,62,82,Shot
1,0.165648747106261,0,0,0,0,64,82,Shot
1,0.0673477547474492,0,0,0,0,66,82,Shot
1,0.0100731106853207,0,0,0,0,68,82,Shot
1,0.000554254985890946,0,0,0,0,70,82,Shot
1,0.00132879107833463,0,0,0,0,18,84,Shot
2,0.0129313678402689,0,0,0,0,20,84,Shot
4,0.0536199089076293,0,0,0,0,22,84,Shot
7,0.126132889838722,0,0,0,0,24,84,Shot
12,0.198833215494987,0,0,0,0,26,84,Shot
15,0.20488681375544,0,0,0,0,28,84,Shot
19,0.2476861177487,0,0,0,0,30,84,Shot
18,0.376400737991448,0,0,0,0,32,84,Shot
21,0.566732091733637,0,0,0,0,34,84,Shot
28,0.681853869024738,1,0.00015952885966557,0.000233963414908454,0.00015952885966557,36,84,Shot
28,0.566394695611338,1,0.00267639185650602,0.00472531236122763,0.00267639185650602,38,84,Shot
29,0.625502422802802,1,0.0165183116947762,0.0264080698852606,0.0165183116947762,40,84,Shot
27,0.828072059084671,1,0.037504824019299,0.045291739538653,0.037504824019299,42,84,Shot
25,0.651840313368174,1,0.0313266622875425,0.0480587985202573,0.0313266622875425,44,84,Shot
25,0.280773430737142,1,0.00962601727229968,0.034283932233287,0.00962601727229968,46,84,Shot
26,0.114139515334925,1,0.00108813972643216,0.00953341814391963,0.00108813972643216,48,84,Shot
21,0.143644079712804,0,0,0,0,50,84,Shot
15,0.254314399149765,0,0,0,0,52,84,Shot
10,0.29857057258621,0,0,0,0,54,84,Shot
9,0.23256498886815,0,0,0,0,56,84,Shot
6,0.0984767547897688,0,0,0,0,58,84,Shot
5,0.0630675628066452,0,0,0,0,60,84,Shot
3,0.144943045116086,0,0,0,0,62,84,Shot
1,0.15915356682851,0,0,0,0,64,84,Shot
1,0.06470701151197,0,0,0,0,66,84,Shot
1,0.00967813836586852,0,0,0,0,68,84,Shot
1,0.000532522337041542,0,0,0,0,70,84,Shot
1,0.000162719009347287,0,0,0,0,16,86,Shot
1,0.00407255092173213,0,0,0,0,18,86,Shot
4,0.0393279089753669,0,0,0,0,20,86,Shot
7,0.148632494985274,0,0,0,0,22,86,Shot
12,0.266402313634969,0,0,0,0,24,86,Shot
17,0.317693366904467,0,0,0,0,26,86,Shot
22,0.347174274483886,0,0,0,0,28,86,Shot
27,0.522514157385246,0,0,0,0,30,86,Shot
30,0.785563340731603,0,0,0,0,32,86,Shot
36,0.971056491198062,1,0.0000920585552042579,0.0000948024713687652,0.0000920585552042579,34,86,Shot
40,1.05688688318822,2,0.000695572813874416,0.000658133642245747,0.000695572813874416,36,86,Shot
37,1.06886157395267,1,0.00982047572032079,0.00918779003721171,0.00982047572032079,38,86,Shot
38,1.2849630547808,1,0.0606105860563381,0.0471691274164126,0.0606105860563381,40,86,Shot
35,1.36423824179237,1,0.13761632579366,0.100874115369216,0.13761632579366,42,86,Shot
36,1.00624152020431,1,0.114946817539313,0.114233824813722,0.114946817539313,44,86,Shot
37,0.601293468320725,1,0.0353207130996944,0.0587412219832306,0.0353207130996944,46,86,Shot
33,0.381373159010932,1,0.00399270747210164,0.0104692933358406,0.00399270747210164,48,86,Shot
28,0.311085198427936,1,0.00016603935593455,0.000533742385602488,0.00016603935593455,50,86,Shot
22,0.374064379774205,0,0,0,0,52,86,Shot
22,0.460232489177282,1,0.000150208577396319,0.000326375431827584,0.000150208577396319,54,86,Shot
14,0.369710909362944,1,0.000508784650841523,0.00137616888751868,0.000508784650841523,56,86,Shot
11,0.147048711451481,1,0.000633984714293647,0.00431139251772928,0.000633984714293647,58,86,Shot
8,0.0407431250713329,1,0.000290622404107832,0.00713304155238489,0.000290622404107832,60,86,Shot
3,0.0523470564989717,0,0,0,0,62,86,Shot
1,0.0562535733459764,0,0,0,0,64,86,Shot
1,0.0228709961744665,0,0,0,0,66,86,Shot
1,0.00342078331806113,0,0,0,0,68,86,Shot
1,0.000188222513274965,0,0,0,0,70,86,Shot
1,0.00018346517073118,0,0,0,0,16,88,Shot
3,0.00497000767809791,0,0,0,0,18,88,Shot
7,0.0509050297317236,0,0,0,0,20,88,Shot
11,0.210275311237728,0,0,0,0,22,88,Shot
18,0.406999885646137,0,0,0,0,24,88,Shot
25,0.508829170239756,0,0,0,0,26,88,Shot
28,0.645939521159795,0,0,0,0,28,88,Shot
37,0.928030814917416,2,0.000166233382971798,0.000179124852644673,0.000166233382971798,30,88,Shot
45,1.17019983240983,3,0.0010342836812727,0.000883852187145477,0.0010342836812727,32,88,Shot
49,1.20567789468962,2,0.00301952319652688,0.0025044194720881,0.00301952319652688,34,88,Shot
51,1.25314213737358,4,0.00443227215012617,0.00353692691191092,0.00443227215012617,36,88,Shot
53,1.50886471903692,4,0.0154941880960389,0.01026877221036,0.0154941880960389,38,88,Shot
46,1.85231244257366,3,0.0836127795461188,0.0451396738608227,0.0836127795461188,40,88,Shot
43,1.78303725998112,2,0.187023060403263,0.104890158271422,0.187023060403263,42,88,Shot
44,1.35588876604078,2,0.155534097206905,0.114710071432384,0.155534097206905,44,88,Shot
42,1.04923853085768,1,0.0476779756674874,0.0454405497561303,0.0476779756674874,46,88,Shot
40,0.969576331272488,1,0.00538959134729091,0.00555870762667805,0.00538959134729091,48,88,Shot
36,0.924073835808698,1,0.000224129687012499,0.000242545214816469,0.000224129687012499,50,88,Shot
29,0.852456080510532,1,0.000290622404107834,0.00034092360973457,0.000290622404107834,52,88,Shot
26,0.782989555624404,1,0.00267585663165896,0.00341748700533441,0.00267585663165896,54,88,Shot
23,0.522179911802605,1,0.00906362875968453,0.0173572911458738,0.00906362875968453,56,88,Shot
17,0.193382805563221,1,0.0112939768921254,0.058402177273373,0.0112939768921254,58,88,Shot
10,0.0372206225740893,1,0.00517722689889258,0.139095655602941,0.00517722689889258,60,88,Shot
5,0.00950069497197957,1,0.00087307795221838,0.0918962196758608,0.00087307795221838,62,88,Shot
1,0.0073145796244823,0,0,0,0,64,88,Shot
1,0.00297388614907129,0,0,0,0,66,88,Shot
1,0.000444800045041913,0,0,0,0,68,88,Shot
3,0.000460294570977451,0,0,0,0,16,90,Shot
8,0.00523179374983831,0,0,0,0,18,90,Shot
10,0.046277115513748,0,0,0,0,20,90,Shot
18,0.236260465834732,0,0,0,0,22,90,Shot
25,0.590754439310455,0,0,0,0,24,90,Shot
30,0.890102796406585,1,0.000110655840006903,0.000124318045571398,0.000110655840006903,26,90,Shot
39,1.20276726327332,1,0.00083415967777934,0.000693533739444472,0.00083415967777934,28,90,Shot
45,1.4386101052329,3,0.00371299269543057,0.0025809583026872,0.00371299269543057,30,90,Shot
51,1.44294780841639,3,0.0139405635430839,0.00966116962912435,0.0139405635430839,32,90,Shot
57,1.33548137985119,4,0.0366223014277458,0.0274225473902352,0.0366223014277458,34,90,Shot
64,1.28749359538889,5,0.0428796363275783,0.0333047375778413,0.0428796363275783,36,90,Shot
60,1.56029793459558,4,0.033545770187541,0.0214995927660673,0.033545770187541,38,90,Shot
58,1.89820979465446,4,0.0644876098507337,0.0339728569688857,0.0644876098507337,40,90,Shot
54,1.85935215631475,3,0.109360303415677,0.0588163479652127,0.109360303415677,42,90,Shot
52,1.58096871892205,2,0.0820613246145433,0.0519057231382131,0.0820613246145433,44,90,Shot
54,1.44527002489284,3,0.0243549477832157,0.016851486133203,0.0243549477832157,46,90,Shot
47,1.64980207858631,2,0.00281933183969737,0.00170889094897565,0.00281933183969737,48,90,Shot
43,1.71174915979269,2,0.000187397726421813,0.00010947732928609,0.000187397726421813,50,90,Shot
36,1.37934788634578,1,0.00190459533838238,0.00138079403842645,0.00190459533838238,52,90,Shot
29,1.05890531059231,1,0.0175362394461035,0.0165607248076736,0.0175362394461035,54,90,Shot
28,0.685362755725941,1,0.0593985351456882,0.0866672935601423,0.0593985351456882,56,90,Shot
21,0.303357377017062,1,0.0740151324760188,0.243986591668927,0.0740151324760188,58,90,Shot
18,0.0817887025705235,1,0.0339289816545594,0.414837020128833,0.0339289816545594,60,90,Shot
10,0.0114036312381971,1,0.00572172060493506,0.501745495397103,0.00572172060493506,62,90,Shot
3,0.000894745294786748,1,0.000354967005960446,0.396724082293217,0.000354967005960446,64,90,Shot
1,0.000142255515309153,0,0,0,0,66,90,Shot
3,0.000744072849372466,0,0,0,0,14,92,Shot
5,0.00638300629684059,0,0,0,0,16,92,Shot
10,0.0300820476905453,0,0,0,0,18,92,Shot
12,0.0972539813747781,0,0,0,0,20,92,Shot
22,0.302687089691237,0,0,0,0,22,92,Shot
26,0.673222045345718,0,0,0,0,24,92,Shot
33,1.04938066586896,1,0.00126955896082738,0.00120981737335145,0.00126955896082738,26,92,Shot
45,1.52961670646322,3,0.00989757919436665,0.00647062702214584,0.00989757919436665,28,92,Shot
50,1.78809042410003,3,0.0335408398283696,0.0187579103250615,0.0335408398283696,30,92,Shot
56,1.79977736804653,3,0.0829609709446314,0.0460951295518717,0.0829609709446314,32,92,Shot
64,1.94075801272593,4,0.17706237823697,0.0912336195836559,0.17706237823697,34,92,Shot
67,1.77592899663196,5,0.194216226971361,0.1093603558136,0.194216226971361,36,92,Shot
66,1.66839079895068,5,0.12556229498225,0.0752595225658287,0.12556229498225,38,92,Shot
65,1.791196310469,4,0.123876191260315,0.0691583555282556,0.123876191260315,40,92,Shot
64,1.67990951934167,5,0.101732959423919,0.0605585945270353,0.101732959423919,42,92,Shot
57,1.50944047993117,3,0.0401309564637282,0.0265866438573041,0.0401309564637282,44,92,Shot
56,1.52260072303131,3,0.0105979597719395,0.0069604326410934,0.0105979597719395,46,92,Shot
49,1.69970121282917,3,0.00439535976545423,0.00258596024541167,0.00439535976545423,48,92,Shot
46,1.71883611209966,3,0.00183309970443006,0.00106647730491933,0.00183309970443006,50,92,Shot
45,1.49019123858577,3,0.00560969377573984,0.00376441199658614,0.00560969377573984,52,92,Shot
39,1.32079315909457,2,0.0437152754250987,0.0330977451874952,0.0437152754250987,54,92,Shot
34,1.01400261918805,2,0.144148192938546,0.142157614004953,0.144148192938546,56,92,Shot
26,0.574816511585835,2,0.178671307350765,0.310831898091857,0.178671307350765,58,92,Shot
17,0.207917467408705,1,0.0817993719100125,0.393422317660395,0.0817993719100125,60,92,Shot
12,0.039731835400631,1,0.0137944945266393,0.347189964610097,0.0137944945266393,62,92,Shot
6,0.00378147023216061,1,0.000855789850457839,0.22631140744664,0.000855789850457839,64,92,Shot
1,0.0000929465729996705,0,0,0,0,66,92,Shot
1,0.000543823553576368,0,0,0,0,12,94,Shot
3,0.00687711280527102,0,0,0,0,14,94,Shot
6,0.0423377657564287,0,0,0,0,16,94,Shot
9,0.15302512930336,0,0,0,0,18,94,Shot
16,0.332069272530432,0,0,0,0,20,94,Shot
25,0.536174658410262,0,0,0,0,22,94,Shot
30,0.725199721797575,1,0.000261497531633309,0.000360586916642945,0.000261497531633309,24,94,Shot
33,0.989047688029848,1,0.00535842219539461,0.00541775918415867,0.00535842219539461,26,94,Shot
45,1.47221205959825,3,0.0410893408614685,0.0279099336223896,0.0410893408614685,28,94,Shot
49,1.81392582019221,3,0.126342793842586,0.0696515769477265,0.126342793842586,30,94,Shot
54,2.1356512627832,3,0.224234388247914,0.104995788477043,0.224234388247914,32,94,Shot
63,2.65624305822188,4,0.358729191713411,0.135051342761362,0.358729191713411,34,94,Shot
69,2.32428219846203,4,0.35730116907339,0.153725382102834,0.35730116907339,36,94,Shot
65,1.74520903329446,5,0.222128963872846,0.127279288403366,0.222128963872846,38,94,Shot
65,1.71346603014409,5,0.211387508458648,0.123368368406389,0.211387508458648,40,94,Shot
65,1.46508483216593,5,0.156941583930386,0.107121158095924,0.156941583930386,42,94,Shot
55,1.22500503444836,3,0.0582805511290077,0.0475757645806351,0.0582805511290077,44,94,Shot
54,1.36188216817535,3,0.040177901824218,0.0295017460123209,0.040177901824218,46,94,Shot
53,1.33674722906381,3,0.037511279163583,0.0280616098152334,0.037511279163583,48,94,Shot
52,1.15317983340765,3,0.0169928331866979,0.0147356315939761,0.0169928331866979,50,94,Shot
48,1.25272267850191,3,0.0174332648899716,0.013916300222823,0.0174332648899716,52,94,Shot
44,1.44690344963342,3,0.0577467661134963,0.0399105870734684,0.0577467661134963,54,94,Shot
34,1.24536333459587,2,0.140242891082124,0.112612028302274,0.140242891082124,56,94,Shot
26,0.838603499385962,2,0.161463258118206,0.192538259423472,0.161463258118206,58,94,Shot
20,0.428569929002587,2,0.0728339469286817,0.169946470808599,0.0728339469286817,60,94,Shot
11,0.126820002587348,1,0.0122346191098594,0.0964723139903163,0.0122346191098594,62,94,Shot
6,0.017762595022131,1,0.000759017507906179,0.0427312285710784,0.000759017507906179,64,94,Shot
3,0.00097313977238767,0,0,0,0,66,94,Shot
1,0.000128846895667396,0,0,0,0,10,96,Shot
2,0.00304870033157663,0,0,0,0,12,96,Shot
3,0.02980326674381,0,0,0,0,14,96,Shot
7,0.134696779036401,0,0,0,0,16,96,Shot
10,0.357776675108147,0,0,0,0,18,96,Shot
17,0.627226991024495,0,0,0,0,20,96,Shot
21,0.809661849187741,0,0,0,0,22,96,Shot
31,0.865110885690688,1,0.000406029104989935,0.000469337644116879,0.000406029104989935,24,96,Shot
35,0.964167243799024,1,0.00832006082262055,0.00862927140092184,0.00832006082262055,26,96,Shot
49,1.1804412753473,3,0.0633175833911452,0.0536389100529517,0.0633175833911452,28,96,Shot
62,1.42547174238077,5,0.18637834957471,0.130748540313699,0.18637834957471,30,96,Shot
62,1.90145877950458,5,0.267595164797511,0.140731509766008,0.267595164797511,32,96,Shot
65,2.53174274678228,6,0.313434341412548,0.123801812727975,0.313434341412548,34,96,Shot
66,2.28411842087296,7,0.271536803691032,0.11888035279154,0.271536803691032,36,96,Shot
63,1.65382771252492,7,0.157333266977461,0.0951328036082172,0.157333266977461,38,96,Shot
67,1.5675550727399,6,0.144748918947659,0.0923405636362455,0.144748918947659,40,96,Shot
62,1.37630382799676,6,0.11066237868767,0.0804054863734133,0.11066237868767,42,96,Shot
55,1.1949851436621,4,0.0743258058101963,0.0621981002896993,0.0743258058101963,44,96,Shot
50,1.45347590981641,2,0.129088923969983,0.088813941186193,0.129088923969983,46,96,Shot
55,1.36744945440434,3,0.134614646047468,0.0984421366463644,0.134614646047468,48,96,Shot
46,0.948008046826418,2,0.064151634510952,0.0676699261421968,0.064151634510952,50,96,Shot
49,1.02508229884145,3,0.066956324414275,0.0653179988474578,0.066956324414275,52,96,Shot
46,1.35919783097318,3,0.116452154781864,0.0856771193480235,0.116452154781864,54,96,Shot
34,1.27763510888112,2,0.109656298525997,0.0858275557424435,0.109656298525997,56,96,Shot
26,1.06220486777613,2,0.0681272111768716,0.0641375437485098,0.0681272111768716,58,96,Shot
23,0.742196198727383,2,0.0251376407367795,0.0338692663474727,0.0251376407367795,60,96,Shot
13,0.274323573475956,1,0.00399190901045604,0.0145518263701312,0.00399190901045604,62,96,Shot
7,0.0430489591396989,1,0.00024765207659492,0.00575280056809875,0.00024765207659492,64,96,Shot
4,0.00267616849482975,0,0,0,0,66,96,Shot
1,0.000259465784999385,0,0,0,0,10,98,Shot
1,0.00599466295101963,0,0,0,0,12,98,Shot
4,0.0545820874131102,0,0,0,0,14,98,Shot
8,0.204889792974338,0,0,0,0,16,98,Shot
10,0.408840308242976,0,0,0,0,18,98,Shot
14,0.59086014826169,0,0,0,0,20,98,Shot
19,0.716564808587767,0,0,0,0,22,98,Shot
32,0.769540656710618,2,0.000306459227760344,0.00039823656500528,0.000306459227760344,24,98,Shot
44,0.818305530619019,3,0.0051213547704209,0.00625848729941588,0.0051213547704209,26,98,Shot
60,0.820211771914219,7,0.0381017893582873,0.0464535997445695,0.0381017893582873,28,98,Shot
73,0.910460770038914,8,0.113239307016881,0.124375822378422,0.113239307016881,30,98,Shot
74,1.30213171072028,7,0.157581152386462,0.121017828756582,0.157581152386462,32,98,Shot
80,1.83859942119691,8,0.148885443724347,0.0809776409194254,0.148885443724347,34,98,Shot
77,1.8798877693967,9,0.106077964749971,0.0564278179138395,0.106077964749971,36,98,Shot
72,1.48327802732985,8,0.0694873358359773,0.046847141638757,0.0694873358359773,38,98,Shot
70,1.30796829155803,7,0.0731812457102994,0.0559503209539792,0.0731812457102994,40,98,Shot
64,1.22158536532317,7,0.0571067902686342,0.0467480962769446,0.0571067902686342,42,98,Shot
50,1.14366842956953,5,0.0717926294744012,0.0627739890498016,0.0717926294744012,44,98,Shot
53,1.33671363786499,4,0.167987615205311,0.125672103917203,0.167987615205311,46,98,Shot
54,1.27541126866781,2,0.178458798151037,0.139922550894066,0.178458798151037,48,98,Shot
55,0.925260466002942,2,0.0917457785206661,0.0991567044002227,0.0917457785206661,50,98,Shot
51,1.0508878707799,3,0.120321729854161,0.114495307444043,0.120321729854161,52,98,Shot
42,1.49919100891686,3,0.198887828346502,0.132663434588095,0.198887828346502,54,98,Shot
34,1.36237196034205,2,0.134343325718027,0.0986098728017697,0.134343325718027,56,98,Shot
29,1.01027194898571,2,0.0374685909503573,0.0370876287201429,0.0374685909503573,58,98,Shot
25,0.692940947393,2,0.00562193024355302,0.00811314479928483,0.00562193024355302,60,98,Shot
19,0.262413019591991,2,0.000570115793718863,0.00217258958646678,0.000570115793718863,62,98,Shot
7,0.04168716059824,0,0,0,0,64,98,Shot
4,0.00258460515292945,0,0,0,0,66,98,Shot
1,0.00019221698117103,0,0,0,0,10,100,Shot
1,0.00444095554096099,0,0,0,0,12,100,Shot
4,0.0392827771944954,0,0,0,0,14,100,Shot
8,0.140603165101105,0,0,0,0,16,100,Shot
9,0.271242613570311,0,0,0,0,18,100,Shot
12,0.431836096835806,0,0,0,0,20,100,Shot
25,0.568510142940296,1,0.000138549109526863,0.000243705607098401,0.000138549109526863,22,100,Shot
35,0.596635355072866,2,0.00157114000654161,0.00263333373254378,0.00157114000654161,24,100,Shot
48,0.678003806992861,5,0.00903581616038261,0.0133270876463939,0.00903581616038261,26,100,Shot
64,0.77548188254655,7,0.0330208280306897,0.042581043830779,0.0330208280306897,28,100,Shot
81,0.894715332902074,8,0.097409842213971,0.108872440911474,0.097409842213971,30,100,Shot
87,1.23766131124755,11,0.194904383193066,0.157477963819201,0.194904383193066,32,100,Shot
91,1.62539206889726,11,0.210915186208105,0.129762652497253,0.210915186208105,34,100,Shot
93,1.75422655167855,17,0.129121650096558,0.0736060288068304,0.129121650096558,36,100,Shot
86,1.54467651795998,13,0.139241730212234,0.0901429707730183,0.139241730212234,38,100,Shot
83,1.28229619440605,14,0.201706422470728,0.157300960067308,0.201706422470728,40,100,Shot
69,1.09465098927579,11,0.143853108133405,0.131414587428069,0.143853108133405,42,100,Shot
67,0.964861490281247,12,0.0717405804465406,0.0743532425836884,0.0717405804465406,44,100,Shot
51,0.975176440362398,8,0.088582952459237,0.0908378717868917,0.088582952459237,46,100,Shot
50,0.963682197159221,7,0.0890470152419564,0.0924028850013547,0.0890470152419564,48,100,Shot
51,0.880431390087582,5,0.0503384564246509,0.0571747634073377,0.0503384564246509,50,100,Shot
50,1.0634597159416,4,0.0822252095425783,0.0773185935583608,0.0822252095425783,52,100,Shot
44,1.43988146027004,4,0.138083131678971,0.0958989579969134,0.138083131678971,54,100,Shot
38,1.23156955810349,3,0.0907912910586207,0.0737199863874773,0.0907912910586207,56,100,Shot
30,0.70247879132761,3,0.0221829314949174,0.0315780800342656,0.0221829314949174,58,100,Shot
23,0.365957415856977,2,0.00206542903928231,0.00564390541026643,0.00206542903928231,60,100,Shot
16,0.126515996530851,0,0,0,0,62,100,Shot
8,0.0200868372791671,0,0,0,0,64,100,Shot
5,0.00129767923391968,0,0,0,0,66,100,Shot
1,0.00121030157636244,0,0,0,0,12,102,Shot
3,0.0109404956510711,0,0,0,0,14,102,Shot
6,0.0449010055023022,0,0,0,0,16,102,Shot
9,0.132084553655805,0,0,0,0,18,102,Shot
15,0.329089716889885,0,0,0,0,20,102,Shot
29,0.513248954117406,1,0.00102374714275088,0.0019946404849696,0.00102374714275088,22,102,Shot
43,0.571275457122406,3,0.0118701298009593,0.0207782946964864,0.0118701298009593,24,102,Shot
58,0.900472140511927,7,0.0569747254012527,0.0632720578882785,0.0569747254012527,26,102,Shot
70,1.49014242328384,8,0.147138160241771,0.098741004848061,0.147138160241771,28,102,Shot
86,1.9025302447568,8,0.28740278852109,0.151063453163568,0.28740278852109,30,102,Shot
99,2.27972544120052,12,0.446003297457779,0.195639040297287,0.446003297457779,32,102,Shot
103,2.52844367412263,19,0.43012273131189,0.170113629864087,0.43012273131189,34,102,Shot
102,2.45901647851381,20,0.254109167186914,0.103337724414313,0.254109167186914,36,102,Shot
94,2.22274533277436,17,0.309308893171253,0.139156244582092,0.309308893171253,38,102,Shot
87,1.85717353984153,16,0.484180804556445,0.260708433632842,0.484180804556445,40,102,Shot
83,1.42427892084179,14,0.369150916925137,0.259184427658986,0.369150916925137,42,102,Shot
79,1.2190511488637,16,0.153292319414939,0.125747241662359,0.153292319414939,44,102,Shot
69,1.1632714626178,15,0.068313462170682,0.0587252970316586,0.068313462170682,46,102,Shot
66,1.0599887132856,11,0.045501107996791,0.0429260306515464,0.045501107996791,48,102,Shot
59,0.973898206084976,10,0.0291251339385998,0.0299057270632847,0.0291251339385998,50,102,Shot
52,1.04379406569588,9,0.0318468283237771,0.0305106432105891,0.0318468283237771,52,102,Shot
45,1.23454603215781,4,0.0446659277846557,0.0361800423971119,0.0446659277846557,54,102,Shot
38,1.15761054444478,3,0.0297050382460164,0.0256606493337218,0.0297050382460164,56,102,Shot
30,0.737365666171358,2,0.00749834675871192,0.010169102119503,0.00749834675871192,58,102,Shot
21,0.376591735537101,2,0.000704149504789044,0.00186979542656393,0.000704149504789044,60,102,Shot
14,0.137573186115301,0,0,0,0,62,102,Shot
7,0.0277637549064203,0,0,0,0,64,102,Shot
3,0.00259300385751028,0,0,0,0,66,102,Shot
1,0.000104566668514478,0,0,0,0,68,102,Shot
1,0.000121343436601985,0,0,0,0,12,104,Shot
2,0.00125615405673974,0,0,0,0,14,104,Shot
4,0.00825682641039487,0,0,0,0,16,104,Shot
8,0.0482524449554479,0,0,0,0,18,104,Shot
19,0.184279163114584,1,0.0000947483892861578,0.000514156824270161,0.0000947483892861578,20,104,Shot
32,0.394946349119831,1,0.00278283325507659,0.00704610451844497,0.00278283325507659,22,104,Shot
41,0.699108951255363,4,0.032484119449786,0.0464650315111193,0.032484119449786,24,104,Shot
55,1.55631821823907,5,0.153794472589482,0.0988194257363995,0.153794472589482,26,104,Shot
73,2.72797028583429,8,0.367514469919105,0.134720847887355,0.367514469919105,28,104,Shot
86,3.33787139379589,10,0.557843166997824,0.167125422517682,0.557843166997824,30,104,Shot
97,3.63723101238273,14,0.597714931052865,0.164332408092304,0.597714931052865,32,104,Shot
104,3.8248980934933,20,0.461089709464275,0.120549540979577,0.461089709464275,34,104,Shot
105,3.53919990181523,20,0.322992722732055,0.0912615087286803,0.322992722732055,36,104,Shot
112,3.21941029455884,21,0.545652884894774,0.169488457503223,0.545652884894774,38,104,Shot
107,2.81995939553017,20,0.86821316776157,0.30788144295189,0.86821316776157,40,104,Shot
101,2.0736694007909,18,0.691077107441551,0.333262914126028,0.691077107441551,42,104,Shot
85,1.79722701512398,16,0.380327683585203,0.211619166852423,0.380327683585203,44,104,Shot
80,1.90548808219865,17,0.255709236856623,0.134196187971731,0.255709236856623,46,104,Shot
66,1.76128857565373,12,0.208394550878332,0.118319367853154,0.208394550878332,48,104,Shot
62,1.41340390537937,12,0.147665852970795,0.104475339574755,0.147665852970795,50,104,Shot
58,1.30470410808152,9,0.0891966592781949,0.0683654314612013,0.0891966592781949,52,104,Shot
51,1.28389379120284,8,0.076119435062933,0.0592879532438731,0.076119435062933,54,104,Shot
39,1.12043303448314,5,0.0518706832529164,0.0462952105628024,0.0518706832529164,56,104,Shot
33,0.798385557429819,2,0.01484315264241,0.0185914593572977,0.01484315264241,58,104,Shot
26,0.508443188946553,1,0.00155467973344218,0.00305772555762489,0.00155467973344218,60,104,Shot
12,0.238721905442944,0,0,0,0,62,104,Shot
3,0.0606304194984153,0,0,0,0,64,104,Shot
3,0.00686980203664692,0,0,0,0,66,104,Shot
1,0.00030181819844459,0,0,0,0,68,104,Shot
4,0.00115367383537882,0,0,0,0,16,106,Shot
10,0.016018469751847,0,0,0,0,18,106,Shot
15,0.108341703135523,1,0.0000947483892861578,0.000874532950323281,0.0000947483892861578,20,106,Shot
28,0.396319506496478,1,0.00278283325507659,0.00702169136128886,0.00278283325507659,22,106,Shot
42,0.996142226949866,4,0.03335868081688,0.0334878694170234,0.03335868081688,24,106,Shot
60,2.15064088370577,7,0.16435523440006,0.0764215149285452,0.16435523440006,26,106,Shot
77,3.374307000729,8,0.40969011327165,0.121414593628599,0.40969011327165,28,106,Shot
90,3.81770179062683,11,0.605590584778614,0.158627000743079,0.605590584778614,30,106,Shot
101,4.09152566763233,15,0.595536528447031,0.145553658176524,0.595536528447031,32,106,Shot
119,4.39926991631614,22,0.508819594652865,0.115660008213122,0.508819594652865,34,106,Shot
123,4.07314026709079,24,0.554342518795571,0.136097085404698,0.554342518795571,36,106,Shot
125,3.784959101648,25,0.916491557317398,0.242140412275089,0.916491557317398,38,106,Shot
118,3.61296458826015,23,1.24448008744041,0.34444845971759,1.24448008744041,40,106,Shot
106,2.82372004285837,22,0.968213841427586,0.342885918834747,0.968213841427586,42,106,Shot
94,2.45893991218336,21,0.655483285909663,0.26657149394417,0.655483285909663,44,106,Shot
83,2.64338151625541,17,0.621235465210793,0.235015438138809,0.621235465210793,46,106,Shot
65,2.49319059028432,13,0.625709870892191,0.25096752463711,0.625709870892191,48,106,Shot
62,1.85727741376809,12,0.473573736375686,0.254982768252637,0.473573736375686,50,106,Shot
59,1.51990138356524,11,0.283723605770692,0.186672378115191,0.283723605770692,52,106,Shot
55,1.36974735892809,11,0.22092701816606,0.161290340679283,0.22092701816606,54,106,Shot
42,1.00331941689103,7,0.143194690992946,0.142720940691711,0.143194690992946,56,106,Shot
30,0.60724216411035,3,0.0408809687477758,0.0673223487497268,0.0408809687477758,58,106,Shot
21,0.394003427593198,2,0.00449533571236686,0.0114093822478322,0.00449533571236686,60,106,Shot
13,0.211574208294734,1,0.000172263424707305,0.000814198602446541,0.000172263424707305,62,106,Shot
4,0.0600844033586886,0,0,0,0,64,106,Shot
4,0.00748105634598284,0,0,0,0,66,106,Shot
2,0.000418017915739021,0,0,0,0,68,106,Shot
3,0.000630284113025183,0,0,0,0,16,108,Shot
7,0.0161536841572972,0,0,0,0,18,108,Shot
15,0.144615558550154,0,0,0,0,20,108,Shot
28,0.569680601144992,1,0.00102374714275088,0.00179705459637079,0.00102374714275088,22,108,Shot
41,1.21768679094951,3,0.0134674365769762,0.0110598527282001,0.0134674365769762,24,108,Shot
57,2.00377224079977,6,0.0773842899740613,0.0386193043293058,0.0773842899740613,26,108,Shot
77,2.7170929970898,8,0.239052909692596,0.0879811290775245,0.239052909692596,28,108,Shot
94,3.03853356805284,15,0.438784062290051,0.144406521258619,0.438784062290051,30,108,Shot
107,3.58776905036038,16,0.572061793170988,0.159447775244487,0.572061793170988,32,108,Shot
123,4.1114266404353,22,0.71193852307696,0.173160945175367,0.71193852307696,34,108,Shot
130,3.895546531004,28,0.933646368124851,0.239670187660221,0.933646368124851,36,108,Shot
129,3.63246833956243,29,1.1127633007133,0.306338059053074,1.1127633007133,38,108,Shot
129,3.71435988591318,27,1.08578341881558,0.292320467635202,1.08578341881558,40,108,Shot
116,3.4603872862871,26,0.839986579959042,0.242743516972149,0.839986579959042,42,108,Shot
101,3.16898696736778,26,0.691787388707621,0.21829922174853,0.691787388707621,44,108,Shot
86,3.04023239740593,20,0.762648588048271,0.250852069302004,0.762648588048271,46,108,Shot
74,2.71903779347854,15,0.858305075552985,0.315665003852312,0.858305075552985,48,108,Shot
70,2.0168575549057,14,0.714134786687711,0.354082907318213,0.714134786687711,50,108,Shot
61,1.62347833425769,12,0.475645967463079,0.292979559644424,0.475645967463079,52,108,Shot
51,1.59567583168717,10,0.330152160183164,0.206904280698468,0.330152160183164,54,108,Shot
39,1.22803115145808,7,0.184622902525117,0.150340569378804,0.184622902525117,56,108,Shot
32,0.599541082095189,6,0.0545187209385948,0.0909340870321525,0.0545187209385948,58,108,Shot
25,0.228433731386957,3,0.00770584320918549,0.0337333858813177,0.00770584320918549,60,108,Shot
16,0.0935855361159685,2,0.000531563326622055,0.0056799730886123,0.000531563326622055,62,108,Shot
7,0.0342799782489061,0,0,0,0,64,108,Shot
2,0.0100035984941221,0,0,0,0,66,108,Shot
2,0.00189782832994147,0,0,0,0,68,108,Shot
1,0.000157625953620669,0,0,0,0,70,108,Shot
2,0.000864632761529456,0,0,0,0,16,110,Shot
5,0.0195422823111685,0,0,0,0,18,110,Shot
12,0.160461106835288,0,0,0,0,20,110,Shot
22,0.549934814245188,1,0.000138549109526863,0.000251937331367225,0.000138549109526863,22,110,Shot
37,0.952247801607783,3,0.00246319635031786,0.0025867178124843,0.00246319635031786,24,110,Shot
52,1.28081889515913,7,0.0197320359514854,0.0154057970459859,0.0197320359514854,26,110,Shot
70,1.65701260280126,9,0.0870801058259823,0.052552470439132,0.0870801058259823,28,110,Shot
94,1.96979160120424,13,0.229149412289146,0.116331804922437,0.229149412289146,30,110,Shot
105,2.57008652329078,18,0.433008023387257,0.168479940057748,0.433008023387257,32,110,Shot
126,3.22456939134537,25,0.67968050769092,0.210781789815148,0.67968050769092,34,110,Shot
125,3.46821534117378,27,0.958522453599354,0.276373396490124,0.958522453599354,36,110,Shot
120,3.69516586114211,25,1.04207982005306,0.282011649601832,1.04207982005306,38,110,Shot
122,4.11763822209396,28,0.842807541881337,0.20468227086078,0.842807541881337,40,110,Shot
112,4.09081360555121,27,0.655695365695132,0.160284830578777,0.655695365695132,42,110,Shot
105,3.37097099899061,27,0.531267459237388,0.15760072080017,0.531267459237388,44,110,Shot
95,2.51943043788296,24,0.499945740563598,0.198436016746584,0.499945740563598,46,110,Shot
86,1.99233516250854,17,0.569990113727871,0.286091479211861,0.569990113727871,48,110,Shot
73,1.64539086358071,15,0.606582056779989,0.368655296565791,0.606582056779989,50,110,Shot
62,1.64885155119258,13,0.567813442332421,0.344369050034695,0.567813442332421,52,110,Shot
49,1.86797142745154,10,0.397336512868994,0.212710166242252,0.397336512868994,54,110,Shot
41,1.59197911056838,7,0.209357990712283,0.131508001155578,0.209357990712283,56,110,Shot
35,0.832849651150165,6,0.0887486952836236,0.106560283913263,0.0887486952836236,58,110,Shot
22,0.254695398877714,3,0.021811701942279,0.0856383823123219,0.021811701942279,60,110,Shot
15,0.0838310719284131,1,0.00224043392856975,0.0267255789175994,0.00224043392856975,62,110,Shot
8,0.0796977336482441,1,0.000093169912675277,0.0011690409301536,0.000093169912675277,64,110,Shot
2,0.049415510546718,0,0,0,0,66,110,Shot
1,0.0118516792359601,0,0,0,0,68,110,Shot
1,0.0010538704872714,0,0,0,0,70,110,Shot
2,0.000542331961495907,0,0,0,0,16,112,Shot
5,0.0110415119485572,0,0,0,0,18,112,Shot
9,0.0838867667005325,0,0,0,0,20,112,Shot
17,0.262100691952983,0,0,0,0,22,112,Shot
27,0.443647166569456,3,0.000349320549772106,0.00078738370510345,0.000349320549772106,24,112,Shot
44,0.73178487197565,5,0.00488908216509696,0.00668103749111069,0.00488908216509696,26,112,Shot
61,1.15754126266626,8,0.0328581695693374,0.0283861756199106,0.0328581695693374,28,112,Shot
79,1.48884691098996,12,0.118234834111868,0.0794136947453192,0.118234834111868,30,112,Shot
89,1.91919064168938,17,0.277052408373166,0.144358982560111,0.277052408373166,32,112,Shot
101,2.46778713813223,18,0.460696333204358,0.186683983430208,0.460696333204358,34,112,Shot
112,2.95509232633923,24,0.671853593009786,0.22735451851079,0.671853593009786,36,112,Shot
116,3.63727879411177,25,0.904187960245942,0.248589127044562,0.904187960245942,38,112,Shot
107,4.24447923400986,28,0.914834503549595,0.215535158287329,0.914834503549595,40,112,Shot
100,3.96687338328579,29,0.707010701453502,0.178228703853381,0.707010701453502,42,112,Shot
98,2.80889842212198,29,0.456732316859043,0.162601934360447,0.456732316859043,44,112,Shot
88,1.68899813749727,21,0.296714992148227,0.175675144667652,0.296714992148227,46,112,Shot
83,1.07268675606425,17,0.25775018141985,0.240284668345818,0.25775018141985,48,112,Shot
75,1.05492674930893,16,0.407869581335493,0.386633082915648,0.407869581335493,50,112,Shot
58,1.54593870190121,12,0.570301228078289,0.368902872653959,0.570301228078289,52,112,Shot
43,1.8894737106313,10,0.448997767013164,0.237631126851268,0.448997767013164,54,112,Shot
33,1.63797893032574,7,0.283653972716354,0.173173151048984,0.283653972716354,56,112,Shot
30,0.926560252624786,6,0.161946653692404,0.174782647144249,0.161946653692404,58,112,Shot
22,0.309054585345351,4,0.0465330131683034,0.150565677957198,0.0465330131683034,60,112,Shot
12,0.144990744680636,1,0.00518966716579892,0.0357930927055376,0.00518966716579892,62,112,Shot
5,0.186142161747788,1,0.00021581570895059,0.00115941335871563,0.00021581570895059,64,112,Shot
1,0.120598827885183,0,0,0,0,66,112,Shot
1,0.0291504271212018,0,0,0,0,68,112,Shot
1,0.00259210312924922,0,0,0,0,70,112,Shot
1,0.0000847940049707946,0,0,0,0,72,112,Shot
1,0.000109248471627658,0,0,0,0,16,114,Shot
2,0.0024401007564038,0,0,0,0,18,114,Shot
8,0.0184953468108331,0,0,0,0,20,114,Shot
11,0.061964903393029,0,0,0,0,22,114,Shot
19,0.17061840652375,1,0.000432951124072073,0.00253754054379711,0.000432951124072073,24,114,Shot
31,0.473429292989896,2,0.00801457774000359,0.0169287744942615,0.00801457774000359,26,114,Shot
43,0.875365631737848,4,0.0565179834557136,0.0645650016479507,0.0565179834557136,28,114,Shot
54,1.27022035924734,7,0.164872637796667,0.129798453155294,0.164872637796667,30,114,Shot
66,1.6683495500022,15,0.267572695377028,0.16038167503727,0.267572695377028,32,114,Shot
76,1.88269168738013,17,0.353157948594169,0.187581403243783,0.353157948594169,34,114,Shot
84,2.13099711362425,19,0.516898883450132,0.242561981968632,0.516898883450132,36,114,Shot
86,2.75507685115877,20,0.809673080818141,0.293884027401122,0.809673080818141,38,114,Shot
90,3.2430829848692,25,0.923558520693812,0.284777948946336,0.923558520693812,40,114,Shot
77,2.92942275605427,19,0.720108086077749,0.24581910705428,0.720108086077749,42,114,Shot
79,2.19987702546754,20,0.516439934606583,0.234758547240532,0.516439934606583,44,114,Shot
77,1.65977648264369,20,0.387942099536098,0.23373153168081,0.387942099536098,46,114,Shot
67,1.06149330353104,16,0.214035857039758,0.201636558919185,0.214035857039758,48,114,Shot
59,0.988129301004376,13,0.25273168835182,0.255767831289825,0.25273168835182,50,114,Shot
48,1.55454140108905,12,0.397313407497191,0.255582390548653,0.397313407497191,52,114,Shot
37,1.70887528339494,6,0.328333069256,0.192134014954981,0.328333069256,54,114,Shot
30,1.30457126364807,6,0.221568630302078,0.169840189245384,0.221568630302078,56,114,Shot
27,0.694028670289522,5,0.134375686619403,0.193616910038236,0.134375686619403,58,114,Shot
21,0.226777865184141,3,0.0393640751275809,0.173579882214773,0.0393640751275809,60,114,Shot
11,0.122010085885162,1,0.00442234264213745,0.0362457137051753,0.00442234264213745,62,114,Shot
4,0.167717629793829,1,0.000183906015943586,0.00109652167258539,0.000183906015943586,64,114,Shot
1,0.109122332041792,0,0,0,0,66,114,Shot
1,0.0263763972109936,0,0,0,0,68,114,Shot
1,0.00234543190275279,0,0,0,0,70,114,Shot
1,0.000076724788522702,0,0,0,0,72,114,Shot
1,0.000187471126996269,0,0,0,0,18,116,Shot
3,0.00175170606322944,0,0,0,0,20,116,Shot
6,0.0113764304187024,0,0,0,0,22,116,Shot
14,0.0705270442903238,1,0.000608273638596861,0.00862468638403318,0.000608273638596861,24,116,Shot
18,0.244968546743226,1,0.0110548535322594,0.0451276446679787,0.0110548535322594,26,116,Shot
24,0.504765603911731,3,0.0750078395674805,0.148599347868,0.0750078395674805,28,116,Shot
30,0.950909712397204,5,0.195337364155124,0.205421568008477,0.195337364155124,30,116,Shot
44,1.39687449325866,8,0.235000536621429,0.168233107380474,0.235000536621429,32,116,Shot
61,1.36531518228146,15,0.258975674774594,0.189681970973063,0.258975674774594,34,116,Shot
64,1.29556930506182,16,0.45342831982324,0.34998383957669,0.45342831982324,36,116,Shot
68,1.6164995299018,19,0.671605845134276,0.415469248651793,0.671605845134276,38,116,Shot
70,1.90660013619605,18,0.656591339908275,0.344378103957484,0.656591339908275,40,116,Shot
66,1.7477866944498,16,0.498075498055834,0.284974991306148,0.498075498055834,42,116,Shot
61,1.5855997593322,14,0.497055069022857,0.31348079242406,0.497055069022857,44,116,Shot
62,1.63605240984409,14,0.497940485575787,0.304354849868923,0.497940485575787,46,116,Shot
53,1.21058130691193,12,0.246243922325861,0.203409651974559,0.246243922325861,48,116,Shot
41,1.00387208221564,9,0.115463592920154,0.115018232866199,0.115463592920154,50,116,Shot
37,1.31656798499931,8,0.141233586611855,0.107274055135047,0.141233586611855,52,116,Shot
31,1.27742317696542,5,0.115363500472647,0.0903095407636944,0.115363500472647,54,116,Shot
24,0.823845688578606,4,0.0727865736647154,0.0883497658284711,0.0727865736647154,56,116,Shot
24,0.353906820570138,4,0.0424162532392219,0.119851471556524,0.0424162532392219,58,116,Shot
19,0.0938893556798658,2,0.0123427317598374,0.131460394742961,0.0123427317598374,60,116,Shot
8,0.041573097965536,1,0.00138634330543796,0.0333471252632469,0.00138634330543796,62,116,Shot
3,0.0557592287942105,0,0,0,0,64,116,Shot
1,0.0363236689224128,0,0,0,0,66,116,Shot
1,0.00877993992367442,0,0,0,0,68,116,Shot
1,0.00078072645920937,0,0,0,0,70,116,Shot
1,0.000087814342735809,0,0,0,0,20,118,Shot
3,0.0022250673211866,0,0,0,0,22,118,Shot
7,0.0187640410711576,1,0.00031438704184491,0.0167547619754552,0.00031438704184491,24,118,Shot
12,0.0704183116838139,1,0.00571371580075858,0.0811396306462701,0.00571371580075858,26,118,Shot
17,0.188388149562989,2,0.0383816012063882,0.203736813039585,0.0383816012063882,28,118,Shot
23,0.496014542230533,4,0.0966364073849903,0.194825754403137,0.0966364073849903,30,118,Shot
28,0.841345651077272,5,0.104981232456281,0.124777767998042,0.104981232456281,32,118,Shot
36,0.827733466295974,9,0.128667185023238,0.155445188895178,0.128667185023238,34,118,Shot
42,0.697160171012824,10,0.300186355073141,0.430584487689586,0.300186355073141,36,118,Shot
52,0.783458497444511,13,0.458615334143918,0.585372850814474,0.458615334143918,38,118,Shot
53,0.901542981521415,13,0.422674124545012,0.468834135707785,0.422674124545012,40,118,Shot
48,0.840070951524645,12,0.299208619375516,0.356170653005538,0.299208619375516,42,118,Shot
41,0.884199696957647,12,0.322973860440818,0.365272530121991,0.322973860440818,44,118,Shot
36,1.06530876172891,9,0.355045964269636,0.33327986873348,0.355045964269636,46,118,Shot
28,0.849115923275395,7,0.17442424303745,0.205418645742295,0.17442424303745,48,118,Shot
25,0.651887863015152,5,0.0422502754985433,0.0648121830388507,0.0422502754985433,50,118,Shot
28,0.728580968075735,7,0.0226530897612968,0.0310920690409004,0.0226530897612968,52,118,Shot
22,0.691251943418366,4,0.0168779293381054,0.0244164656588754,0.0168779293381054,54,118,Shot
19,0.41597264950186,3,0.00936555642904332,0.0225148370698383,0.00936555642904332,56,118,Shot
16,0.143458514515059,2,0.00496272137572582,0.0345934250922755,0.00496272137572582,58,118,Shot
10,0.0265138835062495,1,0.00141434929794494,0.0533437245287573,0.00141434929794494,60,118,Shot
6,0.00603879813202412,1,0.000159880209499941,0.0264755015823574,0.000159880209499941,62,118,Shot
1,0.00676978660140922,0,0,0,0,64,118,Shot
1,0.0044480667572825,0,0,0,0,66,118,Shot
1,0.00107516008332893,0,0,0,0,68,118,Shot
1,0.0000956049736373765,0,0,0,0,70,118,Shot
1,0.000243526275475912,0,0,0,0,22,120,Shot
2,0.00208697702402676,0,0,0,0,24,120,Shot
9,0.00974733083923352,1,0.00108640009494618,0.111456163011659,0.00108640009494618,26,120,Shot
10,0.0396780788637298,1,0.00726355635689236,0.18306219869763,0.00726355635689236,28,120,Shot
14,0.136298951918683,3,0.0181255480181231,0.13298376666122,0.0181255480181231,30,120,Shot
17,0.255851818349451,4,0.0199230392246469,0.0778694454984697,0.0199230392246469,32,120,Shot
20,0.266462570196602,6,0.0335977526019947,0.126088075249014,0.0335977526019947,34,120,Shot
29,0.225188340665479,9,0.103118467493032,0.457920988219441,0.103118467493032,36,120,Shot
27,0.268128014157479,8,0.199887870644324,0.745494167300714,0.199887870644324,38,120,Shot
29,0.3397042713652,10,0.238760292871938,0.702847485291871,0.238760292871938,40,120,Shot
29,0.310892426018026,10,0.167973433174295,0.540294388402229,0.167973433174295,42,120,Shot
25,0.328623527941575,9,0.117844083467445,0.358599045557066,0.117844083467445,44,120,Shot
24,0.409101948145446,6,0.11075420357896,0.270725192292617,0.11075420357896,46,120,Shot
22,0.322514427107263,5,0.0536534149104829,0.16635973587823,0.0536534149104829,48,120,Shot
21,0.235098954601865,5,0.0105596870197041,0.0449159250307456,0.0105596870197041,50,120,Shot
20,0.267488226548862,4,0.00185851964122368,0.00694804278005927,0.00185851964122368,52,120,Shot
16,0.274293674148543,3,0.00096843210165115,0.00353063957693278,0.00096843210165115,54,120,Shot
14,0.153655877476038,2,0.000456490203922159,0.00297086067529923,0.000456490203922159,56,120,Shot
12,0.042847498167998,1,0.000195278128858455,0.00455751530912729,0.000195278128858455,58,120,Shot
4,0.00567837438236232,0,0,0,0,60,120,Shot
3,0.000497358796726538,0,0,0,0,62,120,Shot
1,0.000304973486768079,0,0,0,0,64,120,Shot
1,0.000200381859608876,0,0,0,0,66,120,Shot
