x,y,event,endX,endY,Count,WeightedCount,Goals,WeightedProbabiliticGoals,GoalProbability
112,74,Pass,120,0,3,0,1,0,0.136
112,74,Pass,120,2,5,0,1,0,0.073
112,74,Pass,120,4,5,0,1,0,0.024
112,74,Pass,120,6,5,0,1,0,0.006
112,74,Pass,120,8,6,0,1,0,0.001
112,74,Pass,120,10,6,0,1,0,0
112,74,Pass,120,12,7,0.001,1,0,0
112,74,Pass,120,14,7,0,0,0,0
112,74,Pass,120,16,9,0,0,0,0
112,74,Pass,120,18,9,0,0,0,0
112,74,Pass,120,20,10,0,0,0,0
112,74,Pass,120,22,15,0,0,0,0.001
112,74,Pass,120,24,17,0,0,0,0.001
112,74,Pass,120,26,23,0,0,0,0.002
112,74,Pass,120,28,35,0,0,0,0.004
112,74,Pass,120,30,49,0.001,1,0,0.006
112,74,Pass,120,32,60,0.001,1,0,0.008
112,74,Pass,120,34,70,0.003,1,0,0.007
112,74,Pass,120,36,79,0.006,1,0,0.006
112,74,Pass,120,38,87,0.011,1,0,0.005
112,74,Pass,120,40,90,0.013,1,0,0.004
112,74,Pass,120,42,87,0.013,1,0,0.003
112,74,Pass,120,44,83,0.011,1,0,0.002
112,74,Pass,120,46,75,0.008,0,0,0.002
112,74,Pass,120,48,72,0.005,0,0,0.003
112,74,Pass,120,50,70,0.003,0,0,0.004
112,74,Pass,120,52,67,0.002,0,0,0.004
112,74,Pass,120,54,49,0.001,0,0,0.004
112,74,Pass,120,56,41,0.001,0,0,0.006
112,74,Pass,120,58,33,0.002,0,0,0.006
112,74,Pass,120,60,31,0.003,0,0,0.005
112,74,Pass,120,62,31,0.004,0,0,0.002
112,74,Pass,120,64,35,0.007,0,0,0.001
112,74,Pass,120,66,40,0.01,0,0,0.001
112,74,Pass,120,68,45,0.011,0,0,0.003
112,74,Pass,120,70,45,0.01,0,0,0.007
112,74,Pass,120,72,44,0.009,0,0,0.014
112,74,Pass,120,74,42,0.009,0,0,0.022
112,74,Pass,120,76,39,0.008,0,0,0.027
112,74,Pass,120,78,35,0.006,0,0,0.031
112,74,Pass,120,80,29,0.003,0,0,0.035
112,74,Pass,118,0,5,0,1,0,0.176
112,74,Pass,118,2,7,0,1,0,0.134
112,74,Pass,118,4,6,0,1,0,0.059
112,74,Pass,118,6,6,0,1,0,0.016
112,74,Pass,118,8,6,0,1,0,0.004
112,74,Pass,118,10,7,0.001,1,0,0.001
112,74,Pass,118,12,9,0.001,1,0,0
112,74,Pass,118,14,10,0.001,1,0,0
112,74,Pass,118,16,10,0.001,0,0,0
112,74,Pass,118,18,10,0,0,0,0
112,74,Pass,118,20,11,0,0,0,0.001
112,74,Pass,118,22,17,0,0,0,0.003
112,74,Pass,118,24,23,0,0,0,0.005
112,74,Pass,118,26,29,0,0,0,0.007
112,74,Pass,118,28,45,0.001,1,0,0.009
112,74,Pass,118,30,55,0.002,1,0,0.01
112,74,Pass,118,32,72,0.003,1,0,0.011
112,74,Pass,118,34,86,0.006,1,0,0.01
112,74,Pass,118,36,89,0.012,1,0,0.009
112,74,Pass,118,38,99,0.018,1,0,0.008
112,74,Pass,118,40,95,0.022,1,0,0.006
112,74,Pass,118,42,95,0.021,1,0,0.005
112,74,Pass,118,44,91,0.016,1,0,0.005
112,74,Pass,118,46,90,0.011,1,0,0.005
112,74,Pass,118,48,84,0.006,0,0,0.007
112,74,Pass,118,50,82,0.004,0,0,0.009
112,74,Pass,118,52,76,0.002,0,0,0.01
112,74,Pass,118,54,67,0.002,0,0,0.009
112,74,Pass,118,56,56,0.002,0,0,0.011
112,74,Pass,118,58,51,0.003,0,0,0.014
112,74,Pass,118,60,48,0.004,0,0,0.013
112,74,Pass,118,62,45,0.006,0,0,0.008
112,74,Pass,118,64,46,0.01,0,0,0.004
112,74,Pass,118,66,53,0.014,0,0,0.003
112,74,Pass,118,68,53,0.016,0,0,0.006
112,74,Pass,118,70,54,0.017,0,0,0.013
112,74,Pass,118,72,57,0.017,0,0,0.024
112,74,Pass,118,74,55,0.018,0,0.001,0.035
112,74,Pass,118,76,49,0.017,0,0.001,0.042
112,74,Pass,118,78,44,0.013,0,0.001,0.047
112,74,Pass,118,80,38,0.008,0,0,0.051
112,74,Pass,116,0,6,0,1,0,0.2
112,74,Pass,116,2,7,0,1,0,0.181
112,74,Pass,116,4,7,0,1,0,0.11
112,74,Pass,116,6,7,0,1,0,0.039
112,74,Pass,116,8,6,0.001,1,0,0.01
112,74,Pass,116,10,7,0.001,1,0,0.002
112,74,Pass,116,12,9,0.001,1,0,0
112,74,Pass,116,14,9,0.001,1,0,0
112,74,Pass,116,16,10,0.001,0,0,0
112,74,Pass,116,18,12,0,0,0,0.001
112,74,Pass,116,20,17,0,0,0,0.003
112,74,Pass,116,22,21,0,0,0,0.007
112,74,Pass,116,24,27,0.001,0,0,0.011
112,74,Pass,116,26,39,0.001,1,0,0.015
112,74,Pass,116,28,53,0.001,1,0,0.015
112,74,Pass,116,30,63,0.003,1,0,0.015
112,74,Pass,116,32,84,0.006,1,0,0.014
112,74,Pass,116,34,92,0.011,1,0,0.014
112,74,Pass,116,36,99,0.018,1,0,0.012
112,74,Pass,116,38,99,0.025,1,0,0.01
112,74,Pass,116,40,101,0.03,1,0,0.009
112,74,Pass,116,42,100,0.027,1,0,0.008
112,74,Pass,116,44,100,0.02,1,0,0.007
112,74,Pass,116,46,98,0.013,1,0,0.008
112,74,Pass,116,48,94,0.008,0,0,0.012
112,74,Pass,116,50,94,0.005,0,0,0.016
112,74,Pass,116,52,94,0.003,0,0,0.016
112,74,Pass,116,54,83,0.003,0,0,0.016
112,74,Pass,116,56,78,0.004,0,0,0.02
112,74,Pass,116,58,65,0.005,0,0,0.026
112,74,Pass,116,60,56,0.006,0,0,0.026
112,74,Pass,116,62,61,0.008,0,0,0.017
112,74,Pass,116,64,66,0.012,0,0,0.008
112,74,Pass,116,66,69,0.017,0,0,0.006
112,74,Pass,116,68,72,0.023,0,0,0.01
112,74,Pass,116,70,71,0.026,0,0.001,0.02
112,74,Pass,116,72,67,0.028,0,0.001,0.035
112,74,Pass,116,74,60,0.031,0,0.001,0.048
112,74,Pass,116,76,57,0.031,0,0.002,0.056
112,74,Pass,116,78,56,0.026,0,0.002,0.061
112,74,Pass,116,80,47,0.016,0,0.001,0.065
112,74,Pass,114,0,6,0,1,0,0.202
112,74,Pass,114,2,7,0,1,0,0.201
112,74,Pass,114,4,7,0,1,0,0.155
112,74,Pass,114,6,7,0,1,0,0.073
112,74,Pass,114,8,8,0.001,1,0,0.021
112,74,Pass,114,10,7,0.001,1,0,0.005
112,74,Pass,114,12,10,0.001,1,0,0.001
112,74,Pass,114,14,11,0.001,1,0,0
112,74,Pass,114,16,13,0.001,1,0,0
112,74,Pass,114,18,15,0.001,0,0,0.002
112,74,Pass,114,20,17,0.001,0,0,0.006
112,74,Pass,114,22,25,0.001,0,0,0.012
112,74,Pass,114,24,34,0.001,0,0,0.019
112,74,Pass,114,26,44,0.001,1,0,0.023
112,74,Pass,114,28,56,0.003,1,0,0.021
112,74,Pass,114,30,72,0.006,1,0,0.019
112,74,Pass,114,32,86,0.011,1,0,0.018
112,74,Pass,114,34,96,0.017,1,0,0.016
112,74,Pass,114,36,103,0.025,1,0,0.014
112,74,Pass,114,38,102,0.032,1,0,0.013
112,74,Pass,114,40,106,0.036,1,0,0.011
112,74,Pass,114,42,104,0.032,1,0,0.01
112,74,Pass,114,44,108,0.024,1,0,0.01
112,74,Pass,114,46,107,0.016,2,0,0.011
112,74,Pass,114,48,107,0.01,2,0,0.016
112,74,Pass,114,50,108,0.006,1,0,0.02
112,74,Pass,114,52,107,0.005,1,0,0.02
112,74,Pass,114,54,98,0.005,1,0,0.023
112,74,Pass,114,56,92,0.005,1,0,0.031
112,74,Pass,114,58,79,0.007,1,0,0.041
112,74,Pass,114,60,74,0.008,0,0,0.042
112,74,Pass,114,62,74,0.009,0,0,0.03
112,74,Pass,114,64,84,0.014,0,0,0.014
112,74,Pass,114,66,89,0.022,0,0,0.009
112,74,Pass,114,68,93,0.03,0,0,0.014
112,74,Pass,114,70,95,0.036,0,0.001,0.026
112,74,Pass,114,72,88,0.042,0,0.002,0.042
112,74,Pass,114,74,80,0.048,0,0.003,0.056
112,74,Pass,114,76,70,0.05,0,0.003,0.064
112,74,Pass,114,78,64,0.044,0,0.003,0.068
112,74,Pass,114,80,52,0.03,0,0.002,0.07
112,74,Pass,112,0,6,0,1,0,0.179
112,74,Pass,112,2,7,0,1,0,0.195
112,74,Pass,112,4,7,0,1,0,0.176
112,74,Pass,112,6,7,0,1,0,0.107
112,74,Pass,112,8,8,0.001,1,0,0.039
112,74,Pass,112,10,9,0.001,1,0,0.01
112,74,Pass,112,12,10,0.001,1,0,0.002
112,74,Pass,112,14,11,0.001,1,0,0.001
112,74,Pass,112,16,12,0.001,1,0,0.001
112,74,Pass,112,18,14,0.001,0,0,0.004
112,74,Pass,112,20,19,0.001,0,0,0.009
112,74,Pass,112,22,28,0.001,0,0,0.015
112,74,Pass,112,24,37,0.002,1,0,0.023
112,74,Pass,112,26,45,0.002,1,0,0.028
112,74,Pass,112,28,57,0.005,1,0,0.026
112,74,Pass,112,30,72,0.009,1,0,0.023
112,74,Pass,112,32,87,0.016,1,0,0.021
112,74,Pass,112,34,96,0.024,1,0,0.018
112,74,Pass,112,36,105,0.032,1,0.001,0.016
112,74,Pass,112,38,103,0.038,1,0.001,0.014
112,74,Pass,112,40,108,0.04,1,0,0.012
112,74,Pass,112,42,109,0.036,1,0,0.011
112,74,Pass,112,44,111,0.027,2,0,0.011
112,74,Pass,112,46,114,0.019,2,0,0.013
112,74,Pass,112,48,114,0.012,2,0,0.017
112,74,Pass,112,50,115,0.008,1,0,0.021
112,74,Pass,112,52,114,0.007,1,0,0.023
112,74,Pass,112,54,102,0.007,1,0,0.028
112,74,Pass,112,56,98,0.007,1,0,0.041
112,74,Pass,112,58,86,0.008,1,0,0.055
112,74,Pass,112,60,83,0.009,1,0.001,0.056
112,74,Pass,112,62,84,0.011,0,0,0.04
112,74,Pass,112,64,98,0.016,0,0,0.019
112,74,Pass,112,66,106,0.025,0,0,0.012
112,74,Pass,112,68,108,0.035,0,0.001,0.017
112,74,Pass,112,70,107,0.045,0,0.001,0.029
112,74,Pass,112,72,102,0.055,0,0.002,0.042
112,74,Pass,112,74,84,0.066,0,0.004,0.053
112,74,Pass,112,76,80,0.072,0,0.004,0.06
112,74,Pass,112,78,72,0.065,0,0.004,0.063
112,74,Pass,112,80,63,0.046,0,0.003,0.064
112,74,Pass,110,0,5,0,1,0,0.134
112,74,Pass,110,2,7,0,1,0,0.165
112,74,Pass,110,4,7,0,1,0,0.17
112,74,Pass,110,6,7,0,1,0,0.127
112,74,Pass,110,8,9,0.001,1,0,0.057
112,74,Pass,110,10,9,0.001,1,0,0.017
112,74,Pass,110,12,12,0.001,1,0,0.004
112,74,Pass,110,14,11,0.001,1,0,0.001
112,74,Pass,110,16,12,0.001,1,0,0.001
112,74,Pass,110,18,14,0.001,0,0,0.004
112,74,Pass,110,20,20,0.002,0,0,0.008
112,74,Pass,110,22,30,0.002,0,0,0.013
112,74,Pass,110,24,38,0.003,1,0,0.021
112,74,Pass,110,26,44,0.004,1,0,0.029
112,74,Pass,110,28,55,0.006,1,0,0.029
112,74,Pass,110,30,72,0.012,1,0,0.026
112,74,Pass,110,32,85,0.02,1,0,0.023
112,74,Pass,110,34,99,0.028,1,0.001,0.021
112,74,Pass,110,36,103,0.034,1,0.001,0.018
112,74,Pass,110,38,105,0.038,1,0.001,0.015
112,74,Pass,110,40,105,0.038,1,0,0.013
112,74,Pass,110,42,113,0.034,2,0,0.011
112,74,Pass,110,44,115,0.026,2,0,0.011
112,74,Pass,110,46,114,0.019,2,0,0.013
112,74,Pass,110,48,117,0.013,2,0,0.017
112,74,Pass,110,50,121,0.01,1,0,0.022
112,74,Pass,110,52,111,0.009,1,0,0.027
112,74,Pass,110,54,102,0.009,1,0,0.035
112,74,Pass,110,56,97,0.009,1,0,0.049
112,74,Pass,110,58,95,0.01,1,0.001,0.063
112,74,Pass,110,60,94,0.011,1,0.001,0.062
112,74,Pass,110,62,96,0.013,1,0.001,0.043
112,74,Pass,110,64,107,0.018,0,0,0.021
112,74,Pass,110,66,119,0.027,0,0,0.013
112,74,Pass,110,68,123,0.038,0,0.001,0.018
112,74,Pass,110,70,121,0.05,0,0.001,0.027
112,74,Pass,110,72,119,0.064,0,0.002,0.036
112,74,Pass,110,74,100,0.081,0,0.004,0.044
112,74,Pass,110,76,94,0.09,0,0.004,0.049
112,74,Pass,110,78,88,0.084,0,0.004,0.052
112,74,Pass,110,80,71,0.061,0,0.003,0.053
112,74,Pass,108,0,5,0,1,0,0.083
112,74,Pass,108,2,6,0,1,0,0.117
112,74,Pass,108,4,7,0,1,0,0.139
112,74,Pass,108,6,8,0,1,0,0.121
112,74,Pass,108,8,8,0,1,0,0.065
112,74,Pass,108,10,9,0,1,0,0.021
112,74,Pass,108,12,12,0,1,0,0.005
112,74,Pass,108,14,11,0.001,1,0,0.001
112,74,Pass,108,16,13,0.001,1,0,0.001
112,74,Pass,108,18,12,0.002,0,0,0.002
112,74,Pass,108,20,18,0.003,0,0,0.004
112,74,Pass,108,22,27,0.005,0,0,0.007
112,74,Pass,108,24,37,0.005,1,0,0.013
112,74,Pass,108,26,43,0.005,1,0,0.023
112,74,Pass,108,28,51,0.007,1,0,0.028
112,74,Pass,108,30,70,0.013,1,0,0.028
112,74,Pass,108,32,83,0.02,1,0.001,0.026
112,74,Pass,108,34,92,0.026,1,0.001,0.023
112,74,Pass,108,36,100,0.029,1,0.001,0.02
112,74,Pass,108,38,103,0.031,1,0.001,0.017
112,74,Pass,108,40,105,0.029,1,0,0.014
112,74,Pass,108,42,112,0.025,2,0,0.012
112,74,Pass,108,44,116,0.02,2,0,0.012
112,74,Pass,108,46,116,0.015,2,0,0.014
112,74,Pass,108,48,124,0.012,2,0,0.021
112,74,Pass,108,50,120,0.01,1,0,0.03
112,74,Pass,108,52,114,0.011,1,0,0.037
112,74,Pass,108,54,112,0.011,1,0.001,0.045
112,74,Pass,108,56,107,0.011,1,0.001,0.057
112,74,Pass,108,58,100,0.011,1,0.001,0.066
112,74,Pass,108,60,101,0.012,1,0.001,0.059
112,74,Pass,108,62,114,0.015,1,0.001,0.037
112,74,Pass,108,64,126,0.021,1,0,0.018
112,74,Pass,108,66,138,0.029,0,0,0.012
112,74,Pass,108,68,140,0.039,0,0.001,0.015
112,74,Pass,108,70,135,0.052,0,0.001,0.022
112,74,Pass,108,72,128,0.069,0,0.002,0.028
112,74,Pass,108,74,116,0.087,0,0.003,0.032
112,74,Pass,108,76,105,0.099,0,0.004,0.037
112,74,Pass,108,78,99,0.092,0,0.004,0.04
112,74,Pass,108,80,86,0.066,0,0.003,0.043
112,74,Pass,106,0,4,0,1,0,0.043
112,74,Pass,106,2,5,0,1,0,0.068
112,74,Pass,106,4,5,0,1,0,0.094
112,74,Pass,106,6,8,0,1,0,0.094
112,74,Pass,106,8,8,0,1,0,0.055
112,74,Pass,106,10,10,0,1,0,0.017
112,74,Pass,106,12,11,0,1,0,0.003
112,74,Pass,106,14,11,0.001,1,0,0
112,74,Pass,106,16,11,0.002,1,0,0
112,74,Pass,106,18,13,0.004,0,0,0.001
112,74,Pass,106,20,16,0.006,0,0,0.002
112,74,Pass,106,22,22,0.008,0,0,0.003
112,74,Pass,106,24,30,0.008,1,0,0.006
112,74,Pass,106,26,38,0.007,1,0,0.014
112,74,Pass,106,28,44,0.007,1,0,0.024
112,74,Pass,106,30,59,0.01,1,0,0.029
112,74,Pass,106,32,74,0.015,1,0,0.028
112,74,Pass,106,34,86,0.018,1,0,0.026
112,74,Pass,106,36,96,0.019,1,0,0.024
112,74,Pass,106,38,101,0.019,1,0,0.02
112,74,Pass,106,40,105,0.017,3,0,0.016
112,74,Pass,106,42,111,0.015,3,0,0.014
112,74,Pass,106,44,115,0.012,3,0,0.014
112,74,Pass,106,46,118,0.01,3,0,0.019
112,74,Pass,106,48,121,0.009,3,0,0.033
112,74,Pass,106,50,115,0.01,2,0,0.047
112,74,Pass,106,52,112,0.012,2,0.001,0.055
112,74,Pass,106,54,113,0.013,1,0.001,0.06
112,74,Pass,106,56,112,0.013,1,0.001,0.066
112,74,Pass,106,58,111,0.013,1,0.001,0.067
112,74,Pass,106,60,117,0.014,1,0.001,0.052
112,74,Pass,106,62,129,0.019,1,0.001,0.029
112,74,Pass,106,64,141,0.025,1,0,0.013
112,74,Pass,106,66,158,0.034,0,0,0.009
112,74,Pass,106,68,163,0.043,0,0,0.011
112,74,Pass,106,70,153,0.054,0,0.001,0.016
112,74,Pass,106,72,144,0.07,0,0.001,0.02
112,74,Pass,106,74,128,0.087,0,0.002,0.023
112,74,Pass,106,76,121,0.095,0,0.003,0.027
112,74,Pass,106,78,110,0.086,0,0.003,0.03
112,74,Pass,106,80,97,0.061,0,0.002,0.033
112,74,Pass,104,0,4,0,1,0,0.02
112,74,Pass,104,2,5,0,1,0,0.034
112,74,Pass,104,4,6,0,1,0,0.052
112,74,Pass,104,6,6,0,1,0,0.06
112,74,Pass,104,8,7,0,1,0,0.034
112,74,Pass,104,10,8,0,1,0,0.008
112,74,Pass,104,12,10,0.001,1,0,0.001
112,74,Pass,104,14,10,0.001,1,0,0
112,74,Pass,104,16,9,0.003,0,0,0
112,74,Pass,104,18,12,0.005,0,0,0
112,74,Pass,104,20,13,0.009,0,0,0.001
112,74,Pass,104,22,20,0.011,0,0,0.001
112,74,Pass,104,24,24,0.01,0,0,0.003
112,74,Pass,104,26,36,0.008,1,0,0.007
112,74,Pass,104,28,40,0.006,1,0,0.017
112,74,Pass,104,30,50,0.007,1,0,0.027
112,74,Pass,104,32,63,0.009,1,0,0.03
112,74,Pass,104,34,80,0.01,1,0,0.03
112,74,Pass,104,36,87,0.01,1,0,0.028
112,74,Pass,104,38,94,0.009,2,0,0.025
112,74,Pass,104,40,102,0.007,3,0,0.02
112,74,Pass,104,42,107,0.006,3,0,0.018
112,74,Pass,104,44,113,0.005,3,0,0.02
112,74,Pass,104,46,111,0.005,3,0,0.034
112,74,Pass,104,48,109,0.006,3,0,0.056
112,74,Pass,104,50,110,0.009,2,0.001,0.069
112,74,Pass,104,52,108,0.012,2,0.001,0.072
112,74,Pass,104,54,110,0.014,2,0.001,0.073
112,74,Pass,104,56,116,0.013,2,0.001,0.072
112,74,Pass,104,58,120,0.013,1,0.001,0.065
112,74,Pass,104,60,129,0.015,1,0.001,0.046
112,74,Pass,104,62,140,0.02,1,0,0.023
112,74,Pass,104,64,155,0.028,1,0,0.011
112,74,Pass,104,66,175,0.038,0,0,0.008
112,74,Pass,104,68,174,0.049,0,0,0.009
112,74,Pass,104,70,169,0.06,0,0.001,0.012
112,74,Pass,104,72,155,0.074,0,0.001,0.015
112,74,Pass,104,74,139,0.086,0,0.001,0.017
112,74,Pass,104,76,126,0.088,0,0.002,0.019
112,74,Pass,104,78,117,0.075,0,0.002,0.022
112,74,Pass,104,80,106,0.051,0,0.001,0.025
112,74,Pass,102,0,4,0,1,0,0.008
112,74,Pass,102,2,4,0,1,0,0.015
112,74,Pass,102,4,6,0,1,0,0.026
112,74,Pass,102,6,6,0,1,0,0.032
112,74,Pass,102,8,5,0,1,0,0.016
112,74,Pass,102,10,6,0,1,0,0.003
112,74,Pass,102,12,6,0.001,1,0,0
112,74,Pass,102,14,8,0.002,1,0,0
112,74,Pass,102,16,8,0.003,0,0,0
112,74,Pass,102,18,11,0.005,0,0,0
112,74,Pass,102,20,10,0.009,0,0,0
112,74,Pass,102,22,16,0.011,0,0,0
112,74,Pass,102,24,21,0.01,0,0,0.001
112,74,Pass,102,26,30,0.007,1,0,0.003
112,74,Pass,102,28,35,0.004,1,0,0.011
112,74,Pass,102,30,39,0.004,1,0,0.023
112,74,Pass,102,32,48,0.004,1,0,0.03
112,74,Pass,102,34,62,0.004,1,0,0.032
112,74,Pass,102,36,76,0.004,2,0,0.033
112,74,Pass,102,38,81,0.003,2,0,0.031
112,74,Pass,102,40,89,0.002,3,0,0.028
112,74,Pass,102,42,89,0.002,3,0,0.028
112,74,Pass,102,44,99,0.002,3,0,0.039
112,74,Pass,102,46,97,0.003,3,0,0.061
112,74,Pass,102,48,97,0.004,2,0,0.079
112,74,Pass,102,50,101,0.008,2,0.001,0.084
112,74,Pass,102,52,104,0.012,2,0.001,0.082
112,74,Pass,102,54,105,0.013,2,0.001,0.079
112,74,Pass,102,56,116,0.013,2,0.001,0.074
112,74,Pass,102,58,118,0.012,1,0.001,0.063
112,74,Pass,102,60,136,0.014,1,0.001,0.043
112,74,Pass,102,62,148,0.019,1,0,0.025
112,74,Pass,102,64,172,0.029,1,0,0.016
112,74,Pass,102,66,184,0.041,0,0,0.011
112,74,Pass,102,68,181,0.054,0,0.001,0.01
112,74,Pass,102,70,179,0.069,0,0.001,0.011
112,74,Pass,102,72,171,0.083,0,0.001,0.013
112,74,Pass,102,74,156,0.09,0,0.001,0.014
112,74,Pass,102,76,143,0.085,0,0.001,0.015
112,74,Pass,102,78,126,0.067,0,0.001,0.016
112,74,Pass,102,80,107,0.042,0,0.001,0.017
112,74,Pass,100,0,3,0,1,0,0.004
112,74,Pass,100,2,3,0,1,0,0.007
112,74,Pass,100,4,4,0,1,0,0.011
112,74,Pass,100,6,4,0,1,0,0.014
112,74,Pass,100,8,5,0,1,0,0.005
112,74,Pass,100,10,6,0,1,0,0.001
112,74,Pass,100,12,6,0.001,1,0,0
112,74,Pass,100,14,4,0.001,0,0,0
112,74,Pass,100,16,6,0.002,0,0,0
112,74,Pass,100,18,8,0.004,0,0,0
112,74,Pass,100,20,10,0.006,0,0,0
112,74,Pass,100,22,11,0.007,0,0,0
112,74,Pass,100,24,17,0.007,0,0,0
112,74,Pass,100,26,21,0.005,0,0,0.001
112,74,Pass,100,28,29,0.002,1,0,0.006
112,74,Pass,100,30,34,0.002,1,0,0.017
112,74,Pass,100,32,37,0.001,1,0,0.028
112,74,Pass,100,34,45,0.001,1,0,0.033
112,74,Pass,100,36,51,0.001,2,0,0.037
112,74,Pass,100,38,65,0.001,2,0,0.039
112,74,Pass,100,40,69,0.001,3,0,0.042
112,74,Pass,100,42,77,0.001,3,0,0.05
112,74,Pass,100,44,78,0.001,3,0,0.064
112,74,Pass,100,46,83,0.002,3,0,0.077
112,74,Pass,100,48,87,0.003,2,0,0.083
112,74,Pass,100,50,91,0.006,2,0.001,0.083
112,74,Pass,100,52,89,0.01,2,0.001,0.08
112,74,Pass,100,54,100,0.011,2,0.001,0.075
112,74,Pass,100,56,107,0.012,2,0.001,0.068
112,74,Pass,100,58,118,0.012,2,0.001,0.058
112,74,Pass,100,60,140,0.014,1,0.001,0.048
112,74,Pass,100,62,158,0.019,1,0.001,0.041
112,74,Pass,100,64,181,0.029,1,0.001,0.032
112,74,Pass,100,66,193,0.043,0,0.001,0.022
112,74,Pass,100,68,190,0.061,0,0.001,0.014
112,74,Pass,100,70,182,0.08,0,0.001,0.011
112,74,Pass,100,72,173,0.095,0,0.001,0.011
112,74,Pass,100,74,156,0.099,0,0.001,0.012
112,74,Pass,100,76,144,0.088,0,0.001,0.012
112,74,Pass,100,78,133,0.065,0,0.001,0.012
112,74,Pass,100,80,116,0.038,0,0,0.012
112,74,Pass,98,0,3,0,1,0,0.001
112,74,Pass,98,2,3,0,1,0,0.003
112,74,Pass,98,4,3,0,1,0,0.005
112,74,Pass,98,6,4,0,1,0,0.006
112,74,Pass,98,8,4,0,1,0,0.002
112,74,Pass,98,10,3,0,0,0,0
112,74,Pass,98,12,3,0,0,0,0
112,74,Pass,98,14,3,0.001,0,0,0
112,74,Pass,98,16,3,0.001,0,0,0
112,74,Pass,98,18,5,0.002,0,0,0
112,74,Pass,98,20,5,0.003,0,0,0
112,74,Pass,98,22,7,0.004,0,0,0
112,74,Pass,98,24,11,0.003,0,0,0
112,74,Pass,98,26,15,0.002,0,0,0.001
112,74,Pass,98,28,19,0.001,0,0,0.003
112,74,Pass,98,30,21,0.001,1,0,0.011
112,74,Pass,98,32,27,0,1,0,0.023
112,74,Pass,98,34,35,0,2,0,0.032
112,74,Pass,98,36,40,0,2,0,0.039
112,74,Pass,98,38,43,0,2,0,0.047
112,74,Pass,98,40,47,0,2,0,0.06
112,74,Pass,98,42,55,0,3,0,0.07
112,74,Pass,98,44,58,0,2,0,0.068
112,74,Pass,98,46,67,0.001,2,0,0.064
112,74,Pass,98,48,72,0.003,2,0,0.064
112,74,Pass,98,50,74,0.005,2,0,0.065
112,74,Pass,98,52,85,0.008,2,0.001,0.064
112,74,Pass,98,54,90,0.01,2,0.001,0.06
112,74,Pass,98,56,108,0.012,2,0.001,0.054
112,74,Pass,98,58,119,0.013,2,0.001,0.051
112,74,Pass,98,60,142,0.016,1,0.001,0.056
112,74,Pass,98,62,158,0.022,1,0.001,0.062
112,74,Pass,98,64,174,0.032,1,0.002,0.056
112,74,Pass,98,66,188,0.046,0,0.002,0.039
112,74,Pass,98,68,184,0.066,0,0.001,0.022
112,74,Pass,98,70,177,0.088,0,0.001,0.013
112,74,Pass,98,72,165,0.103,0,0.001,0.01
112,74,Pass,98,74,151,0.106,0,0.001,0.01
112,74,Pass,98,76,145,0.092,0,0.001,0.009
112,74,Pass,98,78,125,0.065,0,0.001,0.009
112,74,Pass,98,80,111,0.036,0,0,0.009
112,74,Pass,96,0,1,0,0,0,0
112,74,Pass,96,2,2,0,0,0,0
112,74,Pass,96,4,2,0,0,0,0
112,74,Pass,96,6,3,0,0,0,0
112,74,Pass,96,8,3,0,0,0,0
112,74,Pass,96,10,2,0,0,0,0
112,74,Pass,96,12,3,0,0,0,0
112,74,Pass,96,14,3,0,0,0,0
112,74,Pass,96,16,3,0.001,0,0,0
112,74,Pass,96,18,2,0.001,0,0,0
112,74,Pass,96,20,3,0.001,0,0,0
112,74,Pass,96,22,4,0.001,0,0,0
112,74,Pass,96,24,5,0.001,0,0,0
112,74,Pass,96,26,10,0.001,0,0,0
112,74,Pass,96,28,12,0,0,0,0.001
112,74,Pass,96,30,12,0,0,0,0.006
112,74,Pass,96,32,14,0,0,0,0.017
112,74,Pass,96,34,16,0,1,0,0.029
112,74,Pass,96,36,19,0,2,0,0.04
112,74,Pass,96,38,20,0,2,0,0.059
112,74,Pass,96,40,21,0,1,0,0.076
112,74,Pass,96,42,25,0,2,0,0.064
112,74,Pass,96,44,34,0,2,0,0.047
112,74,Pass,96,46,42,0.001,2,0,0.041
112,74,Pass,96,48,55,0.002,2,0,0.039
112,74,Pass,96,50,59,0.005,2,0,0.039
112,74,Pass,96,52,77,0.008,2,0,0.039
112,74,Pass,96,54,90,0.011,2,0,0.038
112,74,Pass,96,56,101,0.013,2,0.001,0.038
112,74,Pass,96,58,117,0.016,2,0.001,0.045
112,74,Pass,96,60,134,0.02,1,0.001,0.061
112,74,Pass,96,62,150,0.026,1,0.002,0.077
112,74,Pass,96,64,165,0.036,1,0.003,0.075
112,74,Pass,96,66,177,0.049,0,0.003,0.054
112,74,Pass,96,68,173,0.067,0,0.002,0.031
112,74,Pass,96,70,165,0.087,0,0.001,0.017
112,74,Pass,96,72,154,0.101,0,0.001,0.011
112,74,Pass,96,74,144,0.102,0,0.001,0.008
112,74,Pass,96,76,140,0.086,0,0.001,0.008
112,74,Pass,96,78,127,0.06,0,0,0.007
112,74,Pass,96,80,107,0.033,0,0,0.007
112,74,Pass,94,0,1,0,0,0,0
112,74,Pass,94,2,2,0,0,0,0
112,74,Pass,94,4,2,0,0,0,0
112,74,Pass,94,6,2,0,0,0,0
112,74,Pass,94,8,3,0,0,0,0
112,74,Pass,94,10,2,0,0,0,0
112,74,Pass,94,12,1,0,0,0,0
112,74,Pass,94,14,2,0,0,0,0
112,74,Pass,94,16,2,0,0,0,0
112,74,Pass,94,18,2,0,0,0,0
112,74,Pass,94,20,2,0,0,0,0
112,74,Pass,94,22,3,0,0,0,0
112,74,Pass,94,24,3,0,0,0,0
112,74,Pass,94,26,4,0,0,0,0
112,74,Pass,94,28,4,0,0,0,0
112,74,Pass,94,30,6,0,0,0,0.002
112,74,Pass,94,32,6,0,0,0,0.007
112,74,Pass,94,34,7,0,1,0,0.02
112,74,Pass,94,36,8,0,1,0,0.035
112,74,Pass,94,38,10,0,1,0,0.06
112,74,Pass,94,40,13,0,1,0,0.063
112,74,Pass,94,42,17,0,1,0,0.042
112,74,Pass,94,44,24,0,2,0,0.032
112,74,Pass,94,46,34,0.001,2,0,0.026
112,74,Pass,94,48,48,0.002,2,0,0.023
112,74,Pass,94,50,53,0.005,2,0,0.021
112,74,Pass,94,52,68,0.008,2,0,0.021
112,74,Pass,94,54,81,0.011,2,0,0.022
112,74,Pass,94,56,93,0.014,2,0,0.027
112,74,Pass,94,58,111,0.017,2,0.001,0.04
112,74,Pass,94,60,133,0.021,1,0.001,0.063
112,74,Pass,94,62,145,0.027,1,0.002,0.083
112,74,Pass,94,64,157,0.036,0,0.003,0.083
112,74,Pass,94,66,161,0.047,0,0.003,0.062
112,74,Pass,94,68,163,0.062,0,0.002,0.037
112,74,Pass,94,70,154,0.079,0,0.002,0.02
112,74,Pass,94,72,147,0.089,0,0.001,0.012
112,74,Pass,94,74,137,0.087,0,0.001,0.008
112,74,Pass,94,76,133,0.071,0,0,0.007
112,74,Pass,94,78,117,0.048,0,0,0.005
112,74,Pass,94,80,96,0.026,0,0,0.005
112,74,Pass,92,0,2,0,0,0,0
112,74,Pass,92,2,2,0,0,0,0
112,74,Pass,92,4,1,0,0,0,0
112,74,Pass,92,6,1,0,0,0,0
112,74,Pass,92,8,2,0,0,0,0
112,74,Pass,92,10,2,0,0,0,0
112,74,Pass,92,12,2,0,0,0,0
112,74,Pass,92,14,1,0,0,0,0
112,74,Pass,92,16,2,0,0,0,0
112,74,Pass,92,18,2,0,0,0,0
112,74,Pass,92,20,2,0,0,0,0
112,74,Pass,92,22,2,0,0,0,0
112,74,Pass,92,24,3,0,0,0,0
112,74,Pass,92,26,3,0,0,0,0
112,74,Pass,92,28,3,0,0,0,0
112,74,Pass,92,30,3,0,0,0,0
112,74,Pass,92,32,3,0,0,0,0
112,74,Pass,92,34,4,0,1,0,0.001
112,74,Pass,92,36,6,0,1,0,0.035
112,74,Pass,92,38,5,0,1,0,0.057
112,74,Pass,92,40,5,0,1,0,0.051
112,74,Pass,92,42,14,0,1,0,0.034
112,74,Pass,92,44,19,0,1,0,0.024
112,74,Pass,92,46,32,0.001,2,0,0.018
112,74,Pass,92,48,40,0.002,2,0,0.014
112,74,Pass,92,50,46,0.004,2,0,0.011
112,74,Pass,92,52,64,0.007,2,0,0.011
112,74,Pass,92,54,72,0.011,2,0,0.013
112,74,Pass,92,56,83,0.014,2,0,0.021
112,74,Pass,92,58,97,0.016,2,0.001,0.038
112,74,Pass,92,60,115,0.019,1,0.001,0.064
112,74,Pass,92,62,128,0.024,0,0.002,0.084
112,74,Pass,92,64,139,0.031,0,0.003,0.082
112,74,Pass,92,66,157,0.041,0,0.003,0.061
112,74,Pass,92,68,149,0.054,0,0.002,0.038
112,74,Pass,92,70,145,0.067,0,0.002,0.022
112,74,Pass,92,72,139,0.073,0,0.001,0.015
112,74,Pass,92,74,127,0.067,0,0.001,0.01
112,74,Pass,92,76,121,0.053,0,0,0.007
112,74,Pass,92,78,102,0.034,0,0,0.005
112,74,Pass,92,80,91,0.018,0,0,0.003
112,74,Pass,90,0,1,0,0,0,0
112,74,Pass,90,2,1,0,0,0,0
112,74,Pass,90,4,1,0,0,0,0
112,74,Pass,90,6,1,0,0,0,0
112,74,Pass,90,8,1,0,0,0,0
112,74,Pass,90,10,1,0,0,0,0
112,74,Pass,90,12,2,0,0,0,0
112,74,Pass,90,14,2,0,0,0,0
112,74,Pass,90,16,1,0,0,0,0
112,74,Pass,90,18,1,0,0,0,0
112,74,Pass,90,20,1,0,0,0,0
112,74,Pass,90,22,2,0,0,0,0
112,74,Pass,90,24,1,0,0,0,0
112,74,Pass,90,30,2,0,0,0,0
112,74,Pass,90,32,2,0,0,0,0
112,74,Pass,90,34,1,0,0,0,0
112,74,Pass,90,36,2,0,1,0,0.04
112,74,Pass,90,38,2,0,1,0,0.107
112,74,Pass,90,40,4,0,1,0,0.047
112,74,Pass,90,42,9,0,1,0,0.029
112,74,Pass,90,44,14,0,1,0,0.019
112,74,Pass,90,46,26,0,1,0,0.013
112,74,Pass,90,48,33,0.001,1,0,0.008
112,74,Pass,90,50,40,0.003,2,0,0.006
112,74,Pass,90,52,51,0.006,2,0,0.006
112,74,Pass,90,54,64,0.009,2,0,0.009
112,74,Pass,90,56,71,0.011,2,0,0.017
112,74,Pass,90,58,87,0.013,1,0,0.036
112,74,Pass,90,60,95,0.016,0,0.001,0.063
112,74,Pass,90,62,110,0.02,0,0.002,0.08
112,74,Pass,90,64,125,0.025,0,0.002,0.075
112,74,Pass,90,66,136,0.033,0,0.002,0.055
112,74,Pass,90,68,138,0.044,0,0.002,0.034
112,74,Pass,90,70,132,0.053,0,0.001,0.023
112,74,Pass,90,72,120,0.056,0,0.001,0.017
112,74,Pass,90,74,118,0.049,0,0.001,0.012
112,74,Pass,90,76,109,0.036,0,0,0.008
112,74,Pass,90,78,96,0.022,0,0,0.005
112,74,Pass,90,80,83,0.012,0,0,0.003
112,74,Pass,88,0,1,0,0,0,0
112,74,Pass,88,2,1,0,0,0,0
112,74,Pass,88,4,1,0,0,0,0
112,74,Pass,88,6,1,0,0,0,0
112,74,Pass,88,8,1,0,0,0,0
112,74,Pass,88,10,1,0,0,0,0
112,74,Pass,88,12,1,0,0,0,0
112,74,Pass,88,14,1,0,0,0,0
112,74,Pass,88,16,1,0,0,0,0
112,74,Pass,88,36,1,0,1,0,0.138
112,74,Pass,88,38,1,0,1,0,0.138
112,74,Pass,88,40,3,0,1,0,0.046
112,74,Pass,88,42,5,0,1,0,0.024
112,74,Pass,88,44,12,0,1,0,0.014
112,74,Pass,88,46,19,0,1,0,0.007
112,74,Pass,88,48,29,0.001,1,0,0.004
112,74,Pass,88,50,34,0.002,1,0,0.003
112,74,Pass,88,52,43,0.004,1,0,0.004
112,74,Pass,88,54,56,0.006,1,0,0.007
112,74,Pass,88,56,62,0.008,1,0,0.016
112,74,Pass,88,58,77,0.009,1,0,0.035
112,74,Pass,88,60,85,0.011,0,0.001,0.06
112,74,Pass,88,62,96,0.014,0,0.001,0.074
112,74,Pass,88,64,111,0.018,0,0.001,0.067
112,74,Pass,88,66,117,0.024,0,0.001,0.047
112,74,Pass,88,68,116,0.032,0,0.001,0.03
112,74,Pass,88,70,114,0.038,0,0.001,0.022
112,74,Pass,88,72,104,0.039,0,0.001,0.018
112,74,Pass,88,74,102,0.032,0,0,0.014
112,74,Pass,88,76,94,0.023,0,0,0.01
112,74,Pass,88,78,82,0.013,0,0,0.007
112,74,Pass,88,80,69,0.007,0,0,0.004
112,74,Pass,86,0,1,0,0,0,0
112,74,Pass,86,2,1,0,0,0,0
112,74,Pass,86,4,1,0,0,0,0
112,74,Pass,86,6,1,0,0,0,0
112,74,Pass,86,8,1,0,0,0,0
112,74,Pass,86,10,1,0,0,0,0
112,74,Pass,86,12,1,0,0,0,0
112,74,Pass,86,14,1,0,0,0,0
112,74,Pass,86,16,1,0,0,0,0
112,74,Pass,86,38,1,0,1,0,0.138
112,74,Pass,86,40,2,0,1,0,0.088
112,74,Pass,86,42,3,0,1,0,0.032
112,74,Pass,86,44,9,0,1,0,0.008
112,74,Pass,86,46,16,0,1,0,0.004
112,74,Pass,86,48,23,0,1,0,0.002
112,74,Pass,86,50,29,0.001,1,0,0.002
112,74,Pass,86,52,38,0.002,1,0,0.003
112,74,Pass,86,54,52,0.003,1,0,0.006
112,74,Pass,86,56,56,0.004,1,0,0.015
112,74,Pass,86,58,66,0.006,0,0,0.033
112,74,Pass,86,60,76,0.007,0,0,0.053
112,74,Pass,86,62,88,0.009,0,0.001,0.062
112,74,Pass,86,64,96,0.012,0,0.001,0.055
112,74,Pass,86,66,101,0.015,0,0.001,0.039
112,74,Pass,86,68,101,0.02,0,0.001,0.026
112,74,Pass,86,70,98,0.023,0,0,0.021
112,74,Pass,86,72,96,0.024,0,0,0.018
112,74,Pass,86,74,93,0.019,0,0,0.016
112,74,Pass,86,76,84,0.013,0,0,0.012
112,74,Pass,86,78,72,0.007,0,0,0.008
112,74,Pass,86,80,60,0.003,0,0,0.005
112,74,Pass,84,0,1,0,0,0,0
112,74,Pass,84,2,1,0,0,0,0
112,74,Pass,84,4,1,0,0,0,0
112,74,Pass,84,6,1,0,0,0,0
112,74,Pass,84,8,1,0,0,0,0
112,74,Pass,84,10,1,0,0,0,0
112,74,Pass,84,12,1,0,0,0,0
112,74,Pass,84,14,1,0,0,0,0
112,74,Pass,84,16,1,0,0,0,0
112,74,Pass,84,18,1,0,0,0,0
112,74,Pass,84,40,2,0,1,0,0.033
112,74,Pass,84,42,2,0,1,0,0.013
112,74,Pass,84,44,5,0,1,0,0.004
112,74,Pass,84,46,10,0,1,0,0.002
112,74,Pass,84,48,18,0,1,0,0.001
112,74,Pass,84,50,25,0,1,0,0.001
112,74,Pass,84,52,31,0.001,1,0,0.003
112,74,Pass,84,54,37,0.001,1,0,0.006
112,74,Pass,84,56,48,0.002,0,0,0.014
112,74,Pass,84,58,53,0.003,0,0,0.026
112,74,Pass,84,60,71,0.004,0,0,0.038
112,74,Pass,84,62,73,0.006,0,0,0.041
112,74,Pass,84,64,78,0.007,0,0,0.036
112,74,Pass,84,66,86,0.009,0,0,0.027
112,74,Pass,84,68,80,0.011,0,0,0.02
112,74,Pass,84,70,86,0.013,0,0,0.017
112,74,Pass,84,72,79,0.013,0,0,0.016
112,74,Pass,84,74,72,0.01,0,0,0.014
112,74,Pass,84,76,63,0.007,0,0,0.012
112,74,Pass,84,78,57,0.004,0,0,0.009
112,74,Pass,84,80,48,0.002,0,0,0.006
112,74,Pass,82,0,1,0,0,0,0
112,74,Pass,82,2,1,0,0,0,0
112,74,Pass,82,4,1,0,0,0,0
112,74,Pass,82,6,1,0,0,0,0
112,74,Pass,82,8,1,0,0,0,0
112,74,Pass,82,10,1,0,0,0,0
112,74,Pass,82,12,1,0,0,0,0
112,74,Pass,82,14,1,0,0,0,0
112,74,Pass,82,16,1,0,0,0,0
112,74,Pass,82,18,1,0,0,0,0
112,74,Pass,82,40,1,0,0,0,0
112,74,Pass,82,42,1,0,0,0,0
112,74,Pass,82,44,3,0,1,0,0.001
112,74,Pass,82,46,5,0,1,0,0
112,74,Pass,82,48,10,0,1,0,0
112,74,Pass,82,50,16,0,1,0,0.001
112,74,Pass,82,52,20,0,0,0,0.001
112,74,Pass,82,54,26,0,0,0,0.005
112,74,Pass,82,56,32,0.001,0,0,0.01
112,74,Pass,82,58,38,0.001,0,0,0.016
112,74,Pass,82,60,41,0.002,0,0,0.019
112,74,Pass,82,62,56,0.004,0,0,0.018
112,74,Pass,82,64,60,0.005,0,0,0.016
112,74,Pass,82,66,63,0.005,0,0,0.013
112,74,Pass,82,68,69,0.006,0,0,0.011
112,74,Pass,82,70,66,0.007,0,0,0.011
112,74,Pass,82,72,62,0.007,0,0,0.011
112,74,Pass,82,74,58,0.006,0,0,0.01
112,74,Pass,82,76,49,0.004,0,0,0.009
112,74,Pass,82,78,43,0.002,0,0,0.007
112,74,Pass,82,80,30,0.001,0,0,0.005
112,74,Pass,80,0,1,0,0,0,0
112,74,Pass,80,2,1,0,0,0,0
112,74,Pass,80,4,1,0,0,0,0
112,74,Pass,80,6,1,0,0,0,0
112,74,Pass,80,8,1,0,0,0,0
112,74,Pass,80,10,1,0,0,0,0
112,74,Pass,80,12,1,0,0,0,0
112,74,Pass,80,14,1,0,0,0,0
112,74,Pass,80,16,1,0,0,0,0
112,74,Pass,80,18,1,0,0,0,0
112,74,Pass,80,42,1,0,0,0,0
112,74,Pass,80,44,1,0,0,0,0
112,74,Pass,80,46,3,0,0,0,0
112,74,Pass,80,48,4,0,0,0,0
112,74,Pass,80,50,8,0,0,0,0.001
112,74,Pass,80,52,12,0,0,0,0.001
112,74,Pass,80,54,17,0,0,0,0.001
112,74,Pass,80,56,21,0,0,0,0.005
112,74,Pass,80,58,24,0.001,0,0,0.006
112,74,Pass,80,60,27,0.002,0,0,0.006
112,74,Pass,80,62,33,0.003,0,0,0.006
112,74,Pass,80,64,39,0.003,0,0,0.005
112,74,Pass,80,66,46,0.003,0,0,0.005
112,74,Pass,80,68,45,0.003,0,0,0.005
112,74,Pass,80,70,44,0.004,0,0,0.005
112,74,Pass,80,72,43,0.003,0,0,0.006
112,74,Pass,80,74,38,0.003,0,0,0.006
112,74,Pass,80,76,32,0.002,0,0,0.005
112,74,Pass,80,78,25,0.001,0,0,0.004
112,74,Pass,80,80,19,0,0,0,0.003
112,74,Pass,78,0,1,0,0,0,0
112,74,Pass,78,2,1,0,0,0,0
112,74,Pass,78,4,1,0,0,0,0
112,74,Pass,78,6,1,0,0,0,0
112,74,Pass,78,8,1,0,0,0,0
112,74,Pass,78,10,1,0,0,0,0
112,74,Pass,78,12,1,0,0,0,0
112,74,Pass,78,14,1,0,0,0,0
112,74,Pass,78,16,1,0,0,0,0
112,74,Pass,78,18,1,0,0,0,0
112,74,Pass,78,42,1,0,0,0,0
112,74,Pass,78,44,1,0,0,0,0
112,74,Pass,78,46,1,0,0,0,0
112,74,Pass,78,48,3,0,0,0,0
112,74,Pass,78,50,3,0,0,0,0
112,74,Pass,78,52,6,0,0,0,0.001
112,74,Pass,78,54,8,0,0,0,0.001
112,74,Pass,78,56,10,0,0,0,0
112,74,Pass,78,58,15,0,0,0,0.002
112,74,Pass,78,60,18,0.001,0,0,0.002
112,74,Pass,78,62,18,0.001,0,0,0.001
112,74,Pass,78,64,20,0.002,0,0,0.001
112,74,Pass,78,66,26,0.002,0,0,0.001
112,74,Pass,78,68,29,0.002,0,0,0.002
112,74,Pass,78,70,28,0.002,0,0,0.002
112,74,Pass,78,72,27,0.002,0,0,0.003
112,74,Pass,78,74,25,0.001,0,0,0.003
112,74,Pass,78,76,21,0.001,0,0,0.003
112,74,Pass,78,78,16,0,0,0,0.002
112,74,Pass,78,80,14,0,0,0,0.002
112,74,Pass,76,0,1,0,0,0,0
112,74,Pass,76,2,1,0,0,0,0
112,74,Pass,76,4,1,0,0,0,0
112,74,Pass,76,6,1,0,0,0,0
112,74,Pass,76,8,1,0,0,0,0
112,74,Pass,76,10,1,0,0,0,0
112,74,Pass,76,12,1,0,0,0,0
112,74,Pass,76,14,1,0,0,0,0
112,74,Pass,76,16,1,0,0,0,0
112,74,Pass,76,44,1,0,0,0,0
112,74,Pass,76,46,1,0,0,0,0
112,74,Pass,76,48,3,0,0,0,0
112,74,Pass,76,50,3,0,0,0,0
112,74,Pass,76,52,3,0,0,0,0
112,74,Pass,76,54,5,0,0,0,0
112,74,Pass,76,56,5,0,0,0,0
112,74,Pass,76,58,5,0,0,0,0
112,74,Pass,76,60,9,0,0,0,0
112,74,Pass,76,62,11,0.001,0,0,0
112,74,Pass,76,64,11,0.001,0,0,0
112,74,Pass,76,66,12,0.001,0,0,0
112,74,Pass,76,68,12,0.001,0,0,0
112,74,Pass,76,70,11,0.001,0,0,0.001
112,74,Pass,76,72,11,0.001,0,0,0.001
112,74,Pass,76,74,8,0,0,0,0.001
112,74,Pass,76,76,9,0,0,0,0.001
112,74,Pass,76,78,8,0,0,0,0.001
112,74,Pass,76,80,8,0,0,0,0.001
112,74,Pass,74,0,1,0,0,0,0
112,74,Pass,74,2,1,0,0,0,0
112,74,Pass,74,4,1,0,0,0,0
112,74,Pass,74,6,1,0,0,0,0
112,74,Pass,74,8,1,0,0,0,0
112,74,Pass,74,10,1,0,0,0,0
112,74,Pass,74,12,1,0,0,0,0
112,74,Pass,74,14,1,0,0,0,0
112,74,Pass,74,16,1,0,0,0,0
112,74,Pass,74,46,1,0,0,0,0
112,74,Pass,74,48,1,0,0,0,0
112,74,Pass,74,50,2,0,0,0,0
112,74,Pass,74,52,3,0,0,0,0
112,74,Pass,74,54,4,0,0,0,0
112,74,Pass,74,56,4,0,0,0,0
112,74,Pass,74,58,4,0,0,0,0
112,74,Pass,74,60,4,0,0,0,0
112,74,Pass,74,62,4,0,0,0,0
112,74,Pass,74,64,3,0,0,0,0
112,74,Pass,74,66,5,0,0,0,0
112,74,Pass,74,68,6,0,0,0,0
112,74,Pass,74,70,7,0,0,0,0
112,74,Pass,74,72,7,0,0,0,0
112,74,Pass,74,74,7,0,0,0,0.001
112,74,Pass,74,76,6,0,0,0,0.001
112,74,Pass,74,78,5,0,0,0,0
112,74,Pass,74,80,5,0,0,0,0
112,74,Pass,72,0,1,0,0,0,0
112,74,Pass,72,2,1,0,0,0,0
112,74,Pass,72,4,1,0,0,0,0
112,74,Pass,72,6,1,0,0,0,0
112,74,Pass,72,8,1,0,0,0,0
112,74,Pass,72,10,1,0,0,0,0
112,74,Pass,72,12,1,0,0,0,0
112,74,Pass,72,14,1,0,0,0,0
112,74,Pass,72,50,1,0,0,0,0
112,74,Pass,72,52,2,0,0,0,0
112,74,Pass,72,54,2,0,0,0,0
112,74,Pass,72,56,2,0,0,0,0
112,74,Pass,72,58,2,0,0,0,0
112,74,Pass,72,60,2,0,0,0,0
112,74,Pass,72,62,2,0,0,0,0
112,74,Pass,72,64,3,0,0,0,0
112,74,Pass,72,66,3,0,0,0,0
112,74,Pass,72,68,5,0,0,0,0
112,74,Pass,72,70,4,0,0,0,0
112,74,Pass,72,72,5,0,0,0,0
112,74,Pass,72,74,4,0,0,0,0
112,74,Pass,72,76,4,0,0,0,0
112,74,Pass,72,78,4,0,0,0,0
112,74,Pass,72,80,3,0,0,0,0
112,74,Pass,70,0,1,0,0,0,0
112,74,Pass,70,2,1,0,0,0,0
112,74,Pass,70,4,1,0,0,0,0
112,74,Pass,70,6,1,0,0,0,0
112,74,Pass,70,8,1,0,0,0,0
112,74,Pass,70,10,1,0,0,0,0
112,74,Pass,70,12,1,0,0,0,0
112,74,Pass,70,54,1,0,0,0,0
112,74,Pass,70,56,1,0,0,0,0
112,74,Pass,70,58,2,0,0,0,0
112,74,Pass,70,60,2,0,0,0,0
112,74,Pass,70,62,2,0,0,0,0
112,74,Pass,70,64,2,0,0,0,0
112,74,Pass,70,66,1,0,0,0,0
112,74,Pass,70,68,2,0,0,0,0
112,74,Pass,70,70,3,0,0,0,0
112,74,Pass,70,72,3,0,0,0,0
112,74,Pass,70,74,3,0,0,0,0
112,74,Pass,70,76,2,0,0,0,0
112,74,Pass,70,78,2,0,0,0,0
112,74,Pass,70,80,1,0,0,0,0
112,74,Pass,68,76,1,0,0,0,0
112,74,Pass,68,78,1,0,0,0,0
112,74,Move,120,26,1,0,0,0,0.266
112,74,Move,120,28,1,0,0,0,0.266
112,74,Move,120,30,1,0,0,0,0.266
112,74,Move,120,32,1,0,0,0,0.266
112,74,Move,120,34,1,0,0,0,0.266
112,74,Move,120,36,1,0,0,0,0.266
112,74,Move,120,38,2,0,0,0,0.262
112,74,Move,120,40,2,0,0,0,0.236
112,74,Move,120,42,2,0,0,0,0.131
112,74,Move,120,44,2,0,0,0,0.029
112,74,Move,120,46,3,0,0,0,0.004
112,74,Move,120,48,3,0,0,0,0
112,74,Move,120,50,3,0,0,0,0
112,74,Move,120,52,2,0,0,0,0
112,74,Move,120,54,2,0,0,0,0
112,74,Move,120,56,2,0,0,0,0
112,74,Move,120,58,2,0,0,0,0
112,74,Move,120,60,2,0,0,0,0
112,74,Move,120,62,2,0,0,0,0
112,74,Move,120,64,1,0,0,0,0
112,74,Move,120,66,1,0,0,0,0
112,74,Move,118,26,1,0,0,0,0.266
112,74,Move,118,28,1,0,0,0,0.266
112,74,Move,118,30,1,0,0,0,0.266
112,74,Move,118,32,1,0,0,0,0.266
112,74,Move,118,34,1,0,0,0,0.266
112,74,Move,118,36,1,0,0,0,0.266
112,74,Move,118,38,2,0,0,0,0.259
112,74,Move,118,40,2,0,0,0,0.216
112,74,Move,118,42,2,0,0,0,0.094
112,74,Move,118,44,2,0,0,0,0.017
112,74,Move,118,46,3,0,0,0,0.002
112,74,Move,118,48,3,0,0,0,0
112,74,Move,118,50,3,0,0,0,0
112,74,Move,118,52,2,0,0,0,0
112,74,Move,118,54,2,0,0,0,0
112,74,Move,118,56,2,0,0,0,0
112,74,Move,118,58,2,0,0,0,0
112,74,Move,118,60,2,0,0,0,0
112,74,Move,118,62,2,0,0,0,0
112,74,Move,118,64,1,0,0,0,0
112,74,Move,118,66,1,0,0,0,0
112,74,Move,118,68,1,0,0,0,0
112,74,Move,116,26,1,0,0,0,0.266
112,74,Move,116,28,1,0,0,0,0.266
112,74,Move,116,30,1,0,0,0,0.266
112,74,Move,116,32,1,0,0,0,0.266
112,74,Move,116,34,1,0,0,0,0.266
112,74,Move,116,36,1,0,0,0,0.266
112,74,Move,116,38,2,0,0,0,0.253
112,74,Move,116,40,2,0,0,0,0.188
112,74,Move,116,42,3,0,0,0,0.135
112,74,Move,116,44,4,0,0,0,0.075
112,74,Move,116,46,4,0,0,0,0.04
112,74,Move,116,48,4,0,0,0,0.019
112,74,Move,116,50,4,0,0,0,0.009
112,74,Move,116,52,2,0,0,0,0
112,74,Move,116,54,2,0,0,0,0
112,74,Move,116,56,2,0,0,0,0
112,74,Move,116,58,2,0,0,0,0
112,74,Move,116,60,2,0,0,0,0
112,74,Move,116,62,2,0,0,0,0
112,74,Move,116,64,1,0,0,0,0
112,74,Move,116,66,1,0,0,0,0
112,74,Move,116,68,1,0,0,0,0
112,74,Move,114,26,1,0,0,0,0.266
112,74,Move,114,28,1,0,0,0,0.266
112,74,Move,114,30,1,0,0,0,0.266
112,74,Move,114,32,1,0,0,0,0.266
112,74,Move,114,34,1,0,0,0,0.266
112,74,Move,114,36,1,0,0,0,0.266
112,74,Move,114,38,3,0,0,0,0.248
112,74,Move,114,40,3,0,0,0,0.235
112,74,Move,114,42,3,0,0,0,0.216
112,74,Move,114,44,4,0,0,0,0.186
112,74,Move,114,46,4,0,0,0,0.143
112,74,Move,114,48,4,0,0,0,0.094
112,74,Move,114,50,4,0,0,0,0.051
112,74,Move,114,52,3,0,0,0,0.02
112,74,Move,114,54,3,0,0,0,0.006
112,74,Move,114,56,2,0,0,0,0
112,74,Move,114,58,2,0,0,0,0
112,74,Move,114,60,2,0,0,0,0
112,74,Move,114,62,2,0,0,0,0
112,74,Move,114,64,1,0,0,0,0
112,74,Move,114,66,1,0,0,0,0
112,74,Move,114,68,1,0,0,0,0
112,74,Move,112,28,1,0,0,0,0.266
112,74,Move,112,30,1,0,0,0,0.266
112,74,Move,112,32,1,0,0,0,0.266
112,74,Move,112,34,1,0,0,0,0.266
112,74,Move,112,36,2,0,0,0,0.252
112,74,Move,112,38,3,0,0,0,0.25
112,74,Move,112,40,3,0,0,0,0.248
112,74,Move,112,42,3,0,0,0,0.245
112,74,Move,112,44,4,0.001,0,0,0.239
112,74,Move,112,46,4,0.001,0,0,0.227
112,74,Move,112,48,4,0.001,0,0,0.203
112,74,Move,112,50,4,0.001,0,0,0.159
112,74,Move,112,52,3,0,0,0,0.09
112,74,Move,112,54,3,0,0,0,0.029
112,74,Move,112,56,3,0,0,0,0.006
112,74,Move,112,58,2,0,0,0,0
112,74,Move,112,60,2,0,0,0,0
112,74,Move,112,62,2,0,0,0,0
112,74,Move,112,64,1,0,0,0,0
112,74,Move,112,66,1,0,0,0,0
112,74,Move,112,68,1,0,0,0,0
112,74,Move,110,30,1,0,0,0,0.266
112,74,Move,110,32,1,0,0,0,0.266
112,74,Move,110,34,1,0,0,0,0.266
112,74,Move,110,36,2,0,0,0,0.25
112,74,Move,110,38,4,0,0,0,0.25
112,74,Move,110,40,4,0,0,0,0.25
112,74,Move,110,42,4,0.001,0,0,0.25
112,74,Move,110,44,5,0.002,0,0.001,0.249
112,74,Move,110,46,5,0.002,0,0.001,0.247
112,74,Move,110,48,4,0.002,0,0.001,0.242
112,74,Move,110,50,3,0.001,0,0,0.231
112,74,Move,110,52,3,0.001,0,0,0.194
112,74,Move,110,54,3,0,0,0,0.106
112,74,Move,110,56,3,0,0,0,0.028
112,74,Move,110,58,2,0,0,0,0
112,74,Move,110,60,2,0,0,0,0
112,74,Move,110,62,2,0,0,0,0
112,74,Move,110,64,1,0,0,0,0
112,74,Move,110,66,1,0,0,0,0
112,74,Move,110,68,1,0,0,0,0
112,74,Move,108,30,1,0,0,0,0.266
112,74,Move,108,32,1,0,0,0,0.266
112,74,Move,108,34,3,0,0,0,0.25
112,74,Move,108,36,3,0,0,0,0.25
112,74,Move,108,38,3,0,0,0,0.25
112,74,Move,108,40,4,0.001,0,0,0.25
112,74,Move,108,42,4,0.003,0,0.001,0.25
112,74,Move,108,44,4,0.005,0,0.001,0.25
112,74,Move,108,46,5,0.006,0,0.002,0.25
112,74,Move,108,48,4,0.005,0,0.001,0.249
112,74,Move,108,50,4,0.003,0,0.001,0.247
112,74,Move,108,52,3,0.001,0,0,0.239
112,74,Move,108,54,3,0,0,0,0.201
112,74,Move,108,56,3,0,0,0,0.1
112,74,Move,108,58,3,0,0,0,0.023
112,74,Move,108,60,2,0,0,0,0
112,74,Move,108,62,1,0,0,0,0
112,74,Move,108,64,1,0,0,0,0
112,74,Move,108,66,1,0,0,0,0
112,74,Move,108,68,1,0,0,0,0
112,74,Move,106,24,1,0,0,0,0.004
112,74,Move,106,26,1,0,0,0,0.004
112,74,Move,106,28,1,0,0,0,0.004
112,74,Move,106,30,1,0,0,0,0.004
112,74,Move,106,32,2,0,0,0,0.005
112,74,Move,106,34,3,0,0,0,0.25
112,74,Move,106,36,3,0,0,0,0.25
112,74,Move,106,38,3,0.001,0,0,0.25
112,74,Move,106,40,3,0.002,0,0.001,0.25
112,74,Move,106,42,4,0.005,0,0.001,0.25
112,74,Move,106,44,4,0.009,0,0.002,0.25
112,74,Move,106,46,4,0.011,0,0.003,0.25
112,74,Move,106,48,4,0.009,0,0.002,0.25
112,74,Move,106,50,4,0.005,0,0.001,0.25
112,74,Move,106,52,4,0.002,0,0.001,0.248
112,74,Move,106,54,3,0.001,0,0,0.239
112,74,Move,106,56,3,0,0,0,0.195
112,74,Move,106,58,3,0,0,0,0.087
112,74,Move,106,60,2,0,0,0,0
112,74,Move,106,62,1,0,0,0,0
112,74,Move,106,64,1,0,0,0,0
112,74,Move,106,66,1,0,0,0,0
112,74,Move,106,68,1,0,0,0,0
112,74,Move,104,20,1,0,0,0,0.004
112,74,Move,104,22,1,0,0,0,0.004
112,74,Move,104,24,1,0,0,0,0.004
112,74,Move,104,26,1,0,0,0,0.004
112,74,Move,104,28,1,0,0,0,0.004
112,74,Move,104,30,2,0,0,0,0.005
112,74,Move,104,32,2,0,0,0,0.005
112,74,Move,104,34,3,0,0,0,0.21
112,74,Move,104,36,3,0,0,0,0.248
112,74,Move,104,38,2,0.001,0,0,0.25
112,74,Move,104,40,2,0.003,0,0.001,0.25
112,74,Move,104,42,2,0.007,0,0.002,0.25
112,74,Move,104,44,3,0.011,0,0.003,0.25
112,74,Move,104,46,3,0.014,0,0.003,0.25
112,74,Move,104,48,4,0.011,0,0.003,0.25
112,74,Move,104,50,4,0.007,0,0.002,0.25
112,74,Move,104,52,4,0.003,0,0.001,0.25
112,74,Move,104,54,3,0.001,0,0,0.248
112,74,Move,104,56,3,0,0,0,0.237
112,74,Move,104,58,2,0,0,0,0.184
112,74,Move,104,60,1,0,0,0,0
112,74,Move,104,62,1,0,0,0,0
112,74,Move,104,64,1,0,0,0,0
112,74,Move,104,66,1,0,0,0,0
112,74,Move,102,18,1,0,0,0,0.004
112,74,Move,102,20,1,0,0,0,0.004
112,74,Move,102,22,1,0,0,0,0.004
112,74,Move,102,24,1,0,0,0,0.004
112,74,Move,102,26,1,0,0,0,0.004
112,74,Move,102,28,1,0,0,0,0.004
112,74,Move,102,30,2,0,0,0,0.005
112,74,Move,102,32,2,0,0,0,0.005
112,74,Move,102,34,3,0,0,0,0.114
112,74,Move,102,36,3,0,0,0,0.238
112,74,Move,102,38,3,0.001,0,0,0.249
112,74,Move,102,40,2,0.002,0,0.001,0.25
112,74,Move,102,42,2,0.006,0,0.001,0.25
112,74,Move,102,44,2,0.01,0,0.002,0.25
112,74,Move,102,46,2,0.012,0,0.003,0.25
112,74,Move,102,48,3,0.01,0,0.002,0.25
112,74,Move,102,50,4,0.006,0,0.001,0.25
112,74,Move,102,52,4,0.002,0,0.001,0.25
112,74,Move,102,54,3,0.001,0,0,0.25
112,74,Move,102,56,2,0,0,0,0.248
112,74,Move,102,58,2,0,0,0,0.234
112,74,Move,102,60,1,0,0,0,0
112,74,Move,102,62,1,0,0,0,0
112,74,Move,102,64,1,0,0,0,0
112,74,Move,100,18,1,0,0,0,0.004
112,74,Move,100,20,1,0,0,0,0.004
112,74,Move,100,22,1,0,0,0,0.004
112,74,Move,100,24,1,0,0,0,0.004
112,74,Move,100,26,1,0,0,0,0.004
112,74,Move,100,28,1,0,0,0,0.004
112,74,Move,100,30,2,0,0,0,0.005
112,74,Move,100,32,2,0,0,0,0.005
112,74,Move,100,34,3,0,0,0,0.032
112,74,Move,100,36,3,0,0,0,0.189
112,74,Move,100,38,3,0,0,0,0.245
112,74,Move,100,40,3,0.001,0,0,0.249
112,74,Move,100,42,3,0.003,0,0.001,0.25
112,74,Move,100,44,3,0.006,0,0.001,0.25
112,74,Move,100,46,3,0.007,0,0.002,0.25
112,74,Move,100,48,3,0.006,0,0.001,0.25
112,74,Move,100,50,3,0.003,0,0.001,0.25
112,74,Move,100,52,2,0.001,0,0,0.25
112,74,Move,100,54,3,0,0,0,0.25
112,74,Move,100,56,2,0,0,0,0.25
112,74,Move,100,58,2,0,0,0,0.247
112,74,Move,98,16,1,0,0,0,0.004
112,74,Move,98,18,1,0,0,0,0.004
112,74,Move,98,20,1,0,0,0,0.004
112,74,Move,98,22,1,0,0,0,0.004
112,74,Move,98,24,1,0.001,0,0,0.004
112,74,Move,98,26,1,0.001,0,0,0.004
112,74,Move,98,28,1,0.001,0,0,0.004
112,74,Move,98,30,2,0.001,0,0,0.005
112,74,Move,98,32,2,0.001,0,0,0.005
112,74,Move,98,34,2,0,0,0,0.005
112,74,Move,98,36,3,0,0,0,0.085
112,74,Move,98,38,4,0,0,0,0.225
112,74,Move,98,40,4,0.001,0,0,0.244
112,74,Move,98,42,3,0.001,0,0,0.246
112,74,Move,98,44,3,0.003,0,0.001,0.247
112,74,Move,98,46,3,0.003,0,0.001,0.248
112,74,Move,98,48,3,0.003,0,0.001,0.248
112,74,Move,98,50,3,0.001,0,0,0.249
112,74,Move,98,52,3,0.001,0,0,0.249
112,74,Move,98,54,3,0,0,0,0.249
112,74,Move,98,56,1,0,0,0,0.25
112,74,Move,96,16,1,0,0,0,0.004
112,74,Move,96,18,1,0,0,0,0.004
112,74,Move,96,20,1,0,0,0,0.004
112,74,Move,96,22,1,0,0,0,0.004
112,74,Move,96,24,1,0.001,0,0,0.004
112,74,Move,96,26,1,0.002,0,0,0.004
112,74,Move,96,28,1,0.002,0,0,0.004
112,74,Move,96,30,2,0.002,0,0,0.004
112,74,Move,96,32,2,0.001,0,0,0.005
112,74,Move,96,34,2,0,0,0,0.005
112,74,Move,96,36,4,0,0,0,0.022
112,74,Move,96,38,4,0,0,0,0.139
112,74,Move,96,40,4,0,0,0,0.196
112,74,Move,96,42,3,0.001,0,0,0.206
112,74,Move,96,44,3,0.001,0,0,0.212
112,74,Move,96,46,3,0.001,0,0,0.216
112,74,Move,96,48,3,0.001,0,0,0.22
112,74,Move,96,50,3,0,0,0,0.224
112,74,Move,96,52,3,0,0,0,0.227
112,74,Move,96,54,3,0,0,0,0.229
112,74,Move,96,56,1,0,0,0,0.25
112,74,Move,94,16,1,0,0,0,0.004
112,74,Move,94,18,1,0,0,0,0.004
112,74,Move,94,20,1,0,0,0,0.004
112,74,Move,94,22,1,0.001,0,0,0.004
112,74,Move,94,24,1,0.001,0,0,0.004
112,74,Move,94,26,1,0.002,0,0,0.004
112,74,Move,94,28,1,0.003,0,0,0.004
112,74,Move,94,30,2,0.002,0,0,0.004
112,74,Move,94,32,2,0.001,0,0,0.005
112,74,Move,94,34,3,0.001,0,0,0.005
112,74,Move,94,36,3,0,0,0,0.005
112,74,Move,94,38,4,0,0,0,0.033
112,74,Move,94,40,4,0,0,0,0.052
112,74,Move,94,42,3,0,0,0,0.058
112,74,Move,94,44,3,0.001,0,0,0.064
112,74,Move,94,46,3,0.001,0,0,0.07
112,74,Move,94,48,3,0.001,0,0,0.076
112,74,Move,94,50,3,0,0,0,0.083
112,74,Move,94,52,3,0,0,0,0.09
112,74,Move,94,54,3,0,0,0,0.098
112,74,Move,94,56,1,0,0,0,0.004
112,74,Move,92,16,1,0,0,0,0.004
112,74,Move,92,18,1,0,0,0,0.004
112,74,Move,92,20,1,0,0,0,0.004
112,74,Move,92,22,1,0,0,0,0.004
112,74,Move,92,24,1,0.001,0,0,0.004
112,74,Move,92,26,1,0.002,0,0,0.004
112,74,Move,92,28,1,0.003,0,0,0.004
112,74,Move,92,30,2,0.002,0,0,0.004
112,74,Move,92,32,2,0.001,0,0,0.005
112,74,Move,92,34,3,0.001,0,0,0.005
112,74,Move,92,36,3,0,0,0,0.005
112,74,Move,92,38,3,0,0,0,0.005
112,74,Move,92,40,4,0,0,0,0.008
112,74,Move,92,42,3,0.001,0,0,0.008
112,74,Move,92,44,3,0.001,0,0,0.008
112,74,Move,92,46,3,0.001,0,0,0.009
112,74,Move,92,48,3,0.001,0,0,0.01
112,74,Move,92,50,3,0,0,0,0.01
112,74,Move,92,52,3,0,0,0,0.011
112,74,Move,92,54,1,0,0,0,0.004
112,74,Move,92,56,1,0,0,0,0.004
112,74,Move,90,16,1,0,0,0,0.004
112,74,Move,90,18,1,0,0,0,0.004
112,74,Move,90,20,1,0,0,0,0.004
112,74,Move,90,22,1,0,0,0,0.004
112,74,Move,90,24,1,0.001,0,0,0.004
112,74,Move,90,26,1,0.001,0,0,0.004
112,74,Move,90,28,1,0.002,0,0,0.004
112,74,Move,90,30,1,0.001,0,0,0.004
112,74,Move,90,32,2,0.001,0,0,0.004
112,74,Move,90,34,3,0,0,0,0.004
112,74,Move,90,36,3,0,0,0,0.004
112,74,Move,90,38,3,0,0,0,0.004
112,74,Move,90,40,3,0.001,0,0,0.004
112,74,Move,90,42,2,0.001,0,0,0.004
112,74,Move,90,44,2,0.002,0,0,0.004
112,74,Move,90,46,2,0.002,0,0,0.004
112,74,Move,90,48,2,0.002,0,0,0.004
112,74,Move,90,50,2,0.001,0,0,0.004
112,74,Move,90,52,2,0,0,0,0.004
112,74,Move,90,54,1,0,0,0,0.004
112,74,Move,90,56,1,0,0,0,0.004
112,74,Move,90,58,1,0,0,0,0.004
112,74,Move,88,16,1,0,0,0,0.004
112,74,Move,88,18,1,0,0,0,0.004
112,74,Move,88,20,1,0,0,0,0.004
112,74,Move,88,22,1,0,0,0,0.004
112,74,Move,88,24,1,0,0,0,0.004
112,74,Move,88,26,1,0.001,0,0,0.004
112,74,Move,88,28,1,0.001,0,0,0.004
112,74,Move,88,30,1,0.001,0,0,0.004
112,74,Move,88,32,2,0,0,0,0.004
112,74,Move,88,34,3,0,0,0,0.004
112,74,Move,88,36,3,0,0,0,0.004
112,74,Move,88,38,3,0,0,0,0.004
112,74,Move,88,40,3,0.001,0,0,0.004
112,74,Move,88,42,2,0.002,0,0,0.004
112,74,Move,88,44,2,0.002,0,0,0.004
112,74,Move,88,46,2,0.003,0,0,0.004
112,74,Move,88,48,2,0.002,0,0,0.004
112,74,Move,88,50,2,0.001,0,0,0.004
112,74,Move,88,52,1,0,0,0,0.004
112,74,Move,88,54,1,0,0,0,0.004
112,74,Move,88,56,1,0,0,0,0.004
112,74,Move,88,58,1,0,0,0,0.004
112,74,Move,86,18,1,0,0,0,0.004
112,74,Move,86,20,1,0,0,0,0.004
112,74,Move,86,22,1,0,0,0,0.004
112,74,Move,86,24,1,0,0,0,0.004
112,74,Move,86,26,1,0,0,0,0.004
112,74,Move,86,28,1,0,0,0,0.004
112,74,Move,86,30,1,0,0,0,0.004
112,74,Move,86,32,1,0,0,0,0.004
112,74,Move,86,34,2,0,0,0,0.004
112,74,Move,86,36,3,0,0,0,0.004
112,74,Move,86,38,3,0,0,0,0.004
112,74,Move,86,40,2,0.001,0,0,0.004
112,74,Move,86,42,2,0.001,0,0,0.004
112,74,Move,86,44,2,0.002,0,0,0.004
112,74,Move,86,46,2,0.002,0,0,0.004
112,74,Move,86,48,1,0.002,0,0,0.004
112,74,Move,86,50,1,0.001,0,0,0.004
112,74,Move,86,52,1,0,0,0,0.004
112,74,Move,86,54,1,0,0,0,0.004
112,74,Move,86,56,1,0,0,0,0.004
112,74,Move,86,58,1,0,0,0,0.004
112,74,Move,84,20,1,0,0,0,0.004
112,74,Move,84,22,1,0,0,0,0.004
112,74,Move,84,24,1,0,0,0,0.004
112,74,Move,84,26,1,0,0,0,0.004
112,74,Move,84,28,1,0,0,0,0.004
112,74,Move,84,30,1,0,0,0,0.004
112,74,Move,84,32,1,0,0,0,0.004
112,74,Move,84,34,2,0,0,0,0.004
112,74,Move,84,36,2,0,0,0,0.004
112,74,Move,84,38,1,0,0,0,0.004
112,74,Move,84,40,1,0,0,0,0.004
112,74,Move,84,42,1,0.001,0,0,0.004
112,74,Move,84,44,1,0.001,0,0,0.004
112,74,Move,84,46,1,0.001,0,0,0.004
112,74,Move,84,48,1,0.001,0,0,0.004
112,74,Move,84,50,1,0,0,0,0.004
112,74,Move,84,52,1,0,0,0,0.004
112,74,Move,84,54,1,0,0,0,0.004
112,74,Move,84,56,1,0,0,0,0.004
112,74,Move,84,58,1,0,0,0,0.016
112,74,Move,84,60,1,0,0,0,0.016
112,74,Move,84,62,1,0,0,0,0.016
112,74,Move,84,64,1,0,0,0,0.016
112,74,Move,82,22,1,0,0,0,0.004
112,74,Move,82,24,1,0,0,0,0.004
112,74,Move,82,26,1,0,0,0,0.004
112,74,Move,82,28,1,0,0,0,0.004
112,74,Move,82,30,1,0,0,0,0.004
112,74,Move,82,32,1,0,0,0,0.004
112,74,Move,82,34,2,0,0,0,0.004
112,74,Move,82,36,1,0,0,0,0.004
112,74,Move,82,38,1,0,0,0,0.004
112,74,Move,82,40,1,0,0,0,0.004
112,74,Move,82,42,1,0,0,0,0.004
112,74,Move,82,44,1,0,0,0,0.004
112,74,Move,82,46,1,0.001,0,0,0.004
112,74,Move,82,48,1,0,0,0,0.004
112,74,Move,82,50,1,0,0,0,0.004
112,74,Move,82,52,1,0,0,0,0.004
112,74,Move,82,54,2,0,0,0,0.004
112,74,Move,82,56,2,0,0,0,0.005
112,74,Move,82,58,1,0,0,0,0.016
112,74,Move,82,60,1,0,0,0,0.016
112,74,Move,82,62,1,0,0,0,0.016
112,74,Move,82,64,1,0,0,0,0.016
112,74,Move,82,66,1,0,0,0,0.016
112,74,Move,82,68,1,0,0,0,0.016
112,74,Move,80,36,1,0,0,0,0.004
112,74,Move,80,38,1,0,0,0,0.004
112,74,Move,80,40,1,0,0,0,0.004
112,74,Move,80,42,1,0,0,0,0.004
112,74,Move,80,44,1,0,0,0,0.004
112,74,Move,80,46,1,0,0,0,0.004
112,74,Move,80,48,1,0,0,0,0.004
112,74,Move,80,50,1,0,0,0,0.004
112,74,Move,80,52,2,0,0,0,0.004
112,74,Move,80,54,2,0,0,0,0.005
112,74,Move,80,56,1,0,0,0,0.016
112,74,Move,80,58,1,0,0,0,0.016
112,74,Move,80,60,1,0,0,0,0.016
112,74,Move,80,62,1,0,0,0,0.016
112,74,Move,80,64,1,0,0,0,0.016
112,74,Move,80,66,1,0,0,0,0.016
112,74,Move,80,68,1,0,0,0,0.016
112,74,Move,80,70,1,0,0,0,0.016
112,74,Move,78,38,1,0,0,0,0.004
112,74,Move,78,40,1,0,0,0,0.004
112,74,Move,78,42,1,0,0,0,0.004
112,74,Move,78,44,1,0,0,0,0.004
112,74,Move,78,46,1,0,0,0,0.004
112,74,Move,78,48,1,0,0,0,0.004
112,74,Move,78,50,2,0,0,0,0.004
112,74,Move,78,52,2,0,0,0,0.006
112,74,Move,78,54,2,0,0,0,0.013
112,74,Move,78,56,1,0,0,0,0.016
112,74,Move,78,58,1,0,0,0,0.016
112,74,Move,78,60,1,0,0,0,0.016
112,74,Move,78,62,1,0,0,0,0.016
112,74,Move,78,64,1,0,0,0,0.016
112,74,Move,78,66,1,0,0,0,0.016
112,74,Move,78,68,1,0,0,0,0.016
112,74,Move,78,70,1,0,0,0,0.016
112,74,Move,78,72,1,0,0,0,0.016
112,74,Move,76,40,1,0,0,0,0.004
112,74,Move,76,42,1,0,0,0,0.004
112,74,Move,76,44,1,0,0,0,0.004
112,74,Move,76,46,1,0,0,0,0.004
112,74,Move,76,48,1,0,0,0,0.004
112,74,Move,76,50,2,0,0,0,0.006
112,74,Move,76,52,1,0,0,0,0.016
112,74,Move,76,54,1,0,0,0,0.016
112,74,Move,76,56,1,0,0,0,0.016
112,74,Move,76,58,1,0,0,0,0.016
112,74,Move,76,60,1,0,0,0,0.016
112,74,Move,76,62,1,0,0,0,0.016
112,74,Move,76,64,1,0,0,0,0.016
112,74,Move,76,66,1,0,0,0,0.016
112,74,Move,76,68,1,0,0,0,0.016
112,74,Move,76,70,1,0,0,0,0.016
112,74,Move,76,72,1,0,0,0,0.016
112,74,Move,74,48,1,0,0,0,0.016
112,74,Move,74,50,1,0,0,0,0.016
112,74,Move,74,52,1,0,0,0,0.016
112,74,Move,74,54,1,0,0,0,0.016
112,74,Move,74,56,1,0,0,0,0.016
112,74,Move,74,58,1,0,0,0,0.016
112,74,Move,74,60,1,0,0,0,0.016
112,74,Move,74,62,1,0,0,0,0.016
112,74,Move,74,64,1,0,0,0,0.016
112,74,Move,74,66,1,0,0,0,0.016
112,74,Move,74,68,1,0,0,0,0.016
112,74,Move,74,70,1,0,0,0,0.016
112,74,Move,74,72,1,0,0,0,0.016
112,74,Move,72,48,1,0,0,0,0.016
112,74,Move,72,50,1,0,0,0,0.016
112,74,Move,72,52,1,0,0,0,0.016
112,74,Move,72,54,1,0,0,0,0.016
112,74,Move,72,56,1,0,0,0,0.016
112,74,Move,72,58,1,0,0,0,0.016
112,74,Move,72,60,1,0,0,0,0.016
112,74,Move,72,62,1,0,0,0,0.016
112,74,Move,72,64,1,0,0,0,0.016
112,74,Move,72,66,1,0,0,0,0.016
112,74,Move,72,68,1,0,0,0,0.016
112,74,Move,72,70,1,0,0,0,0.016
112,74,Move,72,72,1,0,0,0,0.016
112,74,Move,72,74,1,0,0,0,0.016
112,74,Move,70,48,1,0,0,0,0.016
112,74,Move,70,50,1,0,0,0,0.016
112,74,Move,70,52,1,0,0,0,0.016
112,74,Move,70,54,1,0,0,0,0.016
112,74,Move,70,56,1,0,0,0,0.016
112,74,Move,70,58,1,0,0,0,0.016
112,74,Move,70,60,1,0,0,0,0.016
112,74,Move,70,62,1,0,0,0,0.016
112,74,Move,70,64,1,0,0,0,0.016
112,74,Move,70,66,1,0,0,0,0.016
112,74,Move,70,68,1,0,0,0,0.016
112,74,Move,70,70,1,0,0,0,0.016
112,74,Move,70,72,1,0,0,0,0.016
112,74,Move,70,74,1,0,0,0,0.016
112,74,Move,68,48,1,0,0,0,0.016
112,74,Move,68,50,1,0,0,0,0.016
112,74,Move,68,52,1,0,0,0,0.016
112,74,Move,68,54,1,0,0,0,0.016
112,74,Move,68,56,1,0,0,0,0.016
112,74,Move,68,58,1,0,0,0,0.016
112,74,Move,68,60,1,0,0,0,0.016
112,74,Move,68,62,1,0,0,0,0.016
112,74,Move,68,64,1,0,0,0,0.016
112,74,Move,68,66,1,0,0,0,0.016
112,74,Move,68,68,1,0,0,0,0.016
112,74,Move,68,70,1,0,0,0,0.016
112,74,Move,68,72,1,0,0,0,0.016
112,74,Move,66,50,1,0,0,0,0.016
112,74,Move,66,52,1,0,0,0,0.016
112,74,Move,66,54,1,0,0,0,0.016
112,74,Move,66,56,1,0,0,0,0.016
112,74,Move,66,58,1,0,0,0,0.016
112,74,Move,66,60,1,0,0,0,0.016
112,74,Move,66,62,1,0,0,0,0.016
112,74,Move,66,64,1,0,0,0,0.016
112,74,Move,66,66,1,0,0,0,0.016
112,74,Move,66,68,1,0,0,0,0.016
112,74,Move,66,70,1,0,0,0,0.016
112,74,Move,66,72,1,0,0,0,0.016
112,74,Move,64,50,1,0,0,0,0.016
112,74,Move,64,52,1,0,0,0,0.016
112,74,Move,64,54,1,0,0,0,0.016
112,74,Move,64,56,1,0,0,0,0.016
112,74,Move,64,58,1,0,0,0,0.016
112,74,Move,64,60,1,0,0,0,0.016
112,74,Move,64,62,1,0,0,0,0.016
112,74,Move,64,64,1,0,0,0,0.016
112,74,Move,64,66,1,0,0,0,0.016
112,74,Move,64,68,1,0,0,0,0.016
112,74,Move,64,70,1,0,0,0,0.016
112,74,Move,64,72,1,0,0,0,0.016
112,74,Move,62,52,1,0,0,0,0.016
112,74,Move,62,54,1,0,0,0,0.016
112,74,Move,62,56,1,0,0,0,0.016
112,74,Move,62,58,1,0,0,0,0.016
112,74,Move,62,60,1,0,0,0,0.016
112,74,Move,62,62,1,0,0,0,0.016
112,74,Move,62,64,1,0,0,0,0.016
112,74,Move,62,66,1,0,0,0,0.016
112,74,Move,62,68,1,0,0,0,0.016
112,74,Move,62,70,1,0,0,0,0.016
112,74,Move,60,54,1,0,0,0,0.016
112,74,Move,60,56,1,0,0,0,0.016
112,74,Move,60,58,1,0,0,0,0.016
112,74,Move,60,60,1,0,0,0,0.016
112,74,Move,60,62,1,0,0,0,0.016
112,74,Move,60,64,1,0,0,0,0.016
112,74,Move,60,66,1,0,0,0,0.016
112,74,Move,58,60,1,0,0,0,0.016
112,74,Shot,NaN,NaN,1,0.019,0,0,0
