endX,endY,WeightedCount,WeightedExpectedGoals,GoalProbability
52,0,1389.91199666577,2.54,0.02
52,2,2184.92905978434,5.83,0.02
52,4,2851.08545001139,9.128,0.021
52,6,3219.29042189712,11.034,0.021
52,8,3314.4364583874,11.329,0.021
50,0,1306.17083581808,1.92,0.017
50,2,2050.39538211839,4.408,0.017
50,4,2671.65284180078,7.054,0.018
50,6,3017.36567093055,9.002,0.02
50,8,3114.80773566027,9.841,0.021
50,10,3123.11619300126,10.018,0.02
48,0,1192.16487256965,1.101,0.012
48,2,1883.92092756216,2.566,0.013
48,4,2460.38647837842,4.36,0.014
48,6,2781.36138100173,6.203,0.016
48,8,2881.36459140736,7.657,0.018
48,10,2913.14494717602,8.341,0.018
48,12,3007.91022890266,8.679,0.018
46,0,1073.01840320633,0.49,0.007
46,2,1708.12120493869,1.241,0.008
46,4,2237.58872162178,2.441,0.01
46,6,2534.97790732087,4.099,0.013
46,8,2640.76464583535,5.825,0.015
46,10,2693.62655320936,6.976,0.017
46,12,2810.21434664488,7.455,0.017
46,14,3018.42407664973,7.907,0.017
44,0,986.912274252717,0.225,0.005
44,2,1568.61523076565,0.691,0.006
44,4,2051.68770573551,1.659,0.008
44,6,2326.96950504151,3.214,0.011
44,8,2434.6830282027,4.998,0.015
44,10,2491.50536537173,6.35,0.018
44,12,2599.06461215378,6.987,0.019
44,14,2800.57711449383,7.487,0.019
42,0,937.042895542816,0.154,0.004
42,2,1470.61475148018,0.547,0.006
42,4,1906.31382281615,1.45,0.008
42,6,2152.29572236458,2.96,0.012
42,8,2247.52763962606,4.713,0.017
42,10,2288.91198843608,5.996,0.02
42,12,2363.38319990593,6.535,0.022
42,14,2525.30530129063,7.026,0.022
42,16,2773.296095603,7.996,0.022
40,0,895.045612495267,0.154,0.004
40,2,1381.45267088645,0.555,0.006
40,4,1765.38417547245,1.427,0.009
40,6,1969.57629332473,2.743,0.013
40,8,2035.71395852014,4.111,0.017
40,10,2051.95269454579,4.962,0.021
40,12,2093.47534527192,5.258,0.023
40,14,2212.52590626568,5.707,0.024
40,16,2421.99379423073,6.545,0.023
38,0,831.106881931213,0.172,0.005
38,2,1269.02158644684,0.598,0.007
38,4,1602.59657616037,1.4,0.01
38,6,1765.08584768253,2.362,0.013
38,8,1802.63931760117,3.092,0.016
38,10,1802.27894382736,3.379,0.019
38,12,1830.71344276334,3.47,0.021
38,14,1929.24311650402,3.848,0.022
38,16,2115.38807180765,4.458,0.021
36,0,734.263971622823,0.163,0.005
36,2,1123.09647317728,0.544,0.007
36,4,1417.0497996787,1.185,0.009
36,6,1556.32329809382,1.805,0.011
36,8,1586.36687762539,2.095,0.013
36,10,1592.01281395438,2.071,0.015
36,12,1633.40279887068,2.05,0.016
36,14,1739.91980211401,2.289,0.017
34,0,616.274017639937,0.111,0.004
34,2,956.290285104167,0.366,0.005
34,4,1222.45357119488,0.771,0.007
34,6,1359.7484085578,1.127,0.008
34,8,1405.640928493,1.256,0.009
34,10,1436.44975122792,1.218,0.01
34,12,1506.90799632101,1.224,0.011
34,14,1636.54733523133,1.394,0.012
32,0,497.941433982887,0.053,0.003
32,2,789.683030460283,0.179,0.004
32,4,1032.50114048343,0.382,0.005
32,6,1176.43524814966,0.562,0.005
32,8,1247.16005490734,0.65,0.006
32,10,1308.64852786461,0.705,0.007
32,12,1408.82524073778,0.841,0.007
30,0,395.061001170173,0.02,0.002
30,2,639.802499418528,0.077,0.002
30,4,856.200544290022,0.182,0.003
30,6,1001.01032839524,0.293,0.004
30,8,1090.61778256659,0.375,0.005
30,10,1176.63833021511,0.483,0.005
30,12,1297.0761584037,0.723,0.006
28,0,315.363257573464,0.01,0.002
28,2,516.829589804607,0.048,0.003
28,4,702.131054040399,0.141,0.004
28,6,836.170051917873,0.263,0.005
28,8,931.006449549715,0.35,0.006
28,10,1027.18234706128,0.435,0.006
28,12,1152.24352508434,0.669,0.007
28,14,1297.47929293284,1.082,0.008
28,16,1435.44931000923,1.445,0.009
28,18,1550.56407121657,1.493,0.009
26,6,692.495013469449,0.304,0.01
26,8,779.08717095256,0.395,0.011
26,10,868.433073913757,0.418,0.01
26,12,980.740019585386,0.549,0.009
26,14,1106.71995521701,0.878,0.009
26,16,1223.76798567605,1.206,0.009
26,18,1321.59821697904,1.242,0.009
26,20,1396.6443227526,1.014,0.008
26,22,1435.17810120816,0.912,0.01
24,4,481.765979079582,0.136,0.012
24,6,576.647631944209,0.295,0.017
24,8,647.500788008032,0.398,0.019
24,10,719.12354330066,0.384,0.016
24,12,808.408507457419,0.399,0.012
24,14,911.309170192937,0.56,0.01
24,16,1014.28560564759,0.766,0.009
24,18,1111.71199745638,0.814,0.008
24,20,1200.07796936636,0.716,0.008
24,22,1264.29567640947,0.71,0.009
24,24,1282.68069005667,0.875,0.013
22,2,304.59171594017,0.025,0.009
22,4,411.511214883594,0.098,0.016
22,6,488.090095148122,0.248,0.024
22,8,541.728942378505,0.382,0.028
22,10,594.355262927624,0.38,0.025
22,12,661.685616626418,0.318,0.017
22,14,743.063911157566,0.34,0.011
22,16,830.511939046199,0.427,0.008
22,18,923.562956645355,0.477,0.007
22,20,1024.38853423266,0.501,0.007
22,22,1120.58635752115,0.587,0.008
22,24,1180.0391055578,0.69,0.01
20,2,269.81103733593,0.014,0.009
20,4,363.179806631356,0.069,0.017
20,6,425.510233350579,0.206,0.028
20,8,463.997076437273,0.363,0.034
20,10,500.910869078739,0.383,0.031
20,12,551.367467522506,0.311,0.022
20,14,613.446134464662,0.304,0.014
20,16,678.457340723141,0.372,0.01
20,18,750.018927032629,0.424,0.008
20,20,843.235735724454,0.451,0.007
20,22,956.658877867745,0.502,0.007
20,24,1052.1844566941,0.529,0.008
18,0,147.942131139398,0.001,0.003
18,2,244.322130031291,0.01,0.007
18,4,330.442439105883,0.05,0.015
18,6,385.145552833627,0.154,0.024
18,8,413.348343319608,0.278,0.031
18,10,437.970858412519,0.311,0.03
18,12,475.129090562403,0.302,0.023
18,14,519.709343279848,0.38,0.018
18,16,559.105074526025,0.514,0.016
18,18,600.025604347455,0.558,0.014
18,20,669.644871144767,0.494,0.011
18,22,779.068669440793,0.426,0.008
18,24,894.853963132881,0.377,0.007
18,26,963.959699726804,0.32,0.007
16,0,131.29133812469,0.001,0.002
16,2,218.729421068017,0.008,0.005
16,4,299.609115889602,0.034,0.01
16,6,351.83253125155,0.092,0.016
16,8,375.95036683544,0.156,0.021
16,10,393.998081256556,0.191,0.022
16,12,423.196433977963,0.261,0.02
16,14,455.052229309546,0.443,0.02
16,16,472.860991949644,0.64,0.023
16,18,485.9526936292,0.654,0.022
16,20,528.490489284974,0.499,0.017
16,22,619.596752456323,0.342,0.01
16,24,738.393898476491,0.249,0.006
16,26,846.372461356319,0.212,0.005
14,2,187.360107882584,0.005,0.003
14,4,258.000382247276,0.019,0.006
14,6,306.046892677279,0.045,0.009
14,8,330.155709151982,0.07,0.012
14,10,349.948055282724,0.102,0.013
14,12,379.879646358204,0.203,0.015
14,14,406.227966302986,0.416,0.02
14,16,408.927696850639,0.614,0.027
14,18,399.809767384687,0.599,0.029
14,20,416.765784066183,0.425,0.022
14,22,483.304356942406,0.256,0.012
14,24,592.513765749395,0.159,0.006
14,26,724.75002867631,0.144,0.005
12,2,149.637415450202,0.002,0.002
12,4,203.834325290533,0.008,0.003
12,6,243.105032903228,0.017,0.005
12,8,268.381014720213,0.027,0.006
12,10,295.262608466906,0.051,0.007
12,12,330.662645064184,0.132,0.01
12,14,355.032167260623,0.299,0.017
12,16,347.409715301926,0.442,0.025
12,18,321.568820888466,0.424,0.029
12,20,316.568599782867,0.293,0.024
12,22,358.811941727444,0.167,0.014
12,24,450.781640590353,0.096,0.007
10,2,107.49750586862,0,0.001
10,4,145.08386584754,0.002,0.002
10,6,175.248264206098,0.004,0.002
10,8,201.212042265251,0.008,0.003
10,10,233.178225403581,0.021,0.004
10,12,270.206758138911,0.063,0.007
10,14,290.789576385639,0.15,0.012
10,16,277.095497201505,0.227,0.02
10,18,243.246915097093,0.219,0.025
10,20,225.353309204674,0.149,0.023
10,22,249.016745097518,0.083,0.015
10,24,319.194221919835,0.052,0.008
8,4,92.4449556197514,0,0.001
8,6,115.910036059483,0.001,0.001
8,8,139.763595356956,0.002,0.001
8,10,169.462933650917,0.006,0.002
8,12,201.041788980658,0.02,0.004
8,14,216.399786070848,0.049,0.008
8,16,202.624397747064,0.078,0.013
8,18,171.898148764139,0.078,0.019
8,20,153.0832234051,0.055,0.021
8,22,166.136307302928,0.036,0.016
6,6,71.2995620376589,0,0
6,8,88.9386306872279,0,0.001
6,10,110.047921724566,0.001,0.001
6,12,132.331010624713,0.004,0.002
6,14,143.433152752261,0.012,0.005
6,16,134.422619211041,0.019,0.008
6,18,114.202520050721,0.02,0.013
6,20,102.983258228815,0.019,0.018
4,10,63.6255018155045,0,0
4,12,76.6341550770685,0.001,0.001
4,14,84.2538255507207,0.002,0.002
4,16,80.3410189309942,0.004,0.005
4,18,70.8939192124161,0.005,0.01
12,0,92.7619313180709,0,0.001
10,0,68.1293024194615,0,0
8,0,42.1351784440594,0,0
8,2,67.0162049281219,0,0
6,0,21.4796860802279,0,0
6,2,36.3954101044805,0,0
6,4,53.8179223836001,0,0
4,0,9.73017614774987,0,0
4,2,18.9135315455366,0,0
4,4,30.9924661987174,0,0
4,6,42.6730832160212,0,0
4,8,52.5288598958755,0,0
2,0,4.6949952704029,0,0
2,2,10.749499356804,0,0
2,4,19.0610191335386,0,0
2,6,26.1945346292319,0,0
2,8,30.1845539613814,0,0
2,10,33.9923035724225,0,0
2,12,39.9562470107767,0,0
2,14,44.3434229806951,0,0.001
2,16,43.0927002063354,0.001,0.003
2,18,40.2277008746885,0.001,0.007
0,0,2.51444339290503,0,0
0,2,6.33604945784261,0,0
0,4,11.5826573006514,0,0
0,6,15.5294638101385,0,0
0,8,16.6267539299547,0,0
0,10,16.9771071906073,0,0
0,12,18.9225914136441,0,0
0,14,20.7681825533384,0,0.001
0,16,20.355841107826,0,0.002
0,18,20.0722884416756,0,0.006
90,32,3012.82914695151,18.949,0.038
90,34,2968.89167954101,21.404,0.04
88,26,3416.67893588452,20.139,0.028
88,28,3282.94647214706,18.914,0.031
88,30,3149.88004219952,17.942,0.034
88,32,3052.82753501297,18.099,0.036
88,34,3031.21956039896,19.932,0.038
88,36,3064.49324108674,21.58,0.038
88,38,3066.84309897806,20.022,0.035
88,40,2987.43604720748,15.534,0.032
86,24,3676.62967631769,22.068,0.024
86,26,3547.85627702942,20.499,0.026
86,28,3397.04500981833,19.447,0.029
86,30,3239.91983230667,18.431,0.031
86,32,3122.68615872799,17.748,0.033
86,34,3106.98870641411,18.652,0.034
86,36,3179.03160980606,20.561,0.034
86,38,3231.81487590667,20.42,0.033
86,40,3186.53088647771,17.027,0.03
86,42,3097.32858760026,12.844,0.027
84,22,3855.89808245281,26.121,0.024
84,24,3749.16301561276,22.494,0.024
84,26,3610.72505561677,20.147,0.025
84,28,3471.0616285889,19.719,0.027
84,30,3326.05974892304,19.497,0.03
84,32,3215.001143533,18.834,0.031
84,34,3201.30432375547,18.995,0.031
84,36,3273.93583614043,20.247,0.031
84,38,3331.14461845752,20.313,0.03
84,40,3300.5782127408,17.761,0.029
84,42,3235.64949991677,14.303,0.027
84,44,3239.16520760079,11.93,0.024
82,22,3928.8572355612,27.708,0.025
82,24,3795.14881962835,22.4,0.024
82,26,3661.54801840054,19.583,0.024
82,28,3541.66195681157,19.721,0.026
82,30,3414.99296714561,20.566,0.028
82,32,3312.76161341927,20.685,0.03
82,34,3292.58331661483,20.654,0.03
82,36,3342.38203051244,20.907,0.03
82,38,3374.06191679304,20.234,0.029
82,40,3339.02488821099,17.912,0.028
82,42,3302.09234693619,15.273,0.027
82,44,3351.68384307644,13.702,0.025
80,22,3956.86682705301,26.329,0.025
80,24,3833.65229859532,21.067,0.023
80,26,3728.30290339755,18.313,0.023
80,28,3632.19296241919,18.621,0.024
80,30,3512.18343137458,20.281,0.027
80,32,3397.181832435,21.544,0.029
80,34,3350.10194035576,22.083,0.03
80,36,3367.01199088528,22.013,0.031
80,38,3372.00706583198,20.734,0.03
80,40,3330.64448713062,18.122,0.029
80,42,3319.10727164725,15.771,0.028
80,44,3417.5855167412,15.005,0.027
78,20,3999.17159407269,25.986,0.024
78,22,3929.20305857733,22.688,0.024
78,24,3851.44126564366,19.062,0.022
78,26,3799.33658120349,16.887,0.021
78,28,3735.59287142342,17.092,0.022
78,30,3613.31310809079,18.963,0.025
78,32,3460.77790147513,20.918,0.028
78,34,3357.47556923929,22.187,0.03
78,36,3326.01514607669,22.58,0.031
78,38,3307.80315538815,21.317,0.031
78,40,3270.93198794388,18.294,0.029
78,42,3289.38827572081,15.716,0.028
78,44,3439.99152667834,15.481,0.028
78,46,3669.29093084135,16.668,0.027
76,20,3929.48527604017,20.35,0.023
76,22,3895.57392549044,19.56,0.023
76,24,3894.75107314711,18.179,0.022
76,26,3912.82524310028,16.956,0.021
76,28,3879.76116304848,16.994,0.022
76,30,3737.0900384803,18.236,0.024
76,32,3516.32004391785,19.604,0.027
76,34,3318.20296346484,20.63,0.029
76,36,3205.23815693757,21.166,0.031
76,38,3152.8262992061,20.134,0.031
76,40,3133.77330174838,17.19,0.029
76,42,3205.72525665624,14.768,0.028
76,44,3431.1203049826,15.218,0.027
76,46,3747.64357555705,17.697,0.027
74,20,3896.88822259488,17.081,0.021
74,22,3948.77094215756,18.665,0.022
74,24,4052.39828788485,19.587,0.022
74,26,4140.95053857059,19.619,0.023
74,28,4113.55367854347,19.382,0.024
74,30,3911.98309694802,19.211,0.025
74,32,3585.63261987012,18.841,0.027
74,34,3262.94717314248,18.362,0.029
74,36,3046.29516819587,17.92,0.031
74,38,2951.28227360033,16.721,0.03
74,40,2962.11061448013,14.487,0.028
74,42,3110.90220058048,13.165,0.026
74,44,3430.46504128908,14.762,0.025
74,46,3849.85142666582,18.555,0.025
72,22,4116.10493092383,20.008,0.021
72,24,4315.07906952777,23.305,0.023
72,26,4444.72089081057,24.673,0.024
72,28,4388.48473420632,23.73,0.026
72,30,4109.07641052201,21.704,0.027
72,32,3688.33275181638,19.648,0.029
72,34,3276.0411422599,17.687,0.03
72,36,2992.54852711497,15.839,0.031
72,38,2877.55014799405,14.051,0.029
72,40,2923.6171734741,12.486,0.027
72,42,3137.85551896853,12.321,0.024
72,44,3520.21319528604,14.653,0.023
70,22,4315.7495564756,24.119,0.022
70,24,4541.46960616548,29.172,0.025
70,26,4655.83103210914,30.996,0.026
70,28,4558.40966791105,28.642,0.028
70,30,4250.16575183691,24.95,0.029
70,32,3836.76381622329,22.361,0.031
70,34,3451.68812549475,20.188,0.032
70,36,3191.59948295965,17.534,0.031
70,38,3098.79588672645,14.969,0.028
70,40,3175.64474929371,13.33,0.025
70,42,3412.84185473387,13.258,0.023
70,44,3782.51329145964,14.931,0.021
68,24,4591.23237420893,36.871,0.028
68,26,4645.80788808303,37.339,0.029
68,28,4531.18240249595,33.079,0.029
68,30,4287.14703211373,28.459,0.03
68,32,4011.93709016581,26.511,0.032
68,34,3772.00173465095,25.231,0.032
68,36,3602.11272165105,22.333,0.03
68,38,3546.32390458827,18.763,0.027
68,40,3638.71805368603,16.174,0.024
68,42,3868.3709804113,15.124,0.021
66,26,4418.22280453344,41.508,0.033
66,28,4324.81663618432,35.54,0.031
66,30,4205.4965720418,30.797,0.031
66,32,4124.7122458772,29.939,0.032
66,34,4058.04414285944,29.683,0.031
66,36,3970.92199246376,26.574,0.029
66,38,3923.1140264575,21.828,0.025
66,40,4007.30833599851,18.005,0.021
64,30,4003.93955725135,29.493,0.031
64,32,4072.3032604334,29.783,0.031
64,34,4127.66539911783,30.088,0.03
64,36,4084.06458353876,26.761,0.027
26,0,258.305810847352,0.008,0.002
26,2,423.353678202209,0.045,0.004
26,4,577.229232417101,0.15,0.007
24,0,217.484789988467,0.006,0.003
24,2,354.542007196002,0.038,0.007
22,0,187.231183028279,0.004,0.004
20,0,165.093532167303,0.002,0.004
14,0,113.269136641077,0.001,0.001
42,18,3049.02463771123,8.611,0.021
42,20,3280.95368877906,7.976,0.018
40,18,2684.92273055252,6.905,0.021
40,20,2940.3749433248,6.266,0.018
40,22,3122.26436407117,5.429,0.015
38,18,2373.84331916519,4.717,0.018
38,20,2654.0045619173,4.454,0.016
38,22,2867.25417573927,4.257,0.014
38,24,2917.12972582281,4.634,0.015
36,16,1923.7777552238,2.678,0.016
36,18,2178.10877633,2.95,0.015
36,20,2458.71905049177,3.084,0.013
36,22,2665.91492883219,3.348,0.013
36,24,2694.11352198768,3.893,0.015
36,26,2536.90343264972,4.352,0.018
34,16,1824.97340160419,1.684,0.012
34,18,2060.78574872173,2.009,0.011
34,20,2304.78547307547,2.36,0.011
34,22,2468.64317892687,2.786,0.012
34,24,2462.71012031902,3.219,0.014
34,26,2297.82510089955,3.453,0.017
34,28,2089.21927784885,3.423,0.02
32,14,1557.74416935706,1.089,0.008
32,16,1741.20984358438,1.387,0.009
32,18,1940.38995924131,1.666,0.009
32,20,2125.05999748369,1.949,0.01
32,22,2232.66147231753,2.303,0.011
32,24,2201.58471838437,2.631,0.014
32,26,2048.10436236751,2.771,0.017
32,28,1867.29863300927,2.74,0.02
30,14,1451.23532969426,1.094,0.007
30,16,1615.02011759639,1.431,0.008
30,18,1768.72013586289,1.574,0.008
30,20,1894.5234080857,1.593,0.009
30,22,1956.38544686225,1.742,0.011
30,24,1916.16034639468,2.052,0.014
30,26,1787.24461208126,2.304,0.018
30,28,1634.56104084089,2.353,0.022
28,20,1636.27223630304,1.292,0.009
28,22,1673.13351152827,1.242,0.01
28,24,1638.80756290595,1.529,0.014
28,26,1540.11395499518,1.885,0.02
28,28,1413.31161940342,1.993,0.025
26,24,1420.49065818358,1.139,0.014
26,26,1350.91431718677,1.457,0.02
26,28,1241.0291001111,1.541,0.026
24,26,1239.44508371044,1.044,0.018
22,26,1166.67353943634,0.702,0.013
98,18,1820.11940940481,5.249,0.035
98,20,2087.99356915924,7.79,0.037
98,22,2374.43743805282,12.396,0.04
98,24,2584.71764851538,17.131,0.042
98,26,2682.63458720661,20.368,0.042
98,28,2671.41325988935,21.71,0.042
98,30,2561.2808600568,21.423,0.043
96,16,1883.21354577115,6.116,0.035
96,18,2034.32736354201,6.313,0.032
96,20,2277.38607907217,8.591,0.033
96,22,2532.63324152414,12.642,0.035
96,24,2729.89787243161,16.448,0.036
96,26,2849.24716353438,18.868,0.036
96,28,2885.18165229894,20.171,0.036
96,30,2820.33468997873,20.813,0.037
96,32,2666.57454890404,20.931,0.039
94,14,2071.64460839827,8.504,0.037
94,16,2131.77103847134,7.888,0.033
94,18,2293.27920309969,8.099,0.029
94,20,2511.29315917348,10.074,0.029
94,22,2714.96531436358,13.245,0.03
94,24,2857.41541175661,15.732,0.032
94,26,2945.77760967869,16.826,0.031
94,28,2990.6773103967,17.424,0.032
94,30,2970.18416611295,18.491,0.033
94,32,2870.2914461051,19.977,0.037
94,34,2720.78961445486,20.622,0.04
92,12,2325.17975017584,10.765,0.038
92,14,2276.39016924193,9.953,0.035
92,16,2384.04470648811,9.719,0.029
92,18,2580.8057362096,10.354,0.026
92,20,2799.69782443573,12.362,0.026
92,22,2965.07629942318,14.941,0.027
92,24,3040.61925950131,16.494,0.028
92,26,3057.85931077976,16.684,0.029
92,28,3056.18858589808,16.572,0.03
92,30,3033.18821958798,17.353,0.033
92,32,2973.11335161723,19.399,0.037
92,34,2881.19845818474,21.479,0.04
92,36,2770.03021743108,21.12,0.041
90,12,2529.44225447369,12.75,0.037
90,14,2488.16121817603,11.71,0.032
90,16,2634.18915448561,11.703,0.027
90,18,2873.99298873068,12.827,0.024
90,20,3112.9619760605,15.22,0.024
90,22,3261.40879906828,17.686,0.025
90,24,3284.67925559917,18.751,0.027
90,26,3228.0668823718,18.411,0.029
90,28,3151.7984815729,17.63,0.031
90,30,3077.38066908497,17.529,0.034
90,36,2930.8817702899,22.123,0.04
88,12,2779.72145004531,15.728,0.034
88,14,2735.22343939051,14.328,0.03
88,16,2898.77714184157,14.217,0.025
88,18,3163.52626025148,15.702,0.023
88,20,3410.02021106541,18.44,0.023
88,22,3537.83915003925,20.624,0.024
88,24,3521.65462131862,21,0.025
86,12,3040.56359152483,18.905,0.03
86,14,3004.4302357474,17.638,0.027
86,16,3175.2765006122,17.858,0.024
86,18,3439.07829131798,19.955,0.023
86,20,3658.19203095043,22.557,0.023
86,22,3736.29280691991,23.351,0.023
84,12,3256.91342142693,21.347,0.027
84,14,3249.35473253757,21.222,0.025
84,16,3431.70380333996,22.84,0.024
84,18,3680.03999444895,25.968,0.025
84,20,3846.91814786819,27.789,0.025
82,12,3428.19681958089,23.651,0.025
82,14,3451.75481724305,24.683,0.024
82,16,3640.98296458889,27.659,0.024
82,18,3862.8079327835,31.276,0.026
82,20,3975.07202950634,31.715,0.026
80,14,3629.74164573367,26.713,0.024
80,16,3798.29672661488,29.343,0.024
80,18,3969.65354431303,31.984,0.025
80,20,4028.15941672998,31.047,0.026
78,14,3794.14553001556,25.65,0.023
78,16,3904.97192721739,26.353,0.023
78,18,3995.96243160723,27.218,0.024
76,16,3953.49401950994,20.791,0.021
76,18,3959.98917665983,20.574,0.022
62,4,3010.24851500843,11.888,0.019
62,6,3116.9596782187,13.708,0.021
62,8,3040.33307553917,15.892,0.024
62,10,3036.64733060073,18.514,0.026
62,12,3148.36684842027,18.769,0.024
60,0,1557.56495263499,4.333,0.021
60,2,2363.90172576867,8.047,0.02
60,4,2916.17464132849,10.655,0.019
60,6,3088.31274957693,11.799,0.02
60,8,3043.92515889142,12.846,0.021
60,10,3021.24490650204,14.087,0.023
60,12,3101.93062648705,14.225,0.021
60,14,3225.66098235844,12.804,0.019
60,16,3335.05700766016,11.64,0.018
58,0,1529.85834991623,4.039,0.021
58,2,2370.61230799306,7.633,0.02
58,4,3004.70708482534,10.304,0.019
58,6,3265.36349962293,11.356,0.019
58,8,3259.59313222193,11.665,0.019
58,10,3221.38697367066,12.146,0.019
58,12,3280.65342121754,12.905,0.019
58,14,3405.38875382438,13.268,0.019
58,16,3515.78939528284,12.916,0.019
58,18,3605.96306056317,13.106,0.019
56,0,1507.63544160418,3.39,0.02
56,2,2375.40449690224,7.042,0.02
56,4,3075.31084632105,10.252,0.02
56,6,3414.44194448996,11.702,0.019
56,8,3456.23758122008,11.827,0.018
56,10,3423.1763558178,12.212,0.018
56,12,3477.51261251015,13.941,0.02
56,14,3613.54518625043,15.912,0.021
56,16,3737.76670664753,16.257,0.021
56,18,3822.90834985427,15.681,0.021
54,0,1456.0498901393,2.9,0.02
54,2,2301.24585884915,6.523,0.021
54,4,3005.47932800142,10.024,0.021
54,6,3379.51826410857,11.791,0.02
54,8,3459.20137133092,11.91,0.019
54,10,3441.17650403612,12.227,0.019
54,12,3493.466688132,14.36,0.021
54,14,3628.97688159847,17.009,0.022
54,16,3758.12444659431,17.672,0.022
54,18,3844.53608470902,16.808,0.022
54,20,3959.32136821486,17.288,0.022
52,10,3308.26956975598,11.424,0.021
52,12,3358.87897235491,12.996,0.021
52,14,3486.91221962324,15.194,0.022
52,16,3617.02191538893,15.939,0.022
52,18,3715.5668818721,15.449,0.022
52,20,3833.34150277874,15.663,0.022
50,12,3187.42883787157,10.726,0.02
50,14,3327.29186732746,11.99,0.02
50,16,3480.29765183028,12.864,0.02
50,18,3613.77115057914,13.222,0.021
50,20,3745.52940381123,13.602,0.022
48,14,3185.01587241754,9.287,0.017
48,16,3391.09961347635,10.321,0.018
48,18,3584.04700976363,11.451,0.019
48,20,3743.40604978189,12.07,0.021
46,16,3277.59308747585,9.023,0.018
46,18,3529.5298644846,10.411,0.019
46,20,3721.45793152848,10.896,0.019
44,16,3074.74155651797,8.558,0.02
44,18,3354.99865714745,9.635,0.02
20,26,1077.60393219728,0.471,0.01
20,28,1014.39075459648,0.384,0.011
18,28,962.053696812487,0.279,0.007
18,30,907.928240795848,0.271,0.008
16,28,919.247747464986,0.23,0.005
16,30,949.892387714093,0.291,0.006
14,28,857.999948792333,0.216,0.005
14,30,962.389023005592,0.348,0.006
14,32,1010.39944161759,0.477,0.007
12,26,584.660964572412,0.108,0.005
12,28,742.49303734012,0.233,0.005
12,30,888.051067318718,0.442,0.007
12,32,982.325351908215,0.626,0.008
10,26,432.365386451655,0.082,0.006
10,28,578.068074087096,0.22,0.007
10,30,730.411252426437,0.446,0.008
10,32,855.088471713659,0.643,0.01
8,24,213.585694540631,0.032,0.011
8,26,293.727095158387,0.051,0.008
8,28,405.631080015808,0.133,0.008
8,30,538.00134706807,0.273,0.009
6,22,112.46978179553,0.025,0.018
6,24,141.529461453754,0.03,0.014
6,26,189.642476695731,0.03,0.01
6,28,262.139797002113,0.048,0.009
6,30,356.991173998545,0.093,0.008
4,20,68.7114992115054,0.008,0.016
4,22,78.6061966662754,0.018,0.019
4,24,96.1720664272678,0.023,0.017
4,26,120.936272056167,0.017,0.012
4,28,159.051763062519,0.012,0.008
2,20,43.3657909982898,0.003,0.014
2,22,53.3360776045321,0.007,0.017
2,24,64.530852810736,0.009,0.015
2,26,75.1880299529211,0.006,0.011
0,20,24.1250751239235,0.001,0.01
0,22,31.9148122330477,0.001,0.012
0,24,38.6894260724782,0.002,0.011
62,0,1662.69779387669,4.29,0.02
62,2,2492.58988695383,8.555,0.019
16,32,941.852182245285,0.366,0.008
16,34,912.470125805912,0.419,0.009
16,36,887.44678362286,0.407,0.009
16,38,883.469352582298,0.355,0.01
14,34,1001.67422798633,0.555,0.009
14,36,962.639706410184,0.553,0.01
14,38,923.606064498224,0.494,0.012
14,40,900.61140653527,0.466,0.014
14,42,882.100673234419,0.511,0.015
12,34,1010.78667535273,0.747,0.01
12,36,985.231837161661,0.793,0.012
12,38,929.104966786253,0.739,0.015
12,40,871.431416323192,0.668,0.018
12,42,828.911844387963,0.679,0.019
10,34,927.873230427685,0.796,0.01
10,36,938.850046423739,0.903,0.012
10,38,891.888361986902,0.883,0.015
10,40,814.700144699713,0.771,0.019
10,42,745.656163373075,0.699,0.02
10,44,688.69323884323,0.697,0.018
8,32,665.601779389271,0.408,0.01
8,34,759.982743005293,0.537,0.01
8,36,798.506481004831,0.656,0.011
8,38,771.87834136696,0.68,0.014
8,40,699.586614852588,0.593,0.017
8,42,624.578175381229,0.498,0.017
8,44,567.701888366313,0.459,0.015
6,32,456.574255154451,0.146,0.008
6,34,536.146898742323,0.211,0.008
6,36,574.846532725,0.282,0.009
6,38,562.809746306352,0.313,0.011
6,40,512.697357093019,0.283,0.013
6,42,457.997491369902,0.235,0.013
6,44,419.309700155751,0.209,0.011
4,30,211.895554685633,0.018,0.006
4,32,269.076172987095,0.029,0.006
4,34,315.031820285224,0.048,0.006
4,36,337.454679265193,0.07,0.007
4,38,331.316426591573,0.084,0.008
4,40,304.913765262123,0.081,0.01
4,42,279.32964802159,0.071,0.01
4,44,266.361165939217,0.066,0.008
2,28,89.6296491188662,0.003,0.007
2,30,110.072406903224,0.002,0.004
2,32,132.675241465917,0.003,0.004
2,34,150.614185097553,0.006,0.004
2,36,158.624685260317,0.01,0.005
2,38,154.750675234533,0.013,0.006
2,40,144.217109330269,0.014,0.007
2,42,138.411939986867,0.014,0.007
2,44,142.028310788489,0.015,0.006
0,26,42.2442372174734,0.001,0.008
0,28,44.7294818042426,0,0.005
0,30,48.5087147082859,0,0.003
0,32,53.3259441700048,0,0.002
0,34,57.5131122525562,0,0.002
0,36,59.0475420189496,0.001,0.003
0,38,56.997730321763,0.001,0.004
0,40,53.9491262423309,0.001,0.005
0,42,55.3438132739913,0.002,0.005
0,44,62.6623877664039,0.003,0.005
30,38,1014.06822647246,0.681,0.018
28,32,1171.01318778648,1.412,0.032
28,34,1044.85165057569,1.06,0.031
28,36,920.519956180419,0.701,0.026
28,38,842.422307622996,0.447,0.019
28,40,843.935687319795,0.389,0.013
28,42,912.038100120683,0.458,0.012
28,44,1021.75387920518,0.607,0.013
26,30,1112.71832973686,1.297,0.03
26,32,983.327845062087,0.922,0.031
26,34,861.519089923225,0.615,0.029
26,36,761.634595436238,0.389,0.023
26,38,713.302944144896,0.245,0.016
26,40,734.816765083345,0.204,0.011
26,42,810.004336078089,0.261,0.01
26,44,915.447629063906,0.434,0.012
26,46,1044.78908861552,0.673,0.013
24,28,1135.17144454469,1.048,0.022
24,30,994.613858831376,0.847,0.025
24,32,853.765515713377,0.559,0.025
24,34,738.067292187199,0.34,0.022
24,36,663.387408099674,0.213,0.017
24,38,643.208200091545,0.142,0.011
24,40,675.491109710358,0.119,0.008
24,42,736.610156788409,0.149,0.008
24,44,808.164263591965,0.258,0.01
24,46,895.92747038189,0.441,0.012
24,48,1010.89374622705,0.609,0.011
22,28,1071.16604864544,0.627,0.016
22,30,926.365109359603,0.496,0.018
22,32,785.391189771433,0.343,0.018
22,34,685.187519328865,0.231,0.015
22,36,639.078959292661,0.171,0.012
22,38,644.183569228362,0.137,0.008
22,40,679.586848244628,0.126,0.006
22,42,712.877828688622,0.135,0.006
22,44,730.843021140655,0.172,0.008
22,46,754.609727901273,0.264,0.01
22,48,816.163114878095,0.403,0.011
22,50,929.572633441701,0.584,0.012
20,30,895.893424670123,0.313,0.012
20,32,779.209517008113,0.26,0.012
20,34,704.877512479729,0.234,0.011
20,36,685.001218779888,0.215,0.01
20,38,708.40505083896,0.194,0.008
20,40,743.343127151663,0.189,0.006
20,42,750.912937008813,0.186,0.006
20,44,717.743604299977,0.177,0.007
20,46,673.321380381426,0.205,0.01
20,48,667.891227295315,0.303,0.013
20,50,730.503219482138,0.467,0.014
18,32,840.192309642101,0.287,0.009
18,34,792.115073602404,0.314,0.009
18,36,780.941128819623,0.307,0.009
18,38,803.235681592625,0.274,0.008
18,40,831.90864179983,0.263,0.008
18,42,826.594102967484,0.259,0.008
18,44,764.906347387438,0.233,0.008
18,46,670.332119396899,0.223,0.011
18,48,601.943271789011,0.285,0.014
18,50,605.261080407777,0.405,0.016
16,40,893.062113877729,0.339,0.01
16,42,883.964177736008,0.357,0.01
16,44,820.770846445595,0.348,0.011
16,46,705.808001401255,0.3,0.013
16,48,593.405999804069,0.282,0.015
16,50,543.827460108976,0.315,0.016
14,44,829.429341473863,0.547,0.015
14,46,719.156895021232,0.451,0.014
14,48,586.837618989199,0.292,0.014
14,50,497.908356708087,0.198,0.014
12,44,779.002298416444,0.726,0.017
12,46,684.474905275393,0.599,0.015
12,48,554.938486999771,0.327,0.013
12,50,445.973965808766,0.139,0.012
10,46,610.811326318864,0.57,0.014
10,48,501.602536367955,0.305,0.011
8,46,508.358204840039,0.366,0.011
8,48,429.660388735866,0.198,0.008
46,64,2981.75946915257,7.719,0.021
46,66,2730.58713780836,7.478,0.022
46,68,2531.21611075187,7.362,0.023
46,70,2395.4617954196,6.704,0.024
46,72,2304.88218464277,6.106,0.023
46,74,2150.39381859372,5.752,0.022
44,60,3426.39713720176,10.521,0.02
44,62,3134.30103546964,7.849,0.019
44,64,2851.10333371337,6.227,0.019
44,66,2611.42017671216,5.682,0.02
44,68,2421.42350933679,5.561,0.022
44,70,2269.10706259508,5.244,0.024
44,72,2127.00071195177,4.861,0.024
44,74,1919.58745321725,4.387,0.024
44,76,1557.61224426988,3.377,0.024
42,58,3393.02118201463,11.95,0.021
42,60,3168.38655466766,9.24,0.02
42,62,2894.68689575099,6.657,0.019
42,64,2628.31236238041,4.822,0.017
42,66,2414.7520702482,3.98,0.018
42,68,2252.16615611609,3.802,0.02
42,70,2105.26266630377,3.766,0.023
42,72,1934.98778340878,3.603,0.024
42,74,1693.12304329643,3.067,0.023
42,76,1335.40919904143,2.087,0.022
42,78,895.506718244694,1.074,0.023
40,58,3092.36094536039,10.802,0.024
40,60,2901.73987727183,8.516,0.023
40,62,2645.38067976133,5.967,0.02
40,64,2391.39890719909,3.926,0.017
40,66,2195.04636661875,2.813,0.016
40,68,2052.8228525435,2.468,0.017
40,70,1919.3882899626,2.448,0.019
40,72,1751.87549002077,2.366,0.02
40,74,1514.0170795581,1.92,0.019
40,76,1180.3988390187,1.173,0.018
40,78,787.231215203529,0.523,0.017
40,80,431.632299231736,0.168,0.017
38,56,2927.99387863465,11.085,0.027
38,58,2865.03010652207,10.228,0.028
38,60,2703.74339297626,8.299,0.026
38,62,2461.48150227781,5.867,0.023
38,64,2211.942355341,3.743,0.02
38,66,2013.76727187089,2.404,0.017
38,68,1869.58446950302,1.8,0.015
38,70,1744.45358917143,1.604,0.015
38,72,1600.06180567803,1.468,0.015
38,74,1396.00053375017,1.127,0.014
38,76,1099.87652371911,0.636,0.012
38,78,740.872572854483,0.254,0.01
38,80,410.042378786051,0.071,0.009
36,56,2709.45085531447,9.606,0.029
36,58,2687.68786872965,9.23,0.03
36,60,2547.25883129809,7.89,0.03
36,62,2320.57882574541,6.041,0.027
36,64,2077.18298102001,4.159,0.024
36,66,1868.05265727405,2.639,0.019
36,68,1707.58441213069,1.703,0.016
36,70,1584.53921750317,1.292,0.013
36,72,1469.25328136572,1.092,0.012
36,74,1308.75601789478,0.8,0.01
36,76,1054.22830917394,0.426,0.008
36,78,724.355776532184,0.155,0.006
36,80,407.691448742899,0.037,0.005
34,56,2490.22654482269,7.317,0.029
34,58,2488.65275486598,7.425,0.03
34,60,2362.73560747192,6.934,0.031
34,62,2155.00289552494,6.025,0.031
34,64,1922.55609810788,4.628,0.029
34,66,1705.25382263611,3.005,0.024
34,68,1530.25830393895,1.761,0.018
34,70,1408.73155842046,1.166,0.013
34,72,1317.11904758288,0.922,0.01
34,74,1194.26259523224,0.663,0.008
34,76,983.857213996786,0.349,0.006
34,78,695.065724413718,0.121,0.005
34,80,404.916321402459,0.027,0.003
32,56,2251.06226535211,5.037,0.025
32,58,2252.68020492615,5.524,0.028
32,60,2137.8139483981,5.732,0.03
32,62,1946.17509802774,5.548,0.032
32,64,1721.92137252116,4.562,0.032
32,66,1501.65397652025,2.979,0.028
32,68,1322.86238720485,1.624,0.021
32,70,1205.34231563705,0.939,0.014
32,72,1125.14609947062,0.671,0.01
32,74,1024.02220434909,0.468,0.007
32,76,855.61115433324,0.248,0.006
32,78,624.441666811698,0.088,0.004
32,80,383.170884157025,0.02,0.003
30,56,2024.6992962817,3.51,0.021
30,58,2022.14011426259,4.14,0.024
30,60,1914.4354952571,4.587,0.028
30,62,1731.68894838571,4.671,0.032
30,64,1511.74606367687,3.982,0.034
30,66,1293.98434641657,2.637,0.031
30,68,1120.28876050255,1.398,0.023
30,70,1006.36519377797,0.727,0.015
30,72,923.676775935673,0.446,0.01
30,74,825.827482442654,0.285,0.008
30,76,686.856995922203,0.152,0.006
30,78,512.47710745577,0.059,0.004
30,80,329.908700136854,0.015,0.002
28,58,1834.40948737075,3.169,0.02
28,60,1729.53497171795,3.618,0.025
28,62,1553.79123147416,3.845,0.03
28,64,1341.05134120933,3.508,0.034
28,66,1129.61756389521,2.492,0.033
28,68,959.009164441507,1.378,0.026
28,70,840.249475967674,0.707,0.019
28,72,745.618963071256,0.397,0.013
28,74,641.40432364208,0.231,0.011
28,76,518.048744558275,0.122,0.008
28,78,384.287799831679,0.051,0.005
28,80,252.055662855108,0.014,0.003
26,60,1591.23945295739,2.958,0.023
26,62,1426.67168975712,3.393,0.029
26,64,1223.95689015844,3.365,0.033
26,66,1014.85567984754,2.57,0.035
26,68,836.229512309036,1.489,0.031
26,70,702.815619814598,0.784,0.026
26,72,595.691806218432,0.454,0.022
26,74,490.153320247095,0.267,0.019
26,76,380.484555351811,0.135,0.014
26,78,273.815290614266,0.052,0.009
24,62,1320.75337423003,3.092,0.027
24,64,1129.16664736524,3.161,0.032
24,66,919.841541931156,2.496,0.036
24,68,731.64117919052,1.502,0.036
24,70,587.478357995249,0.823,0.035
24,72,478.852199712606,0.507,0.033
24,74,384.609197282362,0.308,0.029
24,76,293.971726695321,0.146,0.022
22,64,1003.26267461123,2.705,0.029
22,66,812.486811226656,2.246,0.034
22,68,638.109303513162,1.431,0.037
22,70,506.261545463291,0.807,0.039
22,72,413.783197340372,0.505,0.038
56,20,3945.02326099563,16.928,0.022
54,22,4152.89428988068,20.166,0.023
52,22,4009.29254946799,17.437,0.024
50,22,3888.90324723424,14.394,0.023
50,24,4014.43823160993,14.979,0.023
48,22,3855.59805462907,12.105,0.022
48,24,3912.45273023597,11.795,0.021
46,22,3820.48987734526,10.243,0.019
46,24,3823.1158414199,9.162,0.019
44,20,3570.20400868416,9.538,0.019
44,22,3678.64112761693,8.379,0.017
44,24,3666.268732881,7.107,0.016
42,22,3419.90331167841,6.727,0.016
42,24,3429.30014374892,5.866,0.015
44,26,3522.50926491692,6.123,0.016
42,26,3281.10546212921,5.342,0.015
42,28,2991.69335178067,4.688,0.016
40,24,3162.76940225581,5.243,0.015
40,26,3026.34837609052,5.316,0.017
40,28,2753.99295340516,4.892,0.018
38,26,2776.94932561903,5.098,0.018
38,28,2526.0575035052,4.942,0.02
38,30,2275.35757001006,4.243,0.021
36,28,2304.91936235472,4.337,0.021
36,30,2106.80992871137,3.868,0.021
34,30,1930.09133290378,3.16,0.021
32,30,1729.88254456823,2.568,0.022
46,26,3727.46193977324,8.211,0.018
46,28,3516.7739741307,7.59,0.017
44,28,3248.39334638473,5.369,0.016
44,30,2896.38501983296,4.788,0.016
42,30,2645.47931356386,3.969,0.017
42,32,2355.0458952247,3.532,0.017
40,30,2448.4396147496,4.093,0.019
40,32,2201.90800163916,3.421,0.018
38,32,2078.37499652841,3.415,0.019
36,32,1954.76750391394,3.136,0.019
34,32,1806.76401981845,2.683,0.02
32,32,1617.28448052631,2.263,0.023
30,30,1507.2412034881,2.176,0.026
30,32,1394.65559541195,1.88,0.028
28,30,1289.50801828982,1.77,0.03
40,52,3325.18216010864,11.608,0.02
40,54,3280.83088141014,12.439,0.022
40,56,3205.32350369869,12.176,0.023
38,50,2842.70616061351,7.186,0.017
38,52,2922.1944700202,9.441,0.021
38,54,2938.47201861101,10.793,0.024
36,48,2212.62194413836,2.991,0.013
36,50,2395.07259982416,4.893,0.017
36,52,2538.26991791065,7.046,0.022
36,54,2644.98980381787,8.8,0.026
34,46,1658.61842950209,1.092,0.01
34,48,1828.11727588621,1.728,0.012
34,50,2022.5760776214,2.901,0.015
34,52,2213.22354609811,4.56,0.02
34,54,2381.30339838201,6.273,0.025
32,46,1409.31426334748,0.767,0.01
32,48,1576.17878942102,1.023,0.011
32,50,1768.62709050494,1.635,0.013
32,52,1963.56755433088,2.727,0.017
32,54,2138.82544082192,4.045,0.022
30,46,1266.57123548092,0.738,0.011
30,48,1433.97912895052,0.825,0.011
30,50,1610.68913156422,1.095,0.011
30,52,1780.59385705591,1.744,0.013
30,54,1930.05471459502,2.659,0.017
28,46,1164.56319016231,0.783,0.013
28,48,1327.28965256153,0.868,0.011
28,50,1487.73758964412,0.966,0.01
28,52,1635.92375921798,1.31,0.011
28,54,1764.13523497934,1.91,0.014
28,56,1843.08875743106,2.584,0.017
26,48,1192.12989014471,0.819,0.012
26,50,1344.120302161,0.896,0.01
26,52,1492.26351314953,1.095,0.01
26,54,1622.21356046825,1.469,0.011
26,56,1699.83459141061,1.939,0.014
26,58,1690.39713762556,2.441,0.018
24,50,1152.86800184782,0.75,0.01
24,52,1310.33450669168,0.944,0.01
24,54,1454.55566775574,1.19,0.01
24,56,1543.70283597469,1.48,0.012
24,58,1547.47574647747,1.927,0.016
24,60,1466.81300369649,2.547,0.021
22,52,1079.10237673949,0.796,0.011
22,54,1223.71104193235,0.961,0.01
22,56,1319.46456288231,1.095,0.011
22,58,1341.70357231853,1.42,0.014
22,60,1288.97393543603,1.995,0.019
22,62,1171.21769577699,2.546,0.024
20,52,844.807093567023,0.633,0.013
20,54,962.811187119225,0.701,0.012
20,56,1041.72206136917,0.695,0.011
20,58,1064.08386718566,0.82,0.013
20,60,1030.02331401314,1.184,0.016
20,62,945.691358929743,1.644,0.02
20,64,822.790010065107,1.907,0.025
20,66,683.377976142226,1.703,0.029
18,52,670.937123506681,0.487,0.015
18,54,747.096010323425,0.459,0.013
18,56,789.094139458466,0.369,0.011
18,58,786.453795729026,0.355,0.011
18,60,749.871165225868,0.496,0.012
18,62,691.631251867216,0.75,0.015
18,64,621.501533460563,0.95,0.018
16,54,599.307077404939,0.263,0.013
16,56,605.67801954318,0.179,0.01
16,58,573.523910177055,0.133,0.009
16,60,524.162116243049,0.156,0.009
46,30,3198.46513957765,7.093,0.018
46,32,2848.02525173255,6.373,0.018
44,32,2571.03061863113,4.42,0.017
44,34,2374.3376162781,4.386,0.017
42,34,2198.7005304093,3.572,0.016
42,36,2192.05323605418,3.883,0.016
40,34,2059.82358738322,3.169,0.017
40,36,2036.47259082306,3.167,0.015
40,38,2112.74170567874,3.045,0.014
38,34,1939.94423230215,2.81,0.016
38,36,1878.67772518324,2.472,0.014
38,38,1913.20013912779,2.191,0.012
36,34,1816.68223383776,2.412,0.016
36,36,1711.96879472969,1.885,0.014
36,38,1689.03317262063,1.548,0.012
34,34,1667.14733863879,2.088,0.018
34,36,1526.77856607462,1.521,0.015
34,38,1450.01864881004,1.138,0.013
32,34,1478.68812445293,1.825,0.022
32,36,1323.91795400363,1.29,0.019
32,38,1219.04713030166,0.891,0.015
30,34,1261.79331822505,1.506,0.027
30,36,1115.82784770587,1.035,0.024
74,18,3902.43775097088,15.898,0.019
72,18,3878.51146899426,14.024,0.018
72,20,3955.37158854102,16.426,0.019
70,20,4091.31022548061,18.734,0.019
68,20,4222.50974416706,24.827,0.022
68,22,4424.39714883927,31.75,0.026
66,22,4345.32005100986,39.723,0.031
66,24,4422.059994183,43.515,0.033
64,26,4077.23278491688,39.961,0.035
64,28,4016.87497413777,33.453,0.033
58,40,4190.89931852482,16.746,0.02
58,42,4206.15802166793,18.155,0.02
58,44,4135.06287970902,17.91,0.02
58,46,3940.39167061716,15.964,0.02
58,48,3737.47800543716,14.311,0.02
56,36,4186.44262439375,11.54,0.016
56,38,4249.29220909258,13.294,0.017
56,40,4255.28905500599,16.366,0.02
56,42,4217.48598024591,19.23,0.023
56,44,4114.20888017437,20.198,0.025
56,46,3978.11993417315,19.38,0.025
56,48,3909.02316482505,18.59,0.024
56,50,3955.06815311577,18.934,0.024
56,52,4042.03557687303,20.438,0.025
54,34,3838.34942573717,8.045,0.015
54,36,3908.21053390699,8.106,0.014
54,38,3960.85561543636,9.88,0.016
54,40,3962.38643405868,13.243,0.02
54,42,3908.96413585384,16.815,0.025
54,44,3841.90880699678,19.09,0.029
54,46,3845.83020703283,20.009,0.029
54,48,3976.29652811124,20.776,0.027
54,50,4178.71400868751,21.928,0.026
54,52,4316.37999585207,23.007,0.025
54,54,4289.84057939679,22.718,0.024
52,34,3467.36837046558,6.887,0.015
52,36,3407.18323189635,6.02,0.014
52,38,3417.8765625133,7,0.015
52,40,3420.87208871095,9.724,0.02
52,42,3388.75719435712,13.1,0.026
52,44,3401.4889280024,15.939,0.03
52,46,3572.52378384554,18.203,0.031
52,48,3910.81883909355,20.708,0.028
52,50,4274.8094220129,23.461,0.026
52,52,4474.6896039803,24.997,0.025
52,54,4422.76051179568,23.558,0.024
50,32,3397.80421846979,9.341,0.018
50,34,3101.35145331388,6.885,0.016
50,36,2945.50637793637,5.482,0.015
50,38,2923.62914530353,5.941,0.016
50,40,2935.89487575893,8.022,0.02
50,42,2938.11416611364,10.577,0.025
50,44,3024.32988345961,12.834,0.029
50,46,3314.15081673379,15.407,0.029
50,48,3787.88337869692,19.307,0.027
50,50,4262.15053201921,24.015,0.026
50,52,4522.74137630078,26.721,0.025
50,54,4481.76147866484,25.089,0.024
50,56,4219.22998947355,20.108,0.023
48,32,3136.06286203748,8.538,0.018
48,34,2818.82633655091,6.672,0.017
48,36,2658.41672297025,5.61,0.017
48,38,2647.11607044306,6.027,0.017
48,40,2680.19390899137,7.631,0.02
48,42,2714.22698518884,9.285,0.023
48,44,2843.1347475556,10.569,0.025
48,46,3173.9809956231,12.725,0.025
48,48,3673.59474584963,17.116,0.025
48,50,4162.8836911894,22.736,0.025
48,52,4445.55150329643,26.003,0.024
48,54,4441.39789617341,24.81,0.024
48,56,4218.66970451569,20.441,0.023
46,34,2585.09967687542,5.64,0.017
46,36,2488.41280544534,5.417,0.017
46,38,2524.31137043678,5.979,0.017
46,40,2591.08454127541,7.112,0.018
46,42,2658.51113352568,8.146,0.02
46,44,2813.82396193687,8.912,0.021
46,46,3140.71668040598,10.655,0.021
46,48,3593.83664853605,14.658,0.022
46,50,4016.34216118071,19.667,0.023
46,52,4260.82179584551,22.515,0.023
46,54,4278.01367155958,22.01,0.023
46,56,4117.57662320252,19.102,0.022
44,36,2343.53253860392,4.704,0.017
44,38,2424.00711497241,5.22,0.016
44,40,2524.54791424035,5.833,0.017
44,42,2627.29927317351,6.467,0.017
44,44,2808.13616457171,7.172,0.018
44,46,3125.10257760548,8.796,0.019
44,48,3517.61822138105,12.149,0.02
44,50,3844.79266234088,16.002,0.02
44,52,4008.3422027433,18.175,0.021
44,54,4005.64250620995,18.244,0.021
44,56,3884.53041895436,16.632,0.021
42,38,2286.21570705902,4.086,0.015
42,40,2406.70143146093,4.212,0.015
42,42,2535.92968037146,4.518,0.015
42,44,2731.09209342445,5.171,0.016
42,46,3031.44481527381,6.7,0.016
42,48,3369.25971405334,9.501,0.017
42,50,3613.77543070284,12.545,0.018
42,52,3697.212680508,14.391,0.02
42,54,3655.83050432508,14.823,0.021
42,56,3550.33281258725,13.993,0.021
40,40,2233.59180231467,2.877,0.013
40,42,2367.01031095564,2.92,0.013
40,44,2545.8679334573,3.347,0.013
40,46,2802.98602084042,4.576,0.014
40,48,3083.73771552238,6.892,0.016
40,50,3275.47195330381,9.613,0.017
38,40,2008.95303748601,1.962,0.011
38,42,2117.66708710648,1.874,0.011
38,44,2250.60218133579,2.064,0.011
38,46,2443.653370714,2.907,0.012
38,48,2668.50961363921,4.711,0.014
36,40,1736.89944695698,1.355,0.011
36,42,1804.23802352332,1.251,0.01
36,44,1888.71498906224,1.3,0.01
36,46,2026.55203620234,1.788,0.011
34,40,1450.34072534615,0.974,0.011
34,42,1485.9816880918,0.905,0.01
34,44,1545.90995282164,0.888,0.01
82,10,3660.78651054456,24.023,0.026
80,8,4219.74128412205,29.117,0.026
80,10,3783.97347426929,26.377,0.026
80,12,3593.18923308122,25.825,0.025
78,6,4665.65210575492,35.689,0.026
78,8,4278.81175608062,31.176,0.027
78,10,3918.45539767256,27.677,0.026
78,12,3767.09827995272,26.147,0.024
76,6,4642.51903407188,37.531,0.027
76,8,4327.27686856811,32.219,0.027
76,10,4040.5404475094,27.459,0.025
76,12,3924.14618357529,24.298,0.023
76,14,3923.14707193441,21.999,0.021
74,4,4546.58479286555,38.318,0.027
74,6,4613.09410859471,38.893,0.028
74,8,4338.76459217717,33.28,0.027
74,10,4103.06307110289,27.22,0.025
74,12,4007.75747697307,22.173,0.022
74,14,3972.7119299711,18.31,0.02
74,16,3936.76840445649,16.127,0.019
72,4,4467.05773085973,35.795,0.026
72,6,4521.79114862124,37.123,0.027
72,8,4260.40795650556,32.533,0.026
72,10,4052.65440882782,26.554,0.024
72,12,3972.45612460842,20.844,0.021
72,14,3926.84443756098,16.278,0.019
72,16,3881.63994630244,13.831,0.017
70,4,4280.37418041098,29.141,0.024
70,6,4319.17885900053,31.007,0.025
70,8,4070.05213453234,28.477,0.025
70,10,3893.60600811337,24.668,0.024
70,12,3847.63637562054,20.356,0.022
70,14,3839.61601323668,16.167,0.019
70,16,3851.77513288693,13.932,0.017
70,18,3929.86456984687,14.931,0.017
68,6,4032.22883756215,24.127,0.023
68,8,3815.45979928522,23.914,0.025
68,10,3692.62957377388,23.338,0.025
68,12,3709.90763008781,21.417,0.023
68,14,3776.78856371857,18.021,0.02
68,16,3875.56749645101,16.304,0.018
68,18,4029.06320386284,18.837,0.019
66,6,3708.86192048495,19.441,0.022
66,8,3540.86941178611,21.225,0.025
66,10,3482.88732062512,23.478,0.026
66,12,3568.48387811281,23.486,0.024
66,14,3704.01175194965,20.46,0.021
66,16,3863.35565100405,19.035,0.019
66,18,4046.3546350079,23.211,0.021
66,20,4216.49582108624,31.673,0.026
64,8,3255.99347990087,19.082,0.025
64,10,3244.06503781137,22.491,0.027
64,12,3365.34447374932,23.103,0.025
64,14,3525.74457077914,20.011,0.021
64,16,3691.25083739693,18.402,0.02
64,18,3857.67973732087,22.883,0.023
64,20,3993.35375517881,32.211,0.029
64,22,4075.87026465837,40.671,0.034
64,24,4105.08309242101,43.491,0.037
62,14,3292.70410891763,16.053,0.02
62,16,3427.82359740107,14.384,0.019
62,18,3559.40799678404,17.494,0.022
62,20,3686.12995744683,24.988,0.028
62,22,3788.75041136591,32.516,0.034
62,24,3837.61056307249,35.361,0.036
62,26,3810.15826833957,32.29,0.034
60,18,3439.1736900961,13.031,0.02
60,20,3574.25278300785,17.625,0.024
60,22,3730.25672872097,23.33,0.029
84,2,3982.66278463542,21.049,0.018
84,4,4747.75249303459,30.408,0.02
84,6,4668.44812936329,30.653,0.022
84,8,4091.31926623731,25.977,0.026
82,0,2667.99158680919,9.554,0.018
82,2,4009.7579505871,21.748,0.019
82,4,4763.93838722987,30.97,0.021
82,6,4697.76159141521,31.025,0.023
82,8,4162.17529774502,26.644,0.025
80,0,2657.51672199509,10.066,0.02
80,2,3972.56844027135,22.906,0.021
80,4,4718.16398986369,32.762,0.023
80,6,4687.30136819058,33.299,0.024
78,0,2615.89377894583,10.611,0.022
78,2,3905.11399891048,24.347,0.023
78,4,4650.21064217105,34.962,0.025
76,0,2570.20243992454,11.288,0.023
76,2,3842.28768296982,25.987,0.025
76,4,4589.02181890345,37.126,0.027
74,0,2544.37770569797,11.738,0.023
74,2,3805.9890282684,26.87,0.025
72,0,2509.86244875886,11.062,0.023
72,2,3749.94373131537,25.027,0.024
70,0,2413.48440864023,9.08,0.022
70,2,3603.01643367859,20.312,0.023
68,0,2253.80445043489,6.819,0.021
68,2,3366.6959492361,15.245,0.021
68,4,3997.60188297621,22.022,0.022
66,0,2060.82248810432,5.205,0.02
66,2,3080.45287320813,11.673,0.02
66,4,3663.82764175348,17.064,0.02
64,0,1850.83990259123,4.437,0.019
64,2,2766.57360731473,9.629,0.019
64,4,3305.27107029429,13.994,0.02
64,6,3372.93103422468,16.377,0.021
32,40,1195.83392828911,0.762,0.012
32,42,1226.4378901178,0.748,0.011
32,44,1292.7625725598,0.72,0.01
30,40,995.429901003881,0.597,0.013
30,42,1042.80693970126,0.639,0.012
30,44,1133.16302677421,0.682,0.012
120,0,157.229660863213,0.007,0.002
120,2,222.395334653512,0.015,0.002
120,4,279.835411851037,0.019,0.002
120,6,329.43698707903,0.022,0.003
120,8,377.650989582492,0.033,0.004
120,10,423.169812700526,0.05,0.005
120,12,453.242163655561,0.062,0.006
120,14,469.903140145842,0.083,0.008
120,16,504.17749873317,0.129,0.01
118,0,259.878480112691,0.021,0.002
118,2,343.776088725682,0.046,0.003
118,4,407.120308759108,0.063,0.004
118,6,462.464535509817,0.083,0.005
118,8,525.32901723468,0.142,0.007
118,10,592.761831377163,0.219,0.009
118,12,642.142673194019,0.261,0.01
118,14,667.01756560233,0.302,0.012
118,16,698.964386821719,0.4,0.014
116,0,379.107177402807,0.037,0.003
116,2,489.170457047493,0.088,0.004
116,4,563.437250179208,0.145,0.006
116,6,623.547203333812,0.24,0.008
116,8,691.756069725491,0.444,0.011
116,10,767.066453681562,0.68,0.014
116,12,825.254920002542,0.773,0.015
116,14,851.042208482016,0.781,0.017
116,16,867.231735706122,0.872,0.019
114,0,502.50464274878,0.055,0.005
114,2,658.163672590808,0.153,0.007
114,4,763.289103305297,0.31,0.009
114,6,836.466466486751,0.566,0.012
114,8,902.491355262118,0.999,0.015
114,10,969.221989849899,1.46,0.018
114,12,1020.39016761562,1.602,0.019
114,14,1036.03761092533,1.483,0.021
114,16,1029.35853465037,1.449,0.024
112,0,620.181688862652,0.115,0.009
112,2,840.592262183526,0.344,0.011
112,4,993.5941320416,0.715,0.014
112,6,1083.17926988055,1.201,0.016
112,8,1138.82156195096,1.795,0.019
112,10,1184.16997187074,2.335,0.021
112,12,1215.14008839568,2.475,0.022
112,14,1212.43147744143,2.238,0.024
112,16,1188.15380706192,2.058,0.027
110,0,727.184237461897,0.26,0.012
110,2,1021.16336696602,0.772,0.015
110,4,1225.05798614693,1.542,0.018
110,6,1321.38842503786,2.328,0.02
110,8,1350.25581787035,2.896,0.023
110,10,1359.2000320558,3.177,0.024
110,12,1358.94633638486,3.144,0.024
110,14,1336.60851469465,2.84,0.026
110,16,1311.21266282606,2.619,0.029
108,0,821.535655205042,0.476,0.014
108,2,1189.32915894939,1.398,0.017
108,4,1441.76665946077,2.727,0.021
108,6,1532.864934107,3.831,0.023
108,8,1514.89851157696,4.179,0.025
108,10,1467.71293511938,3.945,0.026
108,12,1425.55627461321,3.55,0.026
108,14,1386.66784758335,3.139,0.027
108,16,1373.24289456219,2.942,0.03
106,0,907.086655424569,0.754,0.015
106,2,1348.10151876715,2.17,0.019
106,4,1652.26376011226,4.078,0.022
106,6,1736.90314308007,5.319,0.025
106,8,1660.37861572883,5.245,0.027
106,10,1540.5377985816,4.478,0.027
106,12,1445.47051035049,3.741,0.027
106,14,1386.70406776727,3.212,0.028
104,0,996.705524684154,1.122,0.016
104,2,1513.6009376384,3.09,0.02
104,4,1877.01816933208,5.531,0.023
104,6,1963.39639906301,6.751,0.026
104,8,1829.46449677136,6.178,0.028
104,10,1629.96815238484,4.926,0.028
104,12,1471.00722363494,3.9,0.028
102,0,1097.57786573325,1.538,0.017
102,2,1692.21130898901,4.037,0.02
102,4,2117.71775613523,7,0.023
102,6,2213.48629207952,8.331,0.026
102,8,2032.473990708,7.43,0.028
84,0,2629.91650682238,9.089,0.017
62,28,3750.17959935414,26.939,0.032
62,30,3767.89659688261,24.632,0.03
62,32,3899.28170932408,25.958,0.029
62,34,4022.32602370348,26.47,0.028
60,24,3827.63283904116,26.164,0.03
60,26,3793.82446463451,24.133,0.029
60,28,3683.13562929388,20.292,0.028
60,30,3657.35875004443,19.11,0.027
60,32,3789.91772415666,20.599,0.026
60,34,3960.56427061947,21.182,0.024
60,36,4019.75814761234,19.288,0.022
58,20,3739.90937872577,15.605,0.022
58,22,3930.37919462649,20.004,0.025
58,24,4062.80387928451,22.539,0.026
58,26,4011.6644613564,20.467,0.025
58,28,3829.75670094837,16.563,0.024
58,30,3726.92110969863,14.797,0.023
58,32,3825.4069461602,15.29,0.022
58,34,4024.24787123333,15.76,0.02
58,36,4153.6071362294,15.388,0.019
56,22,4142.88077656991,20.641,0.023
56,24,4297.53439742771,22.864,0.024
56,26,4251.04169069629,20.098,0.023
56,28,4034.3601781818,15.135,0.021
56,30,3861.11398299118,12.026,0.019
56,32,3882.32832747306,11.144,0.018
56,34,4041.06350618215,11.099,0.017
54,24,4326.63988928915,22.037,0.024
54,26,4325.30236448559,19.413,0.022
54,28,4139.78405294882,14.499,0.02
54,30,3924.05126761157,10.916,0.018
54,32,3819.42371782601,9.022,0.016
52,24,4179.49208727826,18.77,0.024
52,26,4226.27581944703,17.213,0.022
52,28,4105.0566933028,13.939,0.02
52,30,3874.56401805237,11.174,0.018
52,32,3634.34901694476,8.878,0.016
50,26,4059.11190500797,14.322,0.022
50,28,3967.9256204152,12.911,0.02
50,30,3727.85697775739,11.448,0.019
48,26,3895.87014580775,11.217,0.02
48,28,3765.59594611678,10.654,0.019
48,30,3495.3070263534,9.991,0.019
22,74,340.059051183515,0.312,0.032
22,76,268.1010434968,0.144,0.023
20,68,556.689755271866,1.139,0.032
20,70,463.636770480094,0.646,0.033
20,72,401.772206151811,0.399,0.03
20,74,349.780922740201,0.253,0.024
18,66,548.531329571627,0.899,0.021
18,68,484.550062009613,0.621,0.022
18,70,440.366033686024,0.358,0.021
18,72,411.459531201911,0.228,0.017
18,74,376.434614922918,0.153,0.013
16,62,479.523442366802,0.235,0.01
16,64,449.317612803746,0.312,0.011
16,66,430.922503185821,0.307,0.012
16,68,419.588553973462,0.218,0.012
16,70,415.106526754198,0.134,0.01
16,72,409.827313107263,0.096,0.009
14,58,425.129185522321,0.065,0.01
14,60,372.322173815876,0.053,0.01
14,62,335.325431210568,0.059,0.008
14,64,326.669030963913,0.073,0.007
14,66,340.502365454017,0.074,0.006
14,68,362.320339900009,0.056,0.005
14,70,381.998288065875,0.039,0.005
64,38,4016.29538620217,21.42,0.023
62,36,4016.65797237682,23.427,0.025
86,10,3359.66001080717,21.433,0.031
84,10,3536.56656378282,22.612,0.027
20,76,288.645884985483,0.121,0.016
16,74,383.837014782037,0.072,0.007
14,54,481.357395697923,0.121,0.012
14,56,468.382799205876,0.089,0.011
14,72,388.442548586944,0.037,0.005
12,56,360.408070047655,0.074,0.016
12,58,325.391899103998,0.08,0.018
12,60,282.484982140513,0.063,0.019
12,62,252.530788926357,0.039,0.014
12,64,250.794528083606,0.028,0.008
12,66,275.368791712787,0.025,0.004
12,68,310.432910924076,0.019,0.003
12,70,340.325964738204,0.015,0.003
10,62,216.651093156161,0.076,0.025
10,64,210.65531136442,0.042,0.014
10,66,227.864065063098,0.029,0.006
64,40,4072.95893056653,17.188,0.019
64,42,4274.15041339671,14.905,0.017
64,44,4460.27448218278,13.514,0.015
62,38,3945.33855577815,18.845,0.021
62,40,3973.63384185559,15.596,0.019
62,42,4131.16870092276,14.102,0.016
62,44,4244.53102575458,12.886,0.015
60,38,3987.60440359837,16.79,0.02
60,40,4001.78363720841,15.602,0.019
60,42,4089.72801559714,15.415,0.018
60,44,4104.61344378098,14.489,0.017
60,46,3934.66896215242,12.361,0.016
58,38,4180.357732173,15.464,0.019
90,0,2090.2422199137,7.757,0.02
90,2,3204.6751128386,17.438,0.021
90,4,3871.80789423934,24.451,0.022
90,6,3843.00131064327,24.108,0.025
90,8,3354.71184182734,19.634,0.031
90,10,2830.76918806117,15.343,0.036
88,0,2344.87122677905,8.714,0.018
88,2,3585.52181881401,20.129,0.019
88,4,4308.62708138047,29.052,0.021
88,6,4247.86535427179,29.196,0.025
88,8,3688.02458340649,23.863,0.03
88,10,3107.72645279702,18.747,0.034
86,0,2526.06181508482,8.896,0.017
86,2,3849.48634194001,20.85,0.018
86,4,4608.60675736097,30.537,0.02
86,6,4533.37500637156,31.115,0.024
86,8,3946.53002660557,26.016,0.028
74,50,4459.8614897532,20.788,0.02
74,52,4532.70401848092,18.073,0.017
74,54,4470.7655328098,15.728,0.016
72,46,3997.6163997462,18.687,0.022
72,48,4438.32878624136,21.631,0.02
72,50,4730.32851284166,21.565,0.018
72,52,4833.29722566131,20.124,0.016
72,54,4775.86418414401,19.268,0.016
72,56,4605.17092329672,17.967,0.016
72,58,4347.54764765046,14.9,0.014
70,46,4215.21285471374,17.556,0.019
70,48,4618.96408066476,19.688,0.017
70,50,4908.95764745674,20.716,0.016
70,52,5033.20250385892,21.819,0.016
70,54,5003.84682861507,23.408,0.017
70,56,4866.94919086456,23.255,0.018
70,58,4636.51018249885,19.806,0.016
70,60,4317.85339487796,15.232,0.015
68,44,4171.53707232831,15.194,0.019
68,46,4467.90405425851,15.75,0.016
68,48,4721.66015181732,16.735,0.015
68,50,4925.21619821288,18.585,0.015
68,52,5046.4719581109,21.626,0.016
68,54,5066.20847504341,25.041,0.018
68,56,5001.77376028727,26.388,0.019
68,58,4843.28201633043,23.92,0.018
68,60,4566.10029150832,19.533,0.017
68,62,4229.84764570722,16.664,0.016
66,42,4225.86331573044,15.886,0.019
66,44,4464.45580783566,14.751,0.017
66,46,4603.12153351754,13.938,0.015
66,48,4652.74456830233,13.984,0.014
66,50,4708.11345821215,15.649,0.015
66,52,4791.73605985832,18.823,0.017
66,54,4858.52856045193,22.531,0.019
66,56,4877.88833903304,24.945,0.019
66,58,4809.06924032519,24.196,0.019
66,60,4609.45212340186,21.155,0.017
66,62,4328.19606902951,19.006,0.017
64,46,4469.4271226323,12.161,0.014
64,48,4340.78621927983,11.481,0.014
64,50,4250.29109490581,12.317,0.015
64,52,4276.99134106802,14.553,0.017
64,54,4364.55997816332,17.542,0.019
64,56,4439.93515666002,19.994,0.019
64,58,4441.03013325287,20.25,0.018
64,60,4321.65893256132,18.572,0.017
64,62,4119.73429147123,17.354,0.017
64,64,3933.78154793986,17.472,0.018
62,46,4151.39644634538,11.131,0.014
62,48,3917.08872834378,9.833,0.014
62,50,3748.0906853945,9.988,0.015
62,52,3738.13077325178,11.564,0.018
62,54,3819.60002369858,13.956,0.02
62,56,3898.93208710192,15.818,0.02
62,58,3914.43394595646,15.783,0.018
62,60,3832.58059896151,14.327,0.017
62,62,3681.30656489484,13.253,0.016
62,64,3535.9428955159,13.164,0.017
60,48,3676.77540982925,10.64,0.016
60,50,3519.02341325146,10.553,0.018
60,52,3517.75925798344,12.112,0.021
60,54,3581.95909160491,14.473,0.023
60,56,3616.07150960989,15.691,0.023
60,58,3580.91947709944,14.443,0.02
60,60,3470.17141566332,11.943,0.017
60,62,3313.52312171612,10.097,0.015
60,64,3175.44736153648,9.393,0.016
58,50,3659.64632584235,14.306,0.022
58,52,3699.13990963199,16.057,0.024
58,54,3741.82339812707,18.392,0.026
58,56,3705.72356488693,18.667,0.025
58,58,3583.70456786511,15.677,0.021
58,60,3403.28522895538,11.615,0.017
58,62,3208.5343321594,8.896,0.015
58,64,3060.34283310084,7.925,0.015
56,54,4054.37111006208,21.829,0.026
56,56,3943.66825060322,20.581,0.025
56,58,3740.3663497233,16.219,0.021
56,60,3499.22108117243,11.524,0.017
56,62,3273.81354000889,8.819,0.015
54,56,4106.23600499871,19.747,0.023
54,58,3840.38996612225,14.989,0.021
54,60,3565.14500474611,11.028,0.018
54,62,3326.24474169321,9.212,0.016
52,56,4177.9303059044,19.19,0.022
52,58,3863.40993607494,14.26,0.021
52,60,3565.67331895959,10.939,0.019
50,58,3884.20136860846,14.928,0.022
16,52,562.514571167138,0.322,0.015
14,52,475.317664487116,0.156,0.013
12,52,392.891357578622,0.073,0.011
12,54,377.339268275788,0.064,0.013
10,50,397.650466546061,0.115,0.01
10,52,335.357506720693,0.058,0.011
10,54,311.007888601073,0.071,0.016
10,56,297.020724788198,0.119,0.025
10,58,274.028994312447,0.16,0.032
10,60,242.725150541869,0.137,0.033
8,50,351.971606014183,0.081,0.007
8,52,303.22900862225,0.057,0.011
8,54,284.00529618076,0.095,0.019
8,56,273.296169738834,0.167,0.03
8,58,254.294082365837,0.222,0.04
8,60,225.832673211545,0.186,0.041
8,62,198.291242160482,0.105,0.033
8,64,183.206729109312,0.061,0.02
6,46,384.034789333518,0.164,0.008
6,48,337.795500190431,0.09,0.006
6,50,292.438473164012,0.042,0.006
6,52,266.680826350627,0.043,0.009
6,54,258.307998849914,0.083,0.017
6,56,249.347947207593,0.14,0.028
6,58,227.354043544081,0.171,0.037
6,60,195.609130197499,0.136,0.04
6,62,165.72152089582,0.078,0.033
6,64,145.730243816831,0.051,0.022
4,48,234.999577376225,0.031,0.004
4,50,213.940601378542,0.016,0.004
4,52,204.876652036531,0.02,0.007
4,54,204.145228275803,0.042,0.014
4,56,196.402364142416,0.066,0.022
4,58,173.185037584918,0.072,0.029
4,60,141.291567023314,0.052,0.032
2,52,128.958531257032,0.006,0.005
2,54,130.323587070276,0.012,0.01
2,56,124.664933331543,0.017,0.015
100,48,2261.57463708473,13.554,0.052
100,50,2346.49794263882,11.413,0.043
100,52,2453.25862685591,9.992,0.035
100,54,2527.71964766838,9.578,0.029
100,56,2510.686383903,9.283,0.026
98,46,2277.86968988361,17.436,0.053
98,48,2368.29102233529,14.617,0.046
98,50,2463.06905017099,11.482,0.038
98,52,2536.68805434785,9.12,0.03
98,54,2565.59250824618,7.924,0.025
98,56,2527.04869090156,7.166,0.023
98,58,2406.45974694883,5.865,0.021
98,60,2221.40683203089,4.215,0.018
96,44,2304.11095751915,17.955,0.047
96,46,2403.93660164791,16.938,0.044
96,48,2505.77298329498,14.367,0.038
96,50,2570.82350368695,11.172,0.032
96,52,2587.5417321698,8.595,0.027
96,54,2566.70014923144,7.011,0.023
96,56,2511.60234928651,5.919,0.021
96,58,2407.24682393997,4.827,0.019
96,60,2252.3051224338,3.896,0.018
96,62,2083.70194465259,3.475,0.018
94,42,2357.64084842412,14.189,0.039
94,44,2422.166231266,14.18,0.037
94,46,2534.30732977686,13.956,0.034
94,48,2630.65687575349,12.76,0.031
94,50,2664.23493027533,10.748,0.029
94,52,2639.93991321781,8.826,0.026
94,54,2589.08744073852,7.405,0.024
94,56,2519.50306497264,6.215,0.022
94,58,2413.51575518592,5.115,0.021
94,60,2268.12854958969,4.429,0.021
94,62,2116.83006660993,4.341,0.022
94,64,2009.08887116621,4.461,0.023
92,42,2492.1181614257,11.225,0.032
92,44,2540.59836213017,10.483,0.03
92,46,2653.0723009452,10.987,0.028
92,48,2743.26947960223,11.442,0.027
92,50,2755.90777161389,10.938,0.027
92,52,2710.47854671867,9.828,0.027
92,54,2647.28846740997,8.673,0.027
92,56,2567.88857180591,7.455,0.026
92,58,2456.09448853593,6.233,0.024
92,60,2324.36538304741,5.508,0.024
92,62,2206.23730140666,5.479,0.025
92,64,2131.10725123393,5.602,0.026
90,40,2750.80332033141,14.111,0.033
90,42,2668.85155111772,10.275,0.029
90,44,2687.22294061881,8.797,0.026
90,46,2786.06444595108,9.406,0.025
90,48,2861.74598998051,10.763,0.025
90,50,2849.61209917181,11.335,0.027
90,52,2783.44930929817,10.911,0.029
90,54,2713.60728348806,10.097,0.03
90,56,2638.92297092612,9.024,0.03
90,58,2548.23118024283,7.774,0.027
90,60,2462.92180977853,6.937,0.025
90,62,2403.59151458882,6.92,0.024
90,64,2367.97623160079,7.229,0.025
88,42,2889.72440334083,11.191,0.028
88,44,2877.90211450478,8.973,0.025
88,46,2950.94793915621,8.997,0.023
88,48,3000.64080598019,10.366,0.024
88,50,2958.873269468,11.568,0.027
88,52,2869.10744254412,11.756,0.03
88,54,2793.6679964338,11.28,0.032
88,56,2738.70659585207,10.446,0.031
88,58,2697.08172225254,9.319,0.027
88,60,2680.36712789213,8.512,0.023
88,62,2683.15215623361,8.714,0.022
88,64,2676.85408142861,9.482,0.023
88,66,2684.82719371986,9.734,0.024
86,44,3076.80385109774,10.206,0.024
86,46,3135.23232495865,9.601,0.022
86,48,3172.15497468468,10.682,0.023
86,50,3122.49267014947,12.202,0.025
86,52,3025.73370251875,12.675,0.028
86,54,2945.95566215661,12.1,0.029
86,56,2905.64908110766,11.221,0.028
86,58,2904.51752924245,10.327,0.024
86,60,2936.56526045587,9.965,0.021
86,62,2971.68035522184,10.786,0.02
86,64,2972.1642313092,12.154,0.021
86,66,2962.32608357229,12.526,0.024
84,46,3315.73798581227,11.168,0.023
84,48,3375.44105234342,11.92,0.023
84,50,3358.06550513715,13.236,0.023
84,52,3283.16695801126,13.458,0.024
84,54,3201.23579645364,12.476,0.025
84,56,3152.61373009174,11.485,0.023
84,58,3154.25870456684,11.049,0.02
84,60,3190.16669226918,11.439,0.018
84,62,3215.82336551588,12.944,0.018
84,64,3197.213271439,14.717,0.02
82,46,3472.18764515427,13.283,0.024
82,48,3575.39629481847,13.686,0.023
82,50,3608.35119489087,14.293,0.022
82,52,3571.72959734276,13.931,0.021
82,54,3494.18030388476,12.677,0.02
82,56,3425.66049253714,11.893,0.019
82,58,3401.8713054107,12.042,0.018
82,60,3406.50957748247,12.899,0.017
82,62,3391.88562908814,14.426,0.018
82,64,3334.57893600609,15.943,0.02
80,46,3587.70737878289,15.259,0.026
80,48,3731.50775085622,15.547,0.024
80,50,3803.59222309218,15.429,0.022
80,52,3800.81271387203,14.407,0.02
80,54,3735.82112745559,12.987,0.018
80,56,3654.56251931033,12.515,0.017
80,58,3597.70780467008,13,0.017
80,60,3553.15701453903,13.618,0.017
80,62,3484.12279870843,14.259,0.017
78,48,3861.51851411997,17.412,0.025
78,50,3967.81629270542,16.912,0.023
78,52,3989.12279561472,15.209,0.019
78,54,3935.07207566261,13.429,0.017
78,56,3839.80822036269,12.883,0.016
78,58,3737.80088362869,13.079,0.016
78,60,3628.00936910222,12.878,0.016
78,62,3503.06789779026,12.337,0.016
76,48,4021.54013205498,19.5,0.025
76,50,4182.19671276706,18.894,0.022
76,52,4226.64433729406,16.439,0.019
76,54,4171.33778405666,14.084,0.016
76,56,4045.4828267011,12.945,0.015
76,58,3877.7699487941,12.232,0.015
52,66,2960.45878255353,10.781,0.02
52,68,2890.63379526159,11.599,0.02
52,70,2905.86355388939,11.279,0.019
52,72,2933.90033656712,10.034,0.017
52,74,2803.57873348891,8.571,0.016
52,76,2368.03113111465,6.337,0.016
50,62,3292.72926994992,9.849,0.021
50,64,3050.80902594928,9.594,0.021
50,66,2851.8895550898,10.109,0.022
50,68,2717.66663940359,10.275,0.022
50,70,2670.92219287193,9.475,0.021
50,72,2668.93636497039,8.374,0.018
50,74,2554.23360366296,7.36,0.017
50,76,2164.06000135919,5.597,0.017
50,78,1526.34685693544,3.055,0.018
48,62,3298.36492864228,9.734,0.022
48,64,3024.05418482708,8.848,0.022
48,66,2787.85419513574,8.953,0.023
48,68,2608.6582639589,8.899,0.023
48,70,2511.08341397528,8.053,0.023
48,72,2472.30778834594,7.242,0.021
48,74,2354.03817183724,6.727,0.019
48,76,1991.23067979939,5.442,0.02
48,78,1397.30630324181,3.201,0.022
48,80,782.018546817699,1.249,0.025
46,60,3574.05006542801,11.627,0.021
46,62,3271.06864213989,9.054,0.021
46,76,1793.36046373755,4.734,0.023
46,78,1245.41849292542,2.891,0.026
46,80,690.204900270369,1.197,0.031
44,78,1062.97578177498,1.978,0.027
44,80,584.096598506592,0.811,0.032
42,80,489.625143859143,0.4,0.026
12,72,351.42997180183,0.025,0.004
10,68,257.540660598601,0.018,0.003
10,70,285.587106448363,0.013,0.003
10,72,298.778888074651,0.023,0.004
10,74,283.95441587682,0.041,0.005
8,66,184.743390153871,0.041,0.01
8,68,198.628232392639,0.021,0.004
8,70,217.353995322218,0.011,0.003
8,72,231.19970464334,0.014,0.003
8,74,227.356704161171,0.025,0.004
6,66,136.893095900805,0.035,0.012
6,68,137.627542672258,0.017,0.006
6,70,146.351023693025,0.007,0.003
6,72,158.580353119986,0.006,0.002
4,62,113.969292768656,0.031,0.028
4,64,97.1211914521983,0.022,0.02
4,66,88.4738032338915,0.016,0.012
4,68,85.1743971411081,0.008,0.006
4,70,87.3193001860086,0.003,0.003
4,72,95.0858973830161,0.002,0.002
2,50,131.466611160366,0.005,0.004
2,58,106.292017530643,0.017,0.02
2,60,81.7309130988259,0.011,0.023
2,62,62.3310470495979,0.006,0.022
2,64,52.7357590971058,0.005,0.016
2,66,49.4276921625136,0.004,0.01
2,68,47.7931632503018,0.002,0.005
2,70,47.0327223367643,0.001,0.002
2,72,49.5267698014364,0,0.001
0,52,64.4543115384594,0.001,0.004
0,54,65.1663588393116,0.002,0.006
0,56,61.9217344584139,0.003,0.009
0,58,51.396636693851,0.002,0.013
0,60,37.4112681121609,0.001,0.015
0,62,27.0812267319964,0.001,0.015
0,64,23.4378478650872,0.001,0.011
0,66,23.8828095605735,0,0.007
0,68,24.1568097982308,0,0.004
0,70,22.7968541795101,0,0.002
58,66,3014.26351886016,8.626,0.016
58,68,3094.56243044017,10.842,0.019
56,64,3114.23215630982,8.223,0.015
56,66,3059.50794435919,9.434,0.016
56,68,3127.19228856488,11.852,0.018
54,64,3150.59783880236,9.209,0.017
54,66,3057.52780991369,10.52,0.018
54,68,3063.96463082652,12.356,0.018
54,70,3153.37826991653,13.055,0.018
52,62,3312.39978010649,9.647,0.019
52,64,3107.84119087985,9.826,0.019
50,60,3569.55362612389,11.489,0.021
48,58,3909.30641694008,15.589,0.022
48,60,3596.25032892557,11.943,0.022
46,58,3864.52762983842,15.203,0.021
44,58,3685.01064583266,13.753,0.021
84,66,3165.12216049728,15.057,0.023
84,68,3235.78524756115,14.195,0.024
84,70,3525.16979671781,14.745,0.024
84,72,3967.61362684846,18.766,0.024
82,66,3278.26012991683,16.119,0.022
82,68,3342.540489217,15.401,0.023
82,70,3646.63646784764,16.351,0.024
82,72,4131.92789301953,21.269,0.024
82,74,4434.31922493528,27.953,0.026
80,64,3387.06898244522,14.892,0.019
80,66,3319.96571300151,14.934,0.02
80,68,3401.49816462906,14.825,0.021
80,70,3739.44207914984,16.654,0.022
80,72,4263.44272398565,22.633,0.023
80,74,4593.87241427657,30.603,0.025
80,76,4251.78243093586,30.491,0.027
78,64,3384.35458132438,12.088,0.017
78,66,3333.5225530269,12.183,0.018
78,68,3451.11095597832,12.775,0.019
78,70,3819.31832535833,15.327,0.019
78,72,4346.85718446899,21.754,0.021
78,74,4652.54923614606,29.852,0.023
78,76,4276.77685980114,29.974,0.025
78,78,3170.30007619062,18.376,0.026
76,60,3688.06256897524,11.06,0.014
76,62,3508.18451023569,9.749,0.014
76,64,3383.50466812501,9.053,0.014
76,66,3364.13719623379,9.209,0.015
76,68,3519.23252235508,10.235,0.016
76,70,3901.10273077417,13.096,0.017
76,72,4400.68340119007,19.204,0.018
76,74,4645.04326386265,26.379,0.02
76,76,4215.39715922775,26.355,0.022
76,78,3096.98921734087,16.187,0.022
76,80,1776.07229585691,5.597,0.022
74,56,4309.96921755837,14.115,0.015
74,58,4078.46944985273,12.191,0.014
74,60,3812.72753036736,9.945,0.013
74,62,3576.09360987106,8.207,0.012
74,64,3433.67360937865,7.371,0.012
74,66,3427.28554000431,7.397,0.013
74,68,3599.51670233493,8.378,0.013
74,70,3980.92331414145,11.092,0.014
74,72,4451.25683899612,16.424,0.016
74,74,4641.05432478182,22.209,0.017
74,76,4159.69794706178,21.718,0.018
74,78,3025.57976368833,13.135,0.018
74,80,1724.70195830262,4.517,0.018
72,60,4034.09441052098,11.333,0.013
72,62,3739.27427376709,9.068,0.012
72,64,3550.03713794121,8.134,0.012
72,66,3516.51668713951,7.866,0.012
72,68,3671.43871209357,8.372,0.013
72,70,4036.95350904448,10.462,0.013
72,72,4488.16393736805,14.673,0.014
72,74,4648.33779783784,18.861,0.014
72,76,4132.95103061169,17.695,0.015
72,78,2983.04856188063,10.413,0.015
72,80,1691.77544963693,3.543,0.015
70,62,3980.50600337565,12.42,0.014
70,64,3734.81185590918,11.406,0.014
70,66,3649.17140796195,10.947,0.014
70,68,3757.02025980911,10.954,0.014
70,70,4080.14776905241,12.198,0.014
70,72,4496.24755824832,14.98,0.013
70,74,4627.30586591775,17.354,0.013
70,76,4093.65125147973,15.317,0.013
70,78,2945.20757485095,8.788,0.013
70,80,1669.8719272748,2.993,0.013
68,64,3959.78261595798,15.809,0.016
68,66,3834.31786726616,15.493,0.017
68,68,3883.07761920056,15.362,0.017
68,70,4129.16853230438,15.996,0.016
68,72,4465.61288750549,17.338,0.015
68,74,4539.30975175595,17.539,0.013
68,76,3993.48118873752,14.039,0.012
68,78,2874.30531515063,7.675,0.012
68,80,1637.67255420573,2.583,0.012
66,64,4086.3857442846,18.674,0.017
66,66,3954.01379790513,18.725,0.019
66,68,3950.92065545268,18.706,0.019
66,70,4101.35216470481,19.187,0.019
66,72,4324.4137572767,19.689,0.017
66,74,4318.96476761176,18.005,0.015
66,76,3770.38508777021,12.808,0.013
66,78,2713.52635453203,6.36,0.011
64,66,3820.28919424348,17.813,0.019
64,68,3793.72253641201,18.117,0.021
64,70,3874.20236951986,18.988,0.022
64,72,3998.99932620699,19.59,0.02
64,74,3923.89827876207,17.246,0.017
64,76,3389.39952205234,11.301,0.014
64,78,2426.50725825899,5.082,0.012
62,66,3450.0557941734,13.55,0.019
62,68,3442.75002658299,14.464,0.022
62,70,3518.73883155143,16.183,0.023
62,72,3603.19408348814,17.419,0.022
62,74,3487.40523200675,15.453,0.019
62,76,2971.73578187324,9.993,0.016
60,66,3114.65435716414,9.776,0.018
60,68,3157.28515515507,11.398,0.021
60,70,3282.40323003959,13.897,0.022
60,72,3379.49601766127,15.618,0.022
66,80,1552.16480926573,2.018,0.011
64,80,1383.20599364241,1.481,0.01
62,78,2102.86824675384,4.405,0.013
62,80,1185.56587230801,1.257,0.011
60,74,3247.75442747752,14.272,0.02
60,76,2735.00733223312,9.721,0.018
60,78,1914.72069706422,4.609,0.016
60,80,1070.05576756647,1.406,0.015
58,70,3261.86780866357,13.463,0.02
58,72,3378.54799491726,14.909,0.02
58,74,3240.28573458797,13.892,0.019
58,76,2718.13887388558,10.161,0.019
58,78,1901.24334311999,5.258,0.018
58,80,1066.1569874704,1.714,0.018
56,70,3280.36928215166,13.74,0.018
56,72,3385.10756452992,14.061,0.018
56,74,3241.65378676449,12.879,0.018
56,76,2723.68987366943,9.793,0.018
56,78,1915.8390733559,5.295,0.019
56,80,1085.12497402156,1.771,0.019
54,72,3219.66811957464,12.24,0.017
54,74,3076.7844062666,10.745,0.017
54,76,2591.53781960365,8.11,0.017
54,78,1831.07816175002,4.357,0.018
54,80,1044.62948953728,1.441,0.018
52,78,1674.17321648393,3.335,0.017
26,80,176.512199976235,0.013,0.005
24,78,207.572013061389,0.048,0.014
24,80,130.172584515158,0.01,0.008
22,78,193.225655891962,0.043,0.014
22,80,120.950229480342,0.008,0.007
20,78,214.067563314434,0.037,0.009
20,80,135.61924700792,0.006,0.004
18,76,318.214086281138,0.077,0.009
18,78,237.92908650334,0.024,0.005
18,80,150.79250449995,0.004,0.002
16,76,324.993103780867,0.039,0.005
16,78,240.635040178132,0.013,0.004
16,80,150.477435483862,0.002,0.002
14,74,365.092123915906,0.038,0.005
14,76,305.547905826684,0.027,0.005
14,78,221.75396375931,0.011,0.004
14,80,135.430403938879,0.002,0.003
12,74,330.052424839286,0.04,0.005
12,76,273.182261367317,0.037,0.006
12,78,194.583194169742,0.017,0.006
12,80,115.875656177624,0.004,0.005
10,76,237.0293102829,0.039,0.006
10,78,169.126565153578,0.019,0.006
10,80,99.9648061910562,0.004,0.005
8,76,197.556569749555,0.025,0.005
8,78,146.089925636644,0.013,0.005
8,80,88.2962608971249,0.003,0.004
6,74,164.35609917642,0.01,0.003
6,76,152.424665758025,0.01,0.003
6,78,119.461494442836,0.005,0.003
6,80,75.1337436200472,0.001,0.002
4,74,103.702546942844,0.002,0.002
4,76,103.026883615863,0.002,0.002
4,78,85.5389749503212,0.001,0.001
74,48,4225.87456131529,21.362,0.023
94,36,2569.4378249686,19.314,0.042
92,38,2648.55764624025,17.777,0.039
92,40,2539.82911454493,13.803,0.035
90,38,2859.88878960125,19.064,0.037
98,8,2415.10324736689,9.675,0.026
98,10,2074.63001802827,7.78,0.03
98,12,1801.65584893482,6.27,0.035
98,14,1660.91557555141,5.295,0.037
96,4,2713.11254351839,10.496,0.019
96,6,2818.78962609927,11.455,0.021
96,8,2573.84408155101,10.381,0.026
96,10,2229.23812440363,8.845,0.032
96,12,1972.6875118803,7.711,0.038
96,14,1859.398721243,6.852,0.039
94,2,2412.32260261172,9.324,0.02
94,4,2984.00058895654,13.126,0.02
94,6,3058.4699570035,13.567,0.022
94,8,2764.25928927247,12.059,0.027
94,10,2393.57433623874,10.385,0.034
94,12,2148.00973238471,9.255,0.039
92,0,1802.51014169489,5.964,0.021
92,2,2777.65932265976,13.146,0.021
92,4,3389.85477793211,18.178,0.022
92,6,3412.60586958696,18.072,0.024
92,8,3027.09418516459,15.293,0.029
92,10,2588.322038452,12.535,0.036
2,74,55.1708421811038,0,0.001
0,72,22.148708738789,0,0.001
98,42,2189.09977817692,18.795,0.056
98,44,2214.95317073508,18.906,0.056
96,40,2237.02682820228,16.769,0.048
96,42,2244.85678387205,17.535,0.049
94,38,2446.88232677517,16.821,0.042
94,40,2369.49126024467,14.896,0.041
106,76,1198.22170643126,1.317,0.015
106,78,879.478286153987,0.597,0.014
106,80,520.023196502452,0.177,0.012
104,72,1665.52845067643,3.197,0.018
104,74,1621.49279763994,2.492,0.016
104,76,1397.26293479359,1.612,0.015
104,78,997.483759108084,0.76,0.014
104,80,568.114208620403,0.231,0.013
102,70,1801.18229017384,3.974,0.017
102,72,1870.04998568236,3.66,0.016
102,74,1825.58951682508,2.998,0.015
102,76,1557.40011662378,2.081,0.014
102,78,1092.82452377753,1.05,0.014
102,80,608.444822785227,0.331,0.013
100,68,1820.79292018321,3.52,0.016
100,70,1928.27548086522,4.018,0.017
100,72,2030.7325253949,4.073,0.016
100,74,1997.31423450906,3.776,0.015
100,76,1705.70930474006,2.968,0.015
100,78,1194.07666314376,1.633,0.014
100,80,661.409557459809,0.54,0.014
98,68,1913.05269437241,3.487,0.016
98,70,2057.16158837613,4.07,0.017
98,72,2211.6431408827,4.68,0.016
98,74,2211.02267155919,5.06,0.015
98,76,1909.37826949599,4.399,0.015
98,78,1348.75578559387,2.54,0.015
98,80,753.40750467508,0.858,0.014
96,66,1922.64834872058,3.594,0.018
96,68,2013.90825834466,3.798,0.018
96,70,2229.50600417912,4.555,0.017
96,72,2466.15425827856,5.927,0.017
96,74,2513.09985937264,6.953,0.016
96,76,2198.08827118414,6.102,0.015
96,78,1571.52199046234,3.457,0.014
96,80,890.521442745841,1.149,0.014
94,66,1998.56676106114,4.387,0.022
94,68,2142.47137858195,4.517,0.02
94,70,2445.72757384826,5.738,0.019
94,72,2774.64628699632,7.964,0.017
94,74,2871.25257596729,9.324,0.016
94,76,2536.77136568304,7.795,0.015
94,78,1832.65143366536,4.19,0.014
94,80,1052.5363695463,1.343,0.013
92,66,2143.86937056878,5.485,0.025
92,68,2319.53455889107,5.731,0.022
92,70,2680.6308763585,7.358,0.02
92,72,3078.6183125561,10.125,0.018
92,74,3217.02818281939,11.607,0.017
92,76,2865.78769189945,9.446,0.016
92,78,2087.33540472721,4.953,0.015
92,80,1208.77185658666,1.562,0.014
90,68,2552.73825476415,7.497,0.023
90,70,2918.78987875338,9.022,0.021
90,72,3344.71223279749,11.84,0.019
90,74,3511.00095371865,13.595,0.018
90,76,3149.55543504283,11.389,0.017
90,78,2308.13959244907,6.176,0.016
90,80,1341.21556474246,1.999,0.015
88,68,2816.02201600474,9.664,0.024
88,70,3151.61885990434,10.77,0.023
88,72,3576.34360170232,13.697,0.021
88,74,3760.01851700121,16.23,0.02
88,76,3393.60120494258,14.388,0.019
88,78,2499.70398742154,8.205,0.019
88,80,1455.2214003792,2.747,0.017
86,68,3057.56707365607,11.994,0.025
86,70,3360.35277498059,12.724,0.024
86,72,3782.890284793,16.13,0.023
86,74,3989.60776420993,19.874,0.023
86,76,3625.48997394818,18.338,0.022
86,78,2683.58093558316,10.697,0.022
86,80,1564.07699943557,3.607,0.021
84,74,4216.87813679005,23.894,0.025
84,76,3865.0334242553,22.665,0.025
84,78,2873.77195007431,13.333,0.026
84,80,1674.2765595372,4.46,0.024
82,76,4096.20895584091,27.268,0.027
82,78,3054.65684367162,16.261,0.028
82,80,1775.44138188163,5.432,0.027
108,18,1441.71010562805,3.392,0.034
108,20,1597.48519985638,4.945,0.038
108,22,1744.7342274659,7.322,0.041
108,24,1799.34678031034,9.223,0.046
108,26,1804.49066037333,10.209,0.053
108,28,1868.36891272339,11.326,0.062
108,30,2047.19555316664,13.516,0.07
106,16,1382.17444317273,3.055,0.031
106,18,1475.05841349416,3.635,0.036
106,20,1660.60498151499,5.464,0.04
106,22,1834.73495903785,8.356,0.044
106,24,1898.62590823467,10.8,0.049
106,26,1885.26512167582,11.809,0.056
106,28,1908.20134878501,12.139,0.064
106,30,2035.47130993,13.106,0.07
106,32,2255.47256276448,15.561,0.073
104,14,1381.17841608648,3.303,0.03
104,16,1374.83450375851,3.24,0.033
104,18,1480.51748569096,3.928,0.037
104,20,1685.09572809077,5.93,0.042
104,22,1884.89407474195,9.263,0.047
104,24,1971.31883196104,12.234,0.051
104,26,1953.6922370106,13.297,0.056
104,28,1931.19993152494,12.986,0.062
104,30,1982.02459958825,12.977,0.067
104,32,2124.79740126339,14.654,0.07
104,34,2330.95050133322,17.798,0.07
102,12,1537.18716833367,4.314,0.03
102,14,1412.35317322377,3.603,0.032
102,16,1403.36369813707,3.584,0.034
102,18,1528.22757701525,4.333,0.038
102,20,1761.5211860621,6.525,0.042
102,22,1998.90105213468,10.384,0.047
102,24,2127.05410053906,14.116,0.05
102,26,2129.2741167692,15.763,0.053
102,28,2073.83074376415,15.446,0.055
102,30,2032.71281687471,14.733,0.059
102,32,2055.19949613953,15.32,0.063
102,34,2163.31968644853,17.439,0.065
100,12,1651.02617940019,5.113,0.032
100,14,1505.63108569323,4.215,0.035
100,16,1500.83488203436,4.022,0.036
100,18,1647.79736492071,4.728,0.037
100,20,1911.42082266172,7.19,0.04
100,22,2187.45732434786,11.644,0.044
100,24,2366.0056462158,16.231,0.047
100,26,2413.27668614505,18.957,0.047
100,28,2360.85876489735,19.43,0.048
100,30,2254.58453636561,18.519,0.05
100,32,2153.64490296303,17.848,0.054
100,34,2124.00809809899,18.136,0.058
100,36,2175.87452200208,18.627,0.06
98,16,1665.63213836033,4.772,0.036
98,32,2394.94220332583,20.447,0.046
98,34,2253.98478283129,19.33,0.05
98,36,2190.20984552403,18.305,0.053
96,34,2487.9689539206,20.058,0.043
96,36,2350.2659632913,18.347,0.046
104,36,2531.60196402176,20.226,0.067
104,38,2658.92502230605,20.129,0.064
104,40,2700.82289419457,18.579,0.061
104,42,2679.49594277587,17.839,0.062
102,36,2319.18635204992,19.298,0.065
102,38,2439.8639657847,19.178,0.062
102,40,2476.50578526356,17.805,0.06
102,42,2443.32185705942,16.899,0.061
102,44,2372.72175553344,16.362,0.062
102,46,2292.58149154803,15.095,0.062
100,38,2245.99159590682,18.439,0.059
100,40,2272.55869435417,17.933,0.059
100,42,2254.26672785308,17.711,0.06
100,44,2227.17448612496,17.232,0.061
100,46,2223.27500616591,15.763,0.058
98,38,2182.63677374307,17.737,0.055
98,40,2185.73774353176,17.995,0.055
96,38,2271.17348569553,16.944,0.048
120,32,630.376327102075,1.327,0.055
118,26,871.030832804992,1.54,0.04
118,28,851.194553684652,1.636,0.045
118,30,899.576158709421,2.563,0.054
118,32,1017.02241660002,4.479,0.065
118,34,1200.93090018772,7.546,0.077
118,36,1433.9140406045,11.383,0.083
118,38,1639.52785338619,14.105,0.082
116,24,1044.99802544045,2.429,0.04
116,26,1026.60736525801,2.44,0.046
116,28,1062.48797759152,3.076,0.052
116,30,1196.54069028497,5.332,0.061
116,32,1432.72127076494,9.719,0.07
116,34,1755.30001884806,16.386,0.079
116,36,2119.23133493722,24.184,0.083
116,38,2416.6319600711,29.376,0.081
116,40,2514.3708144574,28.752,0.077
114,22,1152.7316802027,2.991,0.038
114,24,1168.67770164005,3.457,0.044
114,26,1182.58274490293,3.703,0.049
114,28,1269.56519614621,4.893,0.057
114,30,1478.18020123154,8.371,0.065
114,32,1807.7446272136,14.86,0.072
114,34,2221.34075178604,24.202,0.078
114,36,2650.50659213243,34.248,0.081
114,38,2983.10074059433,40.228,0.079
114,40,3096.34729663904,38.726,0.073
114,42,2944.58563358228,31.339,0.067
112,20,1258.91282747924,3.13,0.035
112,22,1330.34029408942,4.355,0.04
112,24,1362.9013214353,5.189,0.044
112,26,1392.1370060896,5.676,0.051
112,28,1499.69588043383,7.209,0.059
112,30,1735.66490772639,11.107,0.067
112,32,2089.6727891826,17.835,0.073
112,34,2504.27570009644,26.87,0.076
112,36,2899.39983141112,35.61,0.078
112,38,3190.42600943838,39.923,0.075
112,40,3303.62158288508,37.804,0.07
112,42,3201.16038177389,30.937,0.064
112,44,2902.75666318485,22.496,0.058
110,20,1448.66440559166,4.145,0.037
110,22,1557.70391770001,5.959,0.04
110,24,1604.10419795125,7.303,0.044
110,26,1628.14820571142,8.071,0.051
110,28,1723.46298951671,9.627,0.061
110,30,1940.89802901913,12.979,0.069
110,32,2260.31266820773,18.266,0.073
110,34,2610.98336453642,24.838,0.075
110,36,2912.36139528904,30.409,0.075
110,38,3118.7933065313,32.39,0.073
110,40,3219.06236631414,30.446,0.068
110,42,3190.94957798991,26.037,0.063
110,44,2994.38065922544,20.555,0.058
108,32,2316.76884644221,17.078,0.073
108,34,2602.95793698784,21.418,0.073
108,36,2827.21105049254,24.613,0.072
108,38,2964.43973986194,25.136,0.07
108,40,3042.38537317316,23.664,0.066
108,42,3058.05795248656,21.803,0.063
108,44,2946.69721862533,19.547,0.061
106,34,2505.70403720436,19.039,0.072
106,36,2708.00557406335,21.52,0.069
106,38,2824.87980897115,21.53,0.066
106,40,2879.69395898314,20.165,0.064
106,42,2887.73982217128,19.503,0.063
106,44,2806.52039094273,19.103,0.063
104,44,2596.6917850505,17.679,0.064
90,66,2386.36377563523,7.266,0.025
80,78,3168.51860611948,18.474,0.028
80,80,1834.75754036575,6.235,0.027
78,80,1827.55609936647,6.297,0.026
52,80,954.677774850213,1.094,0.017
50,80,863.436934538457,1.077,0.019
98,62,2031.00257140318,3.077,0.016
98,64,1898.23954084481,2.765,0.015
96,64,1957.9480466862,3.493,0.018
116,42,2368.4937826757,23.328,0.071
116,44,2069.74989266823,16.432,0.065
116,46,1752.828965247,10.412,0.057
116,48,1501.84210039491,5.974,0.046
114,44,2600.49471795678,22.14,0.061
114,46,2192.96893599964,14.016,0.055
114,48,1829.87274675833,8.023,0.047
114,50,1575.52225214647,4.329,0.039
114,52,1450.28753716072,2.507,0.03
112,46,2489.38761619548,14.879,0.053
112,48,2077.73984295142,9.159,0.049
112,50,1771.75135146308,5.642,0.044
112,52,1615.65599508947,3.96,0.037
112,54,1577.90240417257,3.389,0.03
110,46,2644.57645890645,15.007,0.055
110,48,2250.60930980502,10.447,0.052
110,50,1949.36657686154,7.556,0.049
110,52,1808.72305019957,6.191,0.044
110,54,1796.20228382253,5.813,0.036
108,46,2680.96090784772,16.135,0.059
108,48,2350.63767046173,12.503,0.057
108,50,2098.61402233794,9.984,0.053
108,52,2000.86354655832,8.776,0.047
108,54,2021.62785649329,8.41,0.039
108,56,2056.31227834133,7.997,0.032
106,46,2608.92992281863,17.119,0.063
106,48,2363.43228436725,14.152,0.06
106,50,2189.24876739605,11.825,0.054
106,52,2148.74969265211,10.627,0.047
106,54,2199.34997415283,10.167,0.039
106,56,2232.9424833263,9.593,0.032
104,46,2453.593106318,16.353,0.063
104,48,2302.35716014346,14.141,0.06
104,50,2223.68548935577,12.275,0.052
104,52,2249.32119668527,11.237,0.044
104,54,2325.60552413223,10.888,0.036
104,56,2348.81308288801,10.459,0.031
102,48,2241.69336440769,13.286,0.057
102,50,2260.44100272185,11.741,0.048
102,52,2346.14638910752,10.859,0.039
102,54,2435.90973499851,10.739,0.033
102,56,2441.38915785235,10.556,0.03
4,80,55.7986543603435,0,0.001
2,76,57.7113068117065,0,0.001
2,78,50.0891195926423,0,0
4,46,255.256782996615,0.054,0.006
2,46,145.486124224811,0.015,0.004
2,48,140.111059171109,0.01,0.003
0,46,69.3487690927948,0.004,0.004
120,18,581.752710970526,0.235,0.013
120,20,680.624648081821,0.46,0.017
120,22,739.710782916458,0.774,0.023
120,24,722.571709781071,0.918,0.028
120,26,659.546373750453,0.774,0.033
120,28,610.220575237959,0.653,0.037
120,30,602.161424241136,0.834,0.043
118,18,772.250310808737,0.595,0.017
118,20,871.447255885158,0.977,0.022
118,22,934.14483493751,1.477,0.028
118,24,921.996802308193,1.694,0.034
116,18,913.036871487977,1.099,0.022
116,20,989.038953598592,1.553,0.027
116,22,1044.71438960091,2.14,0.033
114,18,1044.71531282061,1.66,0.027
114,20,1099.55939928978,2.223,0.032
112,18,1195.3537239185,2.286,0.031
110,18,1342.37213514987,2.936,0.033
0,74,23.9824059252756,0,0
0,76,25.668726469821,0,0
0,48,69.3570529641576,0.003,0.003
0,50,65.6852015789334,0.002,0.003
102,10,1759.99001195811,5.704,0.029
100,10,1916.27899961601,6.766,0.03
2,80,33.5240913647876,0,0
0,78,22.9488104378292,0,0
0,80,15.6205817448555,0,0
118,56,1213.68474174435,0.509,0.01
118,58,1122.24352315466,0.587,0.011
118,60,982.947876696935,0.512,0.011
118,62,870.890786866719,0.348,0.011
116,52,1304.96899002163,1.605,0.022
116,54,1320.17917976637,0.99,0.016
116,56,1316.64708464869,0.914,0.014
116,58,1247.73909172644,0.964,0.014
116,60,1135.3567636957,0.813,0.013
116,62,1029.11193327204,0.574,0.014
116,64,950.292464027468,0.513,0.018
116,66,877.824884411181,0.625,0.025
114,54,1419.19445402162,1.81,0.022
114,56,1411.28353872854,1.631,0.018
114,58,1369.51667914076,1.482,0.016
114,60,1282.32888654241,1.139,0.015
114,62,1176.66969993014,0.84,0.016
114,64,1083.89601744709,0.89,0.023
114,66,1002.66013624234,1.236,0.033
114,68,911.854682240874,1.462,0.041
112,56,1581.92382978922,3.185,0.024
112,58,1555.17977177075,2.706,0.02
112,60,1467.04597439285,1.94,0.017
112,62,1343.10058874513,1.435,0.019
112,64,1230.32020290494,1.521,0.026
112,66,1138.80602376691,1.981,0.036
112,68,1044.89389700126,2.202,0.043
112,70,944.405725225638,1.841,0.041
110,56,1819.4330755053,5.597,0.029
110,58,1789.48693742238,4.741,0.024
110,60,1674.05554876051,3.449,0.021
110,62,1516.67520317357,2.605,0.022
110,64,1381.70872880382,2.535,0.027
110,66,1280.85818525837,2.806,0.035
110,68,1183.39376018098,2.773,0.039
110,70,1081.72235831554,2.289,0.036
108,58,2007.44655543642,6.807,0.027
108,60,1853.50680182825,5.166,0.024
108,62,1662.49121615095,4.036,0.024
108,64,1513.31418040975,3.718,0.028
108,66,1414.73455488576,3.665,0.031
108,68,1328.15799711448,3.314,0.032
108,70,1243.80982550363,2.737,0.03
106,58,2156.07085445155,8.23,0.028
106,60,1964.65561972904,6.349,0.026
106,62,1749.22728001995,4.921,0.026
106,64,1600.16874113237,4.356,0.026
106,66,1524.0582528784,4.156,0.027
106,68,1475.40432059084,3.776,0.026
106,70,1437.46175928335,3.235,0.024
106,72,1418.50347497586,2.71,0.02
104,58,2240.82201788787,8.999,0.029
104,60,2018.54026966145,6.682,0.027
104,62,1788.42220171692,4.795,0.024
104,64,1647.58333288486,4.004,0.023
104,66,1604.00773684761,3.917,0.022
104,68,1609.76082015969,3.927,0.021
104,70,1636.06777559159,3.695,0.02
102,58,2308.89956565236,8.962,0.028
102,60,2072.40740238274,6.235,0.025
102,62,1839.92575071632,4.03,0.021
102,64,1704.76471497833,3.152,0.018
102,66,1679.14455384826,3.271,0.017
102,68,1723.1143760581,3.759,0.018
100,58,2373.55134579815,7.719,0.024
100,60,2151.80173329455,5.226,0.021
100,62,1934.64715454922,3.305,0.017
100,64,1800.58445720549,2.611,0.015
100,66,1769.06651028931,2.859,0.015
98,66,1856.03753963974,3.005,0.015
120,38,912.427398647201,4.174,0.079
120,40,951.928516275351,4.151,0.075
120,42,898.649753464053,3.433,0.071
120,44,806.369807009643,2.581,0.065
120,46,743.275637984594,1.873,0.053
120,48,736.625161193001,1.274,0.036
120,50,787.517916986141,0.76,0.02
120,52,885.304351667355,0.39,0.01
118,40,1709.02595417684,13.969,0.078
118,42,1607.27646830017,11.424,0.073
118,44,1412.66711687101,8.2,0.067
118,46,1231.84153921705,5.443,0.057
118,48,1118.77724975916,3.348,0.042
118,50,1087.67441253648,1.851,0.027
118,52,1133.66723779183,0.929,0.015
118,54,1204.89389058139,0.529,0.01
116,50,1350.947146464,3.126,0.033
100,4,2343.06851364491,8.341,0.022
100,6,2450.10111549154,9.838,0.025
100,8,2238.30746216693,8.794,0.027
98,2,2010.25543148709,5.841,0.019
98,4,2528.82663971393,9.358,0.02
98,6,2642.34947040942,10.737,0.022
96,0,1388.27403947998,3.12,0.02
96,2,2168.34678015444,7.051,0.019
94,0,1553.7584408789,4.241,0.021
120,34,696.475739386187,2.186,0.07
120,36,803.675899205333,3.334,0.079
120,54,980.482325135262,0.213,0.006
120,56,995.550778179834,0.202,0.007
120,58,903.720401138472,0.235,0.008
120,60,766.134802825071,0.208,0.008
120,62,662.810029299072,0.143,0.008
120,64,609.281295018166,0.103,0.008
120,66,560.714576144719,0.082,0.009
120,68,481.003172098401,0.06,0.011
120,70,383.686729339731,0.038,0.013
120,72,302.44272318518,0.023,0.013
120,74,246.478244758354,0.018,0.012
120,76,201.255504299011,0.016,0.012
120,78,152.975276192953,0.01,0.011
118,64,803.522708844604,0.263,0.012
118,66,741.066694468631,0.252,0.016
118,68,649.372008641708,0.24,0.02
118,70,543.1191792726,0.187,0.023
118,72,458.701761940555,0.118,0.021
118,74,403.590950221668,0.087,0.017
118,76,351.795591843934,0.077,0.014
118,78,279.181757854954,0.048,0.012
116,68,785.505972511267,0.708,0.032
116,70,684.399471443067,0.595,0.034
116,72,608.638261356471,0.385,0.028
116,74,562.943805418401,0.27,0.021
116,76,509.200399408234,0.223,0.016
116,78,411.648641972382,0.139,0.013
114,70,814.783272008928,1.24,0.041
114,72,742.065595868776,0.821,0.032
114,74,698.358177367599,0.572,0.022
114,76,637.353619247279,0.449,0.016
112,72,865.80922421336,1.291,0.032
112,74,813.494621450448,0.937,0.022
110,72,1002.67914283581,1.749,0.028
108,72,1184.18631914952,2.231,0.024
100,0,1197.25877580729,1.966,0.018
100,2,1863.17050344609,4.942,0.02
98,0,1285.96270191259,2.447,0.019
116,80,277.665439462177,0.05,0.01
114,78,514.484789455518,0.275,0.013
114,80,343.558569084181,0.101,0.011
112,76,735.901128764225,0.695,0.016
112,78,585.755569139806,0.401,0.013
112,80,384.52287041542,0.143,0.011
110,74,943.469708219038,1.332,0.021
110,76,843.042450431081,0.913,0.016
110,78,656.43619767341,0.468,0.013
110,80,420.281005213468,0.153,0.011
108,74,1128.42913541752,1.729,0.019
108,76,997.879943802392,1.105,0.016
108,78,755.568740715772,0.51,0.013
108,80,466.390752020761,0.152,0.011
106,74,1371.16091340365,2.096,0.017
120,80,100.889598478601,0.003,0.009
118,80,187.951872829474,0.017,0.01
NaN,NaN,3434.55125134647,237.631,0.124
