x,y,event,endX,endY,Count,WeightedCount,Goals,WeightedExpectedGoals,GoalProbability
120,62,Pass,74,4,1,0,0,0,0
120,60,Pass,74,4,1,0,0,0,0
120,58,Pass,74,4,1,0,0,0,0
120,56,Pass,74,4,1,0,0,0,0
120,54,Pass,74,4,2,0,0,0,0
120,52,Pass,74,4,4,0,0,0,0
120,50,Pass,74,4,4,0.001,0,0,0
120,48,Pass,74,4,9,0.001,0,0,0
120,46,Pass,74,4,11,0.003,0,0,0
120,44,Pass,74,4,16,0.011,0,0,0
120,42,Pass,74,4,15,0.035,0,0,0
120,40,Pass,74,4,18,0.084,0,0,0
120,38,Pass,74,4,19,0.146,0,0,0
120,36,Pass,74,4,21,0.185,0,0,0
120,34,Pass,74,4,21,0.196,0,0,0
120,32,Pass,74,4,22,0.225,0,0,0
120,30,Pass,74,4,21,0.301,0,0,0
120,28,Pass,74,4,18,0.364,0,0,0
120,26,Pass,74,4,17,0.333,0,0,0
120,24,Pass,74,4,9,0.221,0,0,0
120,22,Pass,74,4,8,0.11,0,0,0
120,20,Pass,74,4,9,0.051,0,0,0
120,18,Pass,74,4,13,0.033,0,0,0
120,16,Pass,74,4,13,0.036,0,0,0
120,14,Pass,74,4,10,0.049,0,0,0
120,12,Pass,74,4,10,0.069,0,0,0
120,10,Pass,74,4,11,0.079,0,0,0
120,8,Pass,74,4,12,0.068,0,0,0
120,6,Pass,74,4,13,0.045,0,0,0
120,4,Pass,74,4,13,0.028,0,0,0
120,2,Pass,74,4,9,0.022,0,0,0
120,0,Pass,74,4,7,0.018,0,0,0
118,66,Pass,74,4,1,0,0,0,0
118,64,Pass,74,4,1,0,0,0,0
118,62,Pass,74,4,1,0.001,0,0,0
118,60,Pass,74,4,1,0.002,0,0,0
118,58,Pass,74,4,1,0.003,0,0,0
118,56,Pass,74,4,3,0.003,0,0,0
118,54,Pass,74,4,5,0.003,0,0,0
118,52,Pass,74,4,6,0.003,0,0,0
118,50,Pass,74,4,8,0.004,0,0,0.002
118,48,Pass,74,4,14,0.007,0,0,0.002
118,46,Pass,74,4,17,0.013,0,0,0.002
118,44,Pass,74,4,21,0.033,0,0,0.001
118,42,Pass,74,4,21,0.094,0,0,0
118,40,Pass,74,4,24,0.219,0,0,0
118,38,Pass,74,4,24,0.374,0,0,0
118,36,Pass,74,4,22,0.464,0,0,0
118,34,Pass,74,4,23,0.446,0,0,0
118,32,Pass,74,4,25,0.406,0,0,0
118,30,Pass,74,4,26,0.431,0,0,0
118,30,Run,74,4,1,0,0,0,0
118,28,Pass,74,4,27,0.473,0,0,0
118,26,Pass,74,4,23,0.427,0,0,0
118,24,Pass,74,4,17,0.298,0,0,0
118,22,Pass,74,4,13,0.172,0,0,0
118,20,Pass,74,4,17,0.101,0,0,0
118,18,Pass,74,4,16,0.074,0,0,0
118,16,Pass,74,4,15,0.072,0,0,0
118,14,Pass,74,4,16,0.09,0,0,0
118,12,Pass,74,4,17,0.12,0,0,0
118,10,Pass,74,4,20,0.139,0,0,0
118,8,Pass,74,4,17,0.125,0,0,0
118,6,Pass,74,4,15,0.097,0,0,0
118,4,Pass,74,4,17,0.087,0,0,0
118,2,Pass,74,4,16,0.091,0,0,0
118,0,Pass,74,4,12,0.084,0,0,0
116,66,Pass,74,4,1,0,0,0,0
116,64,Pass,74,4,1,0.002,0,0,0
116,62,Pass,74,4,1,0.005,0,0,0
116,60,Pass,74,4,1,0.01,0,0,0
116,58,Pass,74,4,3,0.014,0,0,0
116,56,Pass,74,4,7,0.015,0,0,0
116,54,Pass,74,4,7,0.014,0,0,0
116,52,Pass,74,4,8,0.015,0,0,0.001
116,50,Pass,74,4,8,0.022,0,0,0.002
116,48,Pass,74,4,19,0.031,0,0,0.003
116,46,Pass,74,4,24,0.045,0,0,0.004
116,44,Pass,74,4,27,0.082,0,0,0.002
116,42,Pass,74,4,29,0.192,0,0,0.001
116,40,Pass,74,4,31,0.421,0,0,0
116,38,Pass,74,4,29,0.709,0,0,0
116,36,Pass,74,4,31,0.873,0,0,0
116,36,Run,74,4,1,0,0,0,0
116,34,Pass,74,4,29,0.813,0,0,0
116,34,Run,74,4,1,0.001,0,0,0
116,32,Pass,74,4,30,0.658,0,0,0
116,32,Run,74,4,1,0.001,0,0,0
116,30,Pass,74,4,29,0.574,0,0,0
116,30,Run,74,4,1,0.001,0,0,0
116,28,Pass,74,4,31,0.554,0,0,0
116,28,Run,74,4,1,0.001,0,0,0
116,26,Pass,74,4,30,0.502,0,0,0
116,26,Run,74,4,1,0,0,0,0
116,24,Pass,74,4,22,0.398,0,0,0
116,24,Run,74,4,1,0,0,0,0
116,22,Pass,74,4,20,0.288,0,0,0
116,20,Pass,74,4,22,0.203,0,0,0
116,18,Pass,74,4,20,0.148,0,0,0
116,18,Run,74,4,1,0,0,0,0
116,16,Pass,74,4,20,0.129,0,0,0
116,16,Run,74,4,1,0,0,0,0
116,14,Pass,74,4,18,0.156,0,0,0
116,14,Run,74,4,1,0,0,0,0
116,12,Pass,74,4,21,0.217,0,0,0
116,12,Run,74,4,1,0,0,0,0
116,10,Pass,74,4,22,0.26,0,0,0
116,10,Run,74,4,1,0,0,0,0
116,8,Pass,74,4,24,0.252,0,0,0
116,6,Pass,74,4,25,0.232,0,0,0
116,4,Pass,74,4,21,0.258,0,0,0
116,2,Pass,74,4,19,0.304,0,0,0
116,0,Pass,74,4,18,0.29,0,0,0
114,68,Pass,74,4,1,0,0,0,0
114,66,Pass,74,4,1,0.001,0,0,0
114,64,Pass,74,4,1,0.006,0,0,0
114,62,Pass,74,4,1,0.017,0,0,0
114,60,Pass,74,4,2,0.035,0,0,0
114,58,Pass,74,4,5,0.05,0,0,0
114,56,Pass,74,4,7,0.053,0,0,0
114,54,Pass,74,4,8,0.049,0,0,0
114,52,Pass,74,4,9,0.056,0,0,0.001
114,50,Pass,74,4,14,0.079,0,0,0.003
114,48,Pass,74,4,21,0.109,0,0,0.004
114,46,Pass,74,4,28,0.137,0,0,0.005
114,44,Pass,74,4,29,0.186,0,0,0.004
114,42,Pass,74,4,31,0.331,0,0,0.002
114,40,Pass,74,4,35,0.645,0,0,0.001
114,38,Pass,74,4,35,1.048,0,0,0
114,38,Run,74,4,1,0,0,0,0
114,36,Pass,74,4,34,1.289,0,0,0
114,36,Run,74,4,1,0.001,0,0,0
114,34,Pass,74,4,36,1.218,0,0,0
114,34,Run,74,4,1,0.004,0,0,0
114,32,Pass,74,4,35,0.989,0,0,0
114,32,Run,74,4,1,0.006,0,0,0
114,30,Pass,74,4,35,0.824,0,0,0
114,30,Run,74,4,1,0.007,0,0,0
114,28,Pass,74,4,34,0.754,0,0,0
114,28,Run,74,4,1,0.005,0,0,0
114,26,Pass,74,4,33,0.707,0,0,0
114,26,Run,74,4,1,0.003,0,0,0
114,24,Pass,74,4,30,0.645,0,0,0
114,24,Run,74,4,1,0.001,0,0,0
114,22,Pass,74,4,29,0.543,0,0,0
114,22,Run,74,4,1,0,0,0,0
114,20,Pass,74,4,26,0.399,0,0,0
114,20,Run,74,4,1,0,0,0,0
114,18,Pass,74,4,24,0.265,0,0,0
114,18,Run,74,4,1,0.001,0,0,0
114,16,Pass,74,4,24,0.206,0,0,0
114,16,Run,74,4,1,0.001,0,0,0
114,14,Pass,74,4,25,0.255,0,0,0
114,14,Run,74,4,1,0.002,0,0,0
114,12,Pass,74,4,27,0.379,0,0,0
114,12,Run,74,4,1,0.002,0,0,0
114,10,Pass,74,4,29,0.477,0,0,0
114,10,Run,74,4,1,0.001,0,0,0
114,8,Pass,74,4,29,0.489,0,0,0
114,8,Run,74,4,1,0.001,0,0,0
114,6,Pass,74,4,27,0.503,0,0,0
114,6,Run,74,4,1,0,0,0,0
114,4,Pass,74,4,25,0.625,0,0,0
114,2,Pass,74,4,23,0.77,0,0,0
114,0,Pass,74,4,22,0.743,0,0,0
112,68,Pass,74,4,1,0.001,0,0,0
112,66,Pass,74,4,1,0.003,0,0,0
112,64,Pass,74,4,1,0.014,0,0,0
112,62,Pass,74,4,1,0.042,0,0,0
112,60,Pass,74,4,3,0.085,0,0,0
112,58,Pass,74,4,6,0.122,0,0,0
112,56,Pass,74,4,8,0.131,0,0,0
112,54,Pass,74,4,9,0.127,0,0,0
112,52,Pass,74,4,9,0.152,0,0,0.001
112,50,Pass,74,4,17,0.219,0,0,0.003
112,48,Pass,74,4,25,0.297,0,0,0.005
112,46,Pass,74,4,30,0.351,0,0,0.006
112,44,Pass,74,4,32,0.404,0,0,0.006
112,42,Pass,74,4,34,0.552,0,0,0.004
112,40,Pass,74,4,36,0.89,0,0,0.002
112,40,Run,74,4,1,0,0,0,0
112,38,Pass,74,4,38,1.34,0,0,0.001
112,38,Run,74,4,1,0.002,0,0,0
112,36,Pass,74,4,39,1.623,0,0,0
112,36,Run,74,4,1,0.007,0,0,0
112,34,Pass,74,4,38,1.577,0,0,0
112,34,Run,74,4,1,0.016,0,0,0
112,32,Pass,74,4,37,1.364,0,0,0
112,32,Run,74,4,1,0.026,0,0,0
112,30,Pass,74,4,38,1.208,0,0,0
112,30,Run,74,4,1,0.03,0,0,0
112,28,Pass,74,4,38,1.14,0,0,0
112,28,Run,74,4,1,0.025,0,0,0
112,26,Pass,74,4,36,1.11,0,0,0
112,26,Run,74,4,1,0.014,0,0,0
112,24,Pass,74,4,35,1.073,0,0,0
112,24,Run,74,4,1,0.005,0,0,0
112,22,Pass,74,4,30,0.933,0,0,0
112,22,Run,74,4,2,0.002,0,0,0
112,20,Pass,74,4,31,0.669,0,0,0
112,20,Run,74,4,2,0.001,0,0,0
112,18,Pass,74,4,31,0.405,0,0,0
112,18,Run,74,4,1,0.003,0,0,0
112,16,Pass,74,4,29,0.285,0,0,0
112,16,Run,74,4,1,0.007,0,0,0
112,14,Pass,74,4,29,0.359,0,0,0
112,14,Run,74,4,1,0.009,0,0,0
112,12,Pass,74,4,33,0.561,0,0,0
112,12,Run,74,4,2,0.009,0,0,0
112,10,Pass,74,4,32,0.729,0,0,0
112,10,Run,74,4,2,0.006,0,0,0
112,8,Pass,74,4,34,0.783,0,0,0
112,8,Run,74,4,2,0.003,0,0,0
112,6,Pass,74,4,32,0.871,0,0,0
112,6,Run,74,4,2,0.001,0,0,0
112,4,Pass,74,4,30,1.155,0,0,0
112,4,Run,74,4,2,0.001,0,0,0
112,2,Pass,74,4,29,1.456,0,0,0
112,2,Run,74,4,1,0,0,0,0
112,0,Pass,74,4,27,1.411,0,0,0
112,0,Run,74,4,1,0,0,0,0
110,70,Pass,74,4,1,0,0,0,0
110,68,Pass,74,4,1,0.001,0,0,0
110,66,Pass,74,4,1,0.006,0,0,0
110,64,Pass,74,4,1,0.024,0,0,0
110,62,Pass,74,4,1,0.071,0,0,0
110,60,Pass,74,4,5,0.144,0,0,0
110,58,Pass,74,4,6,0.208,0,0,0
110,56,Pass,74,4,9,0.228,0,0,0
110,54,Pass,74,4,9,0.236,0,0,0
110,52,Pass,74,4,10,0.307,0,0,0.001
110,50,Pass,74,4,14,0.456,0,0,0.003
110,48,Pass,74,4,26,0.614,0,0,0.005
110,46,Pass,74,4,33,0.713,0,0,0.007
110,44,Pass,74,4,33,0.773,0,0,0.007
110,42,Pass,74,4,35,0.906,0,0,0.005
110,42,Run,74,4,1,0,0,0,0
110,40,Pass,74,4,37,1.217,0,0,0.002
110,40,Run,74,4,1,0.001,0,0,0
110,38,Pass,74,4,38,1.627,0,0,0.001
110,38,Run,74,4,1,0.006,0,0,0
110,36,Pass,74,4,43,1.874,0,0,0.001
110,36,Run,74,4,1,0.021,0,0,0
110,34,Pass,74,4,42,1.822,0,0,0.001
110,34,Run,74,4,1,0.05,0,0,0
110,32,Pass,74,4,41,1.644,0,0,0
110,32,Run,74,4,1,0.082,0,0,0
110,30,Pass,74,4,42,1.538,0,0,0
110,30,Run,74,4,2,0.095,0,0,0
110,28,Pass,74,4,43,1.506,0,0,0
110,28,Run,74,4,2,0.076,0,0,0
110,26,Pass,74,4,42,1.501,0,0,0
110,26,Run,74,4,2,0.043,0,0,0
110,24,Pass,74,4,36,1.467,0,0,0
110,24,Run,74,4,3,0.017,0,0,0
110,22,Pass,74,4,38,1.268,0,0,0
110,22,Run,74,4,3,0.006,0,0,0
110,20,Pass,74,4,38,0.885,0,0,0
110,20,Run,74,4,3,0.005,0,0,0
110,18,Pass,74,4,38,0.506,0,0,0
110,18,Run,74,4,2,0.013,0,0,0
110,16,Pass,74,4,34,0.335,0,0,0
110,16,Run,74,4,1,0.025,0,0,0
110,14,Pass,74,4,36,0.424,0,0,0
110,14,Run,74,4,2,0.035,0,0,0
110,12,Pass,74,4,39,0.676,0,0,0
110,12,Run,74,4,2,0.034,0,0,0
110,10,Pass,74,4,38,0.897,0,0,0
110,10,Run,74,4,2,0.024,0,0,0
110,8,Pass,74,4,41,1.002,0,0,0
110,8,Run,74,4,2,0.013,0,0,0
110,6,Pass,74,4,43,1.185,0,0,0
110,6,Run,74,4,2,0.006,0,0,0
110,4,Pass,74,4,40,1.63,0,0,0
110,4,Run,74,4,2,0.004,0,0,0
110,2,Pass,74,4,35,2.07,0,0,0
110,2,Run,74,4,2,0.002,0,0,0
110,0,Pass,74,4,31,2.003,0,0,0
110,0,Run,74,4,1,0.001,0,0,0
108,70,Pass,74,4,1,0,0,0,0
108,68,Pass,74,4,1,0.001,0,0,0
108,66,Pass,74,4,1,0.007,0,0,0
108,64,Pass,74,4,1,0.029,0,0,0
108,62,Pass,74,4,1,0.083,0,0,0
108,60,Pass,74,4,5,0.17,0,0,0
108,58,Pass,74,4,6,0.247,0,0,0
108,56,Pass,74,4,9,0.283,0,0,0
108,54,Pass,74,4,9,0.324,0,0,0
108,52,Pass,74,4,12,0.467,0,0,0.001
108,50,Pass,74,4,15,0.715,0,0,0.003
108,48,Pass,74,4,25,0.957,0,0,0.005
108,46,Pass,74,4,32,1.106,0,0,0.007
108,44,Pass,74,4,33,1.193,0,0,0.007
108,42,Pass,74,4,35,1.334,0,0,0.005
108,42,Run,74,4,1,0,0,0,0
108,40,Pass,74,4,39,1.599,0,0,0.003
108,40,Run,74,4,1,0.003,0,0,0
108,38,Pass,74,4,42,1.886,0,0,0.001
108,38,Run,74,4,1,0.013,0,0,0
108,36,Pass,74,4,48,1.986,0,0,0.001
108,36,Run,74,4,1,0.045,0,0,0
108,34,Pass,74,4,47,1.84,0,0,0.001
108,34,Run,74,4,2,0.108,0,0,0
108,32,Pass,74,4,46,1.642,0,0,0
108,32,Run,74,4,2,0.178,0,0,0
108,30,Pass,74,4,47,1.558,0,0,0
108,30,Run,74,4,2,0.206,0,0,0
108,28,Pass,74,4,48,1.558,0,0,0
108,28,Run,74,4,2,0.166,0,0,0
108,26,Pass,74,4,52,1.58,0,0,0
108,26,Run,74,4,2,0.094,0,0,0
108,24,Pass,74,4,47,1.546,0,0,0
108,24,Run,74,4,3,0.037,0,0,0
108,22,Pass,74,4,51,1.322,0,0,0
108,22,Run,74,4,3,0.013,0,0,0
108,20,Pass,74,4,47,0.907,0,0,0
108,20,Run,74,4,3,0.014,0,0,0
108,18,Pass,74,4,46,0.515,0,0,0
108,18,Run,74,4,3,0.033,0,0,0
108,16,Pass,74,4,43,0.349,0,0,0
108,16,Run,74,4,2,0.066,0,0,0
108,14,Pass,74,4,47,0.449,0,0,0
108,14,Run,74,4,2,0.092,0,0,0
108,12,Pass,74,4,46,0.713,0,0,0
108,12,Run,74,4,2,0.09,0,0,0
108,10,Pass,74,4,47,0.953,0,0,0
108,10,Run,74,4,2,0.064,0,0,0
108,8,Pass,74,4,46,1.093,0,0,0
108,8,Run,74,4,2,0.037,0,0,0
108,6,Pass,74,4,45,1.326,0,0,0
108,6,Run,74,4,2,0.022,0,0,0
108,4,Pass,74,4,43,1.825,0,0,0
108,4,Run,74,4,2,0.015,0,0,0
108,2,Pass,74,4,41,2.291,0,0,0
108,2,Run,74,4,2,0.009,0,0,0
108,0,Pass,74,4,37,2.197,0,0,0
108,0,Run,74,4,1,0.004,0,0,0
106,70,Pass,74,4,1,0,0,0,0
106,68,Pass,74,4,2,0.001,0,0,0
106,66,Pass,74,4,2,0.006,0,0,0
106,64,Pass,74,4,2,0.024,0,0,0
106,62,Pass,74,4,2,0.068,0,0,0
106,60,Pass,74,4,6,0.14,0,0,0
106,58,Pass,74,4,7,0.208,0,0,0
106,56,Pass,74,4,9,0.253,0,0,0
106,54,Pass,74,4,9,0.332,0,0,0
106,52,Pass,74,4,13,0.534,0,0,0.001
106,50,Pass,74,4,15,0.839,0,0,0.003
106,48,Pass,74,4,26,1.115,0,0,0.005
106,46,Pass,74,4,32,1.292,0,0,0.006
106,44,Pass,74,4,34,1.436,0,0,0.006
106,42,Pass,74,4,37,1.634,0,0,0.004
106,42,Run,74,4,1,0.001,0,0,0
106,40,Pass,74,4,40,1.863,0,0,0.002
106,40,Run,74,4,1,0.004,0,0,0
106,38,Pass,74,4,43,1.978,0,0,0.001
106,38,Run,74,4,1,0.02,0,0,0
106,36,Pass,74,4,50,1.862,0,0,0.001
106,36,Run,74,4,3,0.069,0,0,0
106,34,Pass,74,4,48,1.578,0,0,0.001
106,34,Run,74,4,3,0.163,0,0,0
106,32,Pass,74,4,51,1.335,0,0,0
106,32,Run,74,4,3,0.271,0,0,0
106,30,Pass,74,4,52,1.257,0,0,0
106,30,Run,74,4,3,0.313,0,0,0
106,28,Pass,74,4,60,1.286,0,0,0
106,28,Run,74,4,3,0.253,0,0,0
106,26,Pass,74,4,61,1.329,0,0,0
106,26,Run,74,4,3,0.143,0,0,0
106,24,Pass,74,4,61,1.3,0,0,0
106,24,Run,74,4,3,0.058,0,0,0
106,22,Pass,74,4,55,1.1,0,0,0
106,22,Run,74,4,3,0.021,0,0,0
106,20,Pass,74,4,55,0.763,0,0,0
106,20,Run,74,4,3,0.024,0,0,0
106,18,Pass,74,4,54,0.468,0,0,0
106,18,Run,74,4,4,0.061,0,0,0
106,16,Pass,74,4,51,0.365,0,0,0
106,16,Run,74,4,5,0.12,0,0,0
106,14,Pass,74,4,52,0.482,0,0,0
106,14,Run,74,4,4,0.167,0,0,0
106,12,Pass,74,4,57,0.732,0,0,0
106,12,Run,74,4,4,0.165,0,0,0
106,10,Pass,74,4,52,0.96,0,0,0
106,10,Run,74,4,4,0.122,0,0,0
106,8,Pass,74,4,51,1.112,0,0,0
106,8,Run,74,4,3,0.081,0,0,0
106,6,Pass,74,4,48,1.357,0,0,0
106,6,Run,74,4,3,0.058,0,0,0
106,4,Pass,74,4,48,1.83,0,0,0
106,4,Run,74,4,2,0.044,0,0,0
106,2,Pass,74,4,44,2.24,0,0,0
106,2,Run,74,4,2,0.028,0,0,0
106,0,Pass,74,4,42,2.112,0,0,0
106,0,Run,74,4,1,0.013,0,0,0
104,72,Pass,74,4,1,0,0,0,0
104,70,Pass,74,4,1,0,0,0,0
104,68,Pass,74,4,2,0.001,0,0,0
104,66,Pass,74,4,2,0.004,0,0,0
104,64,Pass,74,4,2,0.015,0,0,0
104,62,Pass,74,4,2,0.04,0,0,0
104,60,Pass,74,4,6,0.082,0,0,0
104,58,Pass,74,4,8,0.124,0,0,0
104,56,Pass,74,4,9,0.166,0,0,0
104,54,Pass,74,4,10,0.257,0,0,0
104,52,Pass,74,4,14,0.457,0,0,0.001
104,50,Pass,74,4,15,0.731,0,0,0.002
104,48,Pass,74,4,23,0.97,0,0,0.004
104,46,Pass,74,4,28,1.149,0,0,0.005
104,44,Pass,74,4,33,1.361,0,0,0.005
104,42,Pass,74,4,40,1.641,0,0,0.003
104,42,Run,74,4,1,0.001,0,0,0
104,40,Pass,74,4,42,1.855,0,0,0.002
104,40,Run,74,4,2,0.004,0,0,0
104,38,Pass,74,4,48,1.83,0,0,0.001
104,38,Run,74,4,2,0.022,0,0,0
104,36,Pass,74,4,53,1.552,0,0,0.001
104,36,Run,74,4,4,0.073,0,0,0
104,34,Pass,74,4,55,1.19,0,0,0
104,34,Run,74,4,4,0.174,0,0,0
104,32,Pass,74,4,56,0.955,0,0,0
104,32,Run,74,4,4,0.288,0,0,0
104,30,Pass,74,4,62,0.925,0,0,0
104,30,Run,74,4,3,0.333,0,0,0
104,28,Pass,74,4,66,1.004,0,0,0
104,28,Run,74,4,3,0.271,0,0,0
104,26,Pass,74,4,63,1.065,0,0,0
104,26,Run,74,4,4,0.155,0,0,0
104,24,Pass,74,4,62,1.032,0,0,0
104,24,Run,74,4,4,0.065,0,0,0
104,22,Pass,74,4,63,0.881,0,0,0
104,22,Run,74,4,4,0.026,0,0,0
104,20,Pass,74,4,63,0.669,0,0,0
104,20,Run,74,4,5,0.031,0,0,0
104,18,Pass,74,4,64,0.502,0,0,0
104,18,Run,74,4,6,0.077,0,0,0
104,16,Pass,74,4,61,0.458,0,0,0
104,16,Run,74,4,5,0.152,0,0,0
104,14,Pass,74,4,63,0.56,0,0,0
104,14,Run,74,4,5,0.212,0,0,0
104,12,Pass,74,4,69,0.758,0,0,0
104,12,Run,74,4,4,0.214,0,0,0
104,10,Pass,74,4,62,0.946,0,0,0
104,10,Run,74,4,4,0.169,0,0,0
104,8,Pass,74,4,58,1.121,0,0,0
104,8,Run,74,4,5,0.131,0,0,0
104,6,Pass,74,4,56,1.453,0,0,0
104,6,Run,74,4,5,0.113,0,0,0
104,4,Pass,74,4,54,2.019,0,0,0
104,4,Run,74,4,4,0.094,0,0,0
104,2,Pass,74,4,49,2.465,0,0,0
104,2,Run,74,4,3,0.061,0,0,0
104,0,Pass,74,4,48,2.294,0,0,0
104,0,Run,74,4,2,0.028,0,0,0
102,76,Pass,74,4,1,0,0,0,0
102,74,Pass,74,4,1,0,0,0,0
102,72,Pass,74,4,2,0,0,0,0
102,70,Pass,74,4,2,0.001,0,0,0
102,68,Pass,74,4,2,0.002,0,0,0
102,66,Pass,74,4,2,0.006,0,0,0
102,64,Pass,74,4,2,0.012,0,0,0
102,62,Pass,74,4,2,0.021,0,0,0
102,60,Pass,74,4,6,0.037,0,0,0
102,58,Pass,74,4,7,0.054,0,0,0
102,56,Pass,74,4,10,0.082,0,0,0
102,54,Pass,74,4,11,0.15,0,0,0
102,52,Pass,74,4,14,0.289,0,0,0.001
102,50,Pass,74,4,15,0.471,0,0,0.002
102,48,Pass,74,4,20,0.636,0,0,0.003
102,46,Pass,74,4,24,0.807,0,0,0.004
102,44,Pass,74,4,32,1.069,0,0,0.003
102,42,Pass,74,4,34,1.4,0,0,0.002
102,42,Run,74,4,2,0.001,0,0,0
102,40,Pass,74,4,44,1.612,0,0,0.001
102,40,Run,74,4,3,0.004,0,0,0
102,38,Pass,74,4,50,1.548,0,0,0.001
102,38,Run,74,4,4,0.017,0,0,0
102,36,Pass,74,4,53,1.255,0,0,0
102,36,Run,74,4,4,0.057,0,0,0
102,34,Pass,74,4,55,0.936,0,0,0
102,34,Run,74,4,4,0.134,0,0,0
102,32,Pass,74,4,65,0.795,0,0,0
102,32,Run,74,4,4,0.221,0,0,0
102,30,Pass,74,4,72,0.883,0,0,0
102,30,Run,74,4,4,0.256,0,0,0
102,28,Pass,74,4,71,1.066,0,0,0
102,28,Run,74,4,4,0.211,0,0,0
102,26,Pass,74,4,66,1.162,0,0,0
102,26,Run,74,4,4,0.126,0,0,0
102,24,Pass,74,4,71,1.119,0,0,0
102,24,Run,74,4,5,0.057,0,0,0
102,22,Pass,74,4,68,1.004,0,0,0
102,22,Run,74,4,5,0.026,0,0,0
102,20,Pass,74,4,71,0.888,0,0,0
102,20,Run,74,4,5,0.03,0,0,0
102,18,Pass,74,4,72,0.782,0,0,0
102,18,Run,74,4,6,0.069,0,0,0
102,16,Pass,74,4,73,0.702,0,0,0
102,16,Run,74,4,5,0.135,0,0,0
102,14,Pass,74,4,73,0.7,0,0,0
102,14,Run,74,4,6,0.19,0,0,0
102,12,Pass,74,4,79,0.787,0,0,0
102,12,Run,74,4,5,0.197,0,0,0
102,10,Pass,74,4,72,0.924,0,0,0
102,10,Run,74,4,5,0.172,0,0,0
102,8,Pass,74,4,69,1.168,0,0,0
102,8,Run,74,4,5,0.16,0,0,0
102,6,Pass,74,4,66,1.73,0,0,0
102,6,Run,74,4,5,0.161,0,0,0
102,4,Pass,74,4,65,2.615,0,0,0
102,4,Run,74,4,5,0.142,0,0,0
102,2,Pass,74,4,64,3.273,0,0,0
102,2,Run,74,4,4,0.093,0,0,0
102,0,Pass,74,4,55,3.044,0,0,0
102,0,Run,74,4,4,0.043,0,0,0
100,80,Pass,74,4,1,0,0,0,0
100,78,Pass,74,4,1,0,0,0,0
100,76,Pass,74,4,2,0,0,0,0
100,74,Pass,74,4,3,0.001,0,0,0
100,72,Pass,74,4,3,0.001,0,0,0
100,70,Pass,74,4,3,0.003,0,0,0
100,68,Pass,74,4,2,0.008,0,0,0
100,66,Pass,74,4,3,0.016,0,0,0
100,64,Pass,74,4,2,0.023,0,0,0
100,62,Pass,74,4,2,0.025,0,0,0
100,60,Pass,74,4,3,0.023,0,0,0
100,58,Pass,74,4,7,0.023,0,0,0
100,56,Pass,74,4,9,0.032,0,0,0
100,54,Pass,74,4,11,0.066,0,0,0
100,52,Pass,74,4,13,0.134,0,0,0.001
100,50,Pass,74,4,14,0.225,0,0,0.001
100,48,Pass,74,4,19,0.327,0,0,0.002
100,46,Pass,74,4,23,0.482,0,0,0.002
100,44,Pass,74,4,29,0.749,0,0,0.002
100,44,Run,74,4,1,0,0,0,0
100,42,Pass,74,4,32,1.077,0,0,0.001
100,42,Run,74,4,3,0.001,0,0,0
100,40,Pass,74,4,38,1.304,0,0,0
100,40,Run,74,4,3,0.003,0,0,0
100,38,Pass,74,4,49,1.32,0,0,0
100,38,Run,74,4,4,0.014,0,0,0
100,36,Pass,74,4,55,1.16,0,0,0
100,36,Run,74,4,4,0.043,0,0,0
100,34,Pass,74,4,57,0.976,0,0,0
100,34,Run,74,4,4,0.093,0,0,0
100,32,Pass,74,4,69,0.972,0,0,0
100,32,Run,74,4,4,0.145,0,0,0
100,30,Pass,74,4,74,1.23,0,0,0
100,30,Run,74,4,4,0.164,0,0,0
100,28,Pass,74,4,75,1.579,0,0,0
100,28,Run,74,4,4,0.137,0,0,0
100,26,Pass,74,4,75,1.762,0,0,0
100,26,Run,74,4,5,0.088,0,0,0
100,24,Pass,74,4,75,1.736,0,0,0
100,24,Run,74,4,5,0.047,0,0,0
100,22,Pass,74,4,73,1.645,0,0,0.001
100,22,Run,74,4,6,0.024,0,0,0
100,20,Pass,74,4,84,1.55,0,0,0.001
100,20,Run,74,4,5,0.022,0,0,0
100,18,Pass,74,4,83,1.372,0,0,0.001
100,18,Run,74,4,6,0.045,0,0,0
100,16,Pass,74,4,83,1.111,0,0,0.001
100,16,Run,74,4,6,0.087,0,0,0
100,14,Pass,74,4,90,0.908,0,0,0
100,14,Run,74,4,6,0.123,0,0,0
100,12,Pass,74,4,89,0.863,0,0,0
100,12,Run,74,4,5,0.133,0,0,0
100,10,Pass,74,4,88,0.973,0,0,0
100,10,Run,74,4,5,0.132,0,0,0
100,8,Pass,74,4,87,1.322,0,0,0
100,8,Run,74,4,5,0.147,0,0,0
100,6,Pass,74,4,79,2.135,0,0,0
100,6,Run,74,4,5,0.165,0,0,0
100,4,Pass,74,4,71,3.356,0,0,0
100,4,Run,74,4,5,0.151,0,0,0
100,2,Pass,74,4,66,4.233,0,0,0
100,2,Run,74,4,4,0.1,0,0,0
100,0,Pass,74,4,57,3.928,0,0,0
100,0,Run,74,4,3,0.047,0,0,0
98,80,Pass,74,4,2,0,0,0,0
98,78,Pass,74,4,2,0.001,0,0,0
98,76,Pass,74,4,2,0.002,0,0,0
98,74,Pass,74,4,3,0.003,0,0,0
98,72,Pass,74,4,3,0.005,0,0,0
98,70,Pass,74,4,3,0.009,0,0,0
98,68,Pass,74,4,3,0.02,0,0,0
98,66,Pass,74,4,3,0.038,0,0,0
98,64,Pass,74,4,3,0.052,0,0,0
98,62,Pass,74,4,2,0.051,0,0,0
98,60,Pass,74,4,4,0.035,0,0,0
98,58,Pass,74,4,5,0.019,0,0,0
98,56,Pass,74,4,8,0.014,0,0,0
98,54,Pass,74,4,11,0.022,0,0,0
98,52,Pass,74,4,12,0.046,0,0,0.001
98,50,Pass,74,4,13,0.082,0,0,0.001
98,48,Pass,74,4,16,0.141,0,0,0.001
98,46,Pass,74,4,20,0.263,0,0,0.001
98,44,Pass,74,4,28,0.483,0,0,0.001
98,44,Run,74,4,2,0,0,0,0
98,42,Pass,74,4,34,0.771,0,0,0
98,42,Run,74,4,2,0.001,0,0,0
98,40,Pass,74,4,43,1.041,0,0,0
98,40,Run,74,4,3,0.005,0,0,0
98,38,Pass,74,4,45,1.221,0,0,0
98,38,Run,74,4,4,0.019,0,0,0
98,36,Pass,74,4,51,1.267,0,0,0
98,36,Run,74,4,4,0.05,0,0,0
98,34,Pass,74,4,64,1.236,0,0,0
98,34,Run,74,4,4,0.096,0,0,0
98,32,Pass,74,4,73,1.352,0,0,0
98,32,Run,74,4,4,0.132,0,0,0
98,30,Pass,74,4,78,1.77,0,0,0
98,30,Run,74,4,4,0.134,0,0,0
98,28,Pass,74,4,78,2.307,0,0,0
98,28,Run,74,4,4,0.105,0,0,0
98,26,Pass,74,4,73,2.64,0,0,0
98,26,Run,74,4,5,0.068,0,0,0
98,24,Pass,74,4,84,2.706,0,0,0.001
98,24,Run,74,4,6,0.04,0,0,0
98,22,Pass,74,4,80,2.652,0,0,0.001
98,22,Run,74,4,6,0.022,0,0,0
98,20,Pass,74,4,87,2.497,0,0,0.002
98,20,Run,74,4,6,0.016,0,0,0
98,18,Pass,74,4,92,2.122,0,0,0.002
98,18,Run,74,4,5,0.025,0,0,0
98,16,Pass,74,4,96,1.59,0,0,0.001
98,16,Run,74,4,6,0.045,0,0,0
98,14,Pass,74,4,103,1.173,0,0,0.001
98,14,Run,74,4,6,0.063,0,0,0
98,12,Pass,74,4,108,1.049,0,0,0
98,12,Run,74,4,5,0.072,0,0,0
98,10,Pass,74,4,109,1.203,0,0,0
98,10,Run,74,4,5,0.081,0,0,0
98,8,Pass,74,4,101,1.651,0,0,0
98,8,Run,74,4,5,0.102,0,0,0
98,6,Pass,74,4,87,2.554,0,0,0
98,6,Run,74,4,5,0.122,0,0,0
98,4,Pass,74,4,78,3.819,0,0,0
98,4,Run,74,4,5,0.113,0,0,0
98,2,Pass,74,4,72,4.676,0,0,0
98,2,Run,74,4,5,0.075,0,0,0
98,0,Pass,74,4,62,4.277,0,0,0
98,0,Run,74,4,3,0.035,0,0,0
96,80,Pass,74,4,2,0.001,0,0,0
96,78,Pass,74,4,2,0.004,0,0,0
96,76,Pass,74,4,3,0.008,0,0,0
96,74,Pass,74,4,3,0.013,0,0,0
96,72,Pass,74,4,3,0.016,0,0,0
96,70,Pass,74,4,3,0.021,0,0,0
96,68,Pass,74,4,3,0.037,0,0,0
96,66,Pass,74,4,3,0.065,0,0,0
96,64,Pass,74,4,3,0.088,0,0,0
96,62,Pass,74,4,3,0.084,0,0,0
96,60,Pass,74,4,3,0.057,0,0,0
96,58,Pass,74,4,4,0.027,0,0,0
96,56,Pass,74,4,5,0.011,0,0,0
96,54,Pass,74,4,7,0.007,0,0,0
96,52,Pass,74,4,11,0.013,0,0,0
96,50,Pass,74,4,13,0.026,1,0,0.001
96,48,Pass,74,4,19,0.056,1,0,0.001
96,46,Pass,74,4,24,0.131,1,0,0
96,46,Run,74,4,1,0,0,0,0
96,44,Pass,74,4,31,0.278,1,0,0
96,44,Run,74,4,2,0,0,0,0
96,42,Pass,74,4,36,0.508,1,0,0
96,42,Run,74,4,2,0.002,0,0,0
96,40,Pass,74,4,43,0.815,1,0,0
96,40,Run,74,4,3,0.008,0,0,0
96,38,Pass,74,4,50,1.145,0,0,0
96,38,Run,74,4,4,0.03,0,0,0
96,36,Pass,74,4,59,1.367,0,0,0
96,36,Run,74,4,4,0.077,0,0,0
96,34,Pass,74,4,64,1.455,0,0,0
96,34,Run,74,4,4,0.139,0,0,0
96,32,Pass,74,4,75,1.651,0,0,0
96,32,Run,74,4,4,0.178,0,0,0
96,30,Pass,74,4,78,2.171,0,0,0
96,30,Run,74,4,4,0.163,0,0,0
96,28,Pass,74,4,80,2.856,0,0,0
96,28,Run,74,4,4,0.113,0,0,0
96,26,Pass,74,4,87,3.365,0,0,0.001
96,26,Run,74,4,5,0.065,0,0,0
96,24,Pass,74,4,91,3.583,0,0,0.001
96,24,Run,74,4,7,0.034,0,0,0
96,22,Pass,74,4,98,3.581,0,0,0.002
96,22,Run,74,4,7,0.017,0,0,0
96,20,Pass,74,4,104,3.324,0,0,0.003
96,20,Run,74,4,5,0.012,0,0,0
96,18,Pass,74,4,107,2.739,0,0,0.003
96,18,Run,74,4,5,0.016,0,0,0
96,16,Pass,74,4,103,2.012,0,0,0.002
96,16,Run,74,4,7,0.027,0,0,0
96,14,Pass,74,4,116,1.505,0,0,0.001
96,14,Run,74,4,7,0.036,0,0,0
96,12,Pass,74,4,121,1.41,0,0,0
96,12,Run,74,4,6,0.039,0,0,0
96,10,Pass,74,4,120,1.68,0,0,0
96,10,Run,74,4,6,0.044,0,0,0
96,8,Pass,74,4,117,2.226,0,0,0
96,8,Run,74,4,5,0.056,0,0,0
96,6,Pass,74,4,105,3.054,0,0,0
96,6,Run,74,4,5,0.066,0,0,0
96,4,Pass,74,4,95,4.032,0,0,0
96,4,Run,74,4,5,0.06,0,0,0
96,2,Pass,74,4,84,4.572,0,0,0
96,2,Run,74,4,4,0.04,0,0,0
96,0,Pass,74,4,73,4.032,0,0,0
96,0,Run,74,4,3,0.019,0,0,0
94,80,Pass,74,4,2,0.003,0,0,0
94,78,Pass,74,4,2,0.011,0,0,0
94,76,Pass,74,4,3,0.024,0,0,0
94,74,Pass,74,4,3,0.037,0,0,0
94,72,Pass,74,4,3,0.042,0,0,0
94,70,Pass,74,4,3,0.042,0,0,0
94,68,Pass,74,4,3,0.052,0,0,0
94,66,Pass,74,4,3,0.08,0,0,0
94,64,Pass,74,4,3,0.104,0,0,0
94,62,Pass,74,4,4,0.099,0,0,0
94,60,Pass,74,4,2,0.067,0,0,0
94,58,Pass,74,4,2,0.031,0,0,0
94,56,Pass,74,4,4,0.011,0,0,0
94,54,Pass,74,4,5,0.004,1,0,0
94,52,Pass,74,4,11,0.005,1,0,0
94,50,Pass,74,4,13,0.01,1,0,0
94,48,Pass,74,4,19,0.023,1,0,0
94,46,Pass,74,4,27,0.058,1,0,0
94,46,Run,74,4,1,0,0,0,0
94,44,Pass,74,4,33,0.141,1,0,0
94,44,Run,74,4,2,0,0,0,0
94,42,Pass,74,4,39,0.308,1,0,0
94,42,Run,74,4,2,0.002,0,0,0
94,40,Pass,74,4,39,0.599,1,0,0
94,40,Run,74,4,2,0.01,0,0,0
94,38,Pass,74,4,45,0.974,1,0,0
94,38,Run,74,4,4,0.038,0,0,0
94,36,Pass,74,4,52,1.272,0,0,0
94,36,Run,74,4,4,0.096,0,0,0
94,34,Pass,74,4,64,1.434,0,0,0
94,34,Run,74,4,4,0.172,0,0,0
94,32,Pass,74,4,75,1.686,0,0,0
94,32,Run,74,4,4,0.216,0,0,0
94,30,Pass,74,4,82,2.258,0,0,0
94,30,Run,74,4,4,0.191,0,0,0
94,28,Pass,74,4,90,3.024,0,0,0.001
94,28,Run,74,4,4,0.123,0,0,0
94,26,Pass,74,4,96,3.663,0,0,0.001
94,26,Run,74,4,5,0.061,0,0,0
94,24,Pass,74,4,101,4.009,0,0,0.002
94,24,Run,74,4,6,0.026,0,0,0
94,22,Pass,74,4,108,4.042,0,0,0.002
94,22,Run,74,4,6,0.012,0,0,0
94,20,Pass,74,4,112,3.725,0,0,0.003
94,20,Run,74,4,6,0.009,0,0,0
94,18,Pass,74,4,116,3.107,0,0,0.004
94,18,Run,74,4,6,0.013,0,0,0
94,16,Pass,74,4,116,2.454,0,0,0.003
94,16,Run,74,4,7,0.021,0,0,0
94,14,Pass,74,4,124,2.067,0,0,0.002
94,14,Run,74,4,7,0.027,0,0,0
94,12,Pass,74,4,139,2.072,0,0,0
94,12,Run,74,4,6,0.027,0,0,0
94,10,Pass,74,4,131,2.444,0,0,0
94,10,Run,74,4,6,0.026,0,0,0
94,8,Pass,74,4,123,3.089,0,0,0
94,8,Run,74,4,6,0.027,0,0,0
94,6,Pass,74,4,117,3.839,0,0,0
94,6,Run,74,4,6,0.029,0,0,0
94,4,Pass,74,4,98,4.453,0,0,0
94,4,Run,74,4,4,0.025,0,0,0
94,2,Pass,74,4,87,4.543,0,0,0
94,2,Run,74,4,4,0.016,0,0,0
94,0,Pass,74,4,76,3.765,0,0,0
94,0,Run,74,4,3,0.007,0,0,0
92,80,Pass,74,4,2,0.007,0,0,0
92,78,Pass,74,4,2,0.021,0,0,0
92,76,Pass,74,4,3,0.047,0,0,0
92,74,Pass,74,4,3,0.072,0,0,0
92,72,Pass,74,4,3,0.079,0,0,0
92,70,Pass,74,4,3,0.068,0,0,0
92,68,Pass,74,4,3,0.06,0,0,0
92,66,Pass,74,4,3,0.072,0,0,0
92,64,Pass,74,4,3,0.087,0,0,0
92,62,Pass,74,4,4,0.082,0,0,0
92,60,Pass,74,4,3,0.055,0,0,0
92,58,Pass,74,4,4,0.026,0,0,0
92,56,Pass,74,4,6,0.009,1,0,0
92,54,Pass,74,4,7,0.005,1,0,0
92,52,Pass,74,4,12,0.007,1,0,0.001
92,50,Pass,74,4,13,0.01,1,0,0.001
92,48,Pass,74,4,16,0.015,1,0,0.001
92,46,Pass,74,4,25,0.03,1,0,0.001
92,46,Run,74,4,1,0,0,0,0
92,44,Pass,74,4,33,0.075,1,0,0
92,44,Run,74,4,2,0,0,0,0
92,42,Pass,74,4,42,0.193,1,0,0
92,42,Run,74,4,2,0.002,0,0,0
92,40,Pass,74,4,46,0.436,1,0,0
92,40,Run,74,4,2,0.009,0,0,0
92,38,Pass,74,4,51,0.776,1,0,0
92,38,Run,74,4,2,0.034,0,0,0
92,36,Pass,74,4,59,1.074,1,0,0
92,36,Run,74,4,3,0.086,0,0,0
92,34,Pass,74,4,71,1.266,0,0,0
92,34,Run,74,4,4,0.154,0,0,0
92,32,Pass,74,4,82,1.541,0,0,0
92,32,Run,74,4,4,0.191,0,0,0
92,30,Pass,74,4,88,2.109,0,0,0.001
92,30,Run,74,4,4,0.167,0,0,0
92,28,Pass,74,4,97,2.887,0,0,0.001
92,28,Run,74,4,4,0.104,0,0,0
92,26,Pass,74,4,102,3.58,0,0,0.001
92,26,Run,74,4,4,0.047,0,0,0
92,24,Pass,74,4,113,3.985,0,0,0.002
92,24,Run,74,4,4,0.017,0,0,0
92,22,Pass,74,4,116,4.05,0,0,0.003
92,22,Run,74,4,6,0.007,0,0,0
92,20,Pass,74,4,121,3.83,0,0,0.003
92,20,Run,74,4,5,0.005,0,0,0
92,18,Pass,74,4,125,3.505,0,0,0.003
92,18,Run,74,4,6,0.01,0,0,0
92,16,Pass,74,4,126,3.274,0,0,0.002
92,16,Run,74,4,6,0.016,0,0,0
92,14,Pass,74,4,143,3.179,0,0,0.001
92,14,Run,74,4,7,0.02,0,0,0
92,12,Pass,74,4,153,3.206,0,0,0
92,12,Run,74,4,6,0.019,0,0,0
92,10,Pass,74,4,143,3.505,0,0,0
92,10,Run,74,4,6,0.017,0,0,0
92,8,Pass,74,4,133,4.176,0,0,0
92,8,Run,74,4,6,0.015,0,0,0
92,6,Pass,74,4,124,4.952,0,0,0
92,6,Run,74,4,5,0.013,0,0,0
92,4,Pass,74,4,113,5.369,0,0,0
92,4,Run,74,4,5,0.01,0,0,0
92,2,Pass,74,4,97,5.056,0,0,0
92,2,Run,74,4,4,0.006,0,0,0
92,0,Pass,74,4,86,3.919,0,0,0
92,0,Run,74,4,3,0.003,0,0,0
90,80,Pass,74,4,2,0.01,0,0,0
90,78,Pass,74,4,2,0.03,0,0,0
90,76,Pass,74,4,2,0.066,0,0,0
90,74,Pass,74,4,3,0.101,0,0,0
90,72,Pass,74,4,3,0.108,0,0,0
90,70,Pass,74,4,3,0.086,0,0,0
90,68,Pass,74,4,3,0.059,0,0,0
90,66,Pass,74,4,3,0.05,0,0,0
90,64,Pass,74,4,4,0.052,0,0,0
90,62,Pass,74,4,5,0.047,0,0,0
90,60,Pass,74,4,6,0.031,0,0,0
90,58,Pass,74,4,5,0.016,0,0,0
90,56,Pass,74,4,7,0.008,1,0,0
90,54,Pass,74,4,9,0.011,1,0,0
90,52,Pass,74,4,13,0.019,1,0,0.001
90,50,Pass,74,4,14,0.026,1,0,0.001
90,48,Pass,74,4,20,0.032,1,0,0.002
90,46,Pass,74,4,28,0.043,1,0,0.002
90,46,Run,74,4,1,0,0,0,0
90,44,Pass,74,4,32,0.078,1,0,0.001
90,44,Run,74,4,2,0,0,0,0
90,42,Pass,74,4,40,0.18,1,0,0.001
90,42,Run,74,4,2,0.001,0,0,0
90,40,Pass,74,4,49,0.404,1,0,0.001
90,40,Run,74,4,2,0.006,0,0,0
90,38,Pass,74,4,53,0.73,1,0,0.001
90,38,Run,74,4,2,0.021,0,0,0
90,36,Pass,74,4,66,1.025,1,0,0.001
90,36,Run,74,4,3,0.054,0,0,0
90,34,Pass,74,4,81,1.206,1,0,0.001
90,34,Run,74,4,3,0.096,0,0,0
90,32,Pass,74,4,85,1.425,0,0,0.001
90,32,Run,74,4,3,0.119,0,0,0
90,30,Pass,74,4,97,1.903,0,0,0.001
90,30,Run,74,4,3,0.104,0,0,0
90,28,Pass,74,4,116,2.623,0,0,0.002
90,28,Run,74,4,3,0.063,0,0,0
90,26,Pass,74,4,124,3.328,0,0,0.002
90,26,Run,74,4,4,0.028,0,0,0
90,24,Pass,74,4,136,3.781,0,0,0.002
90,24,Run,74,4,6,0.009,0,0,0
90,22,Pass,74,4,137,3.951,0,0,0.002
90,22,Run,74,4,7,0.003,0,0,0
90,20,Pass,74,4,141,4.033,0,0,0.002
90,20,Run,74,4,6,0.003,0,0,0
90,18,Pass,74,4,148,4.287,0,0,0.002
90,18,Run,74,4,6,0.005,0,0,0
90,16,Pass,74,4,152,4.698,0,0,0.001
90,16,Run,74,4,5,0.009,0,0,0
90,14,Pass,74,4,159,4.919,0,0,0
90,14,Run,74,4,4,0.011,0,0,0
90,12,Pass,74,4,165,4.795,0,0,0
90,12,Run,74,4,5,0.011,0,0,0
90,10,Pass,74,4,162,4.764,0,0,0
90,10,Run,74,4,5,0.01,0,0,0
90,8,Pass,74,4,155,5.31,0,0,0
90,8,Run,74,4,5,0.009,0,0,0
90,6,Pass,74,4,143,6.178,0,0,0
90,6,Run,74,4,5,0.008,0,0,0
90,4,Pass,74,4,131,6.569,0,0,0
90,4,Run,74,4,5,0.005,0,0,0
90,2,Pass,74,4,110,5.929,0,0,0
90,2,Run,74,4,5,0.003,0,0,0
90,0,Pass,74,4,96,4.351,0,0,0
90,0,Run,74,4,3,0.001,0,0,0
88,80,Pass,74,4,2,0.01,0,0,0
88,78,Pass,74,4,2,0.03,0,0,0
88,76,Pass,74,4,2,0.065,0,0,0
88,74,Pass,74,4,3,0.1,0,0,0
88,72,Pass,74,4,3,0.106,0,0,0
88,70,Pass,74,4,4,0.081,0,0,0
88,68,Pass,74,4,4,0.048,0,0,0
88,66,Pass,74,4,5,0.029,0,0,0
88,64,Pass,74,4,5,0.023,0,0,0
88,62,Pass,74,4,5,0.019,0,0,0
88,60,Pass,74,4,8,0.013,0,0,0
88,58,Pass,74,4,7,0.009,1,0,0
88,56,Pass,74,4,8,0.013,1,0,0
88,54,Pass,74,4,12,0.031,1,0,0
88,52,Pass,74,4,14,0.057,1,0,0
88,50,Pass,74,4,17,0.08,1,0,0.001
88,48,Pass,74,4,22,0.094,1,0,0.002
88,46,Pass,74,4,32,0.109,1,0,0.002
88,46,Run,74,4,1,0,0,0,0
88,44,Pass,74,4,37,0.152,1,0,0.002
88,44,Run,74,4,1,0,0,0,0
88,42,Pass,74,4,44,0.272,1,0,0.001
88,42,Run,74,4,2,0,0,0,0
88,40,Pass,74,4,52,0.531,1,0,0.001
88,40,Run,74,4,2,0.003,0,0,0
88,38,Pass,74,4,62,0.905,1,0,0.001
88,38,Run,74,4,2,0.009,0,0,0
88,36,Pass,74,4,75,1.222,1,0,0.001
88,36,Run,74,4,2,0.024,0,0,0
88,34,Pass,74,4,84,1.352,1,0,0.001
88,34,Run,74,4,3,0.042,0,0,0
88,32,Pass,74,4,98,1.438,0,0,0.001
88,32,Run,74,4,3,0.052,0,0,0
88,30,Pass,74,4,112,1.757,0,0,0.002
88,30,Run,74,4,3,0.045,0,0,0
88,28,Pass,74,4,127,2.385,0,0,0.002
88,28,Run,74,4,4,0.027,0,0,0
88,26,Pass,74,4,143,3.108,0,0,0.002
88,26,Run,74,4,5,0.012,0,0,0
88,24,Pass,74,4,151,3.651,0,0,0.002
88,24,Run,74,4,6,0.004,0,0,0
88,22,Pass,74,4,157,3.994,0,0,0.002
88,22,Run,74,4,7,0.001,0,0,0
88,20,Pass,74,4,160,4.441,0,0,0.001
88,20,Run,74,4,6,0.001,0,0,0.001
88,18,Pass,74,4,164,5.279,0,0,0.001
88,18,Run,74,4,6,0.002,0,0,0.002
88,16,Pass,74,4,173,6.264,0,0,0
88,16,Run,74,4,5,0.004,0,0,0.002
88,14,Pass,74,4,186,6.709,0,0,0
88,14,Run,74,4,5,0.005,0,0,0.002
88,12,Pass,74,4,185,6.363,0,0,0
88,12,Run,74,4,4,0.005,0,0,0.002
88,10,Pass,74,4,177,5.926,0,0,0
88,10,Run,74,4,4,0.005,0,0,0.001
88,8,Pass,74,4,162,6.247,0,0,0
88,8,Run,74,4,5,0.005,0,0,0.001
88,6,Pass,74,4,155,7.152,0,0,0
88,6,Run,74,4,5,0.004,0,0,0
88,4,Pass,74,4,144,7.536,0,0,0
88,4,Run,74,4,5,0.003,0,0,0
88,2,Pass,74,4,124,6.603,0,0,0
88,2,Run,74,4,4,0.002,0,0,0
88,0,Pass,74,4,105,4.614,0,0,0
88,0,Run,74,4,2,0.001,0,0,0
86,80,Pass,74,4,2,0.007,0,0,0
86,78,Pass,74,4,2,0.021,0,0,0
86,76,Pass,74,4,2,0.046,0,0,0
86,74,Pass,74,4,2,0.07,0,0,0
86,72,Pass,74,4,4,0.075,0,0,0
86,70,Pass,74,4,4,0.056,0,0,0
86,68,Pass,74,4,5,0.03,0,0,0
86,66,Pass,74,4,5,0.014,0,0,0
86,64,Pass,74,4,5,0.008,0,0,0
86,62,Pass,74,4,7,0.006,0,0,0
86,60,Pass,74,4,8,0.005,0,0,0
86,58,Pass,74,4,8,0.009,1,0,0
86,56,Pass,74,4,11,0.028,1,0,0
86,54,Pass,74,4,14,0.073,1,0,0
86,52,Pass,74,4,17,0.137,1,0,0
86,50,Pass,74,4,18,0.193,1,0,0.001
86,48,Pass,74,4,27,0.221,1,0,0.001
86,46,Pass,74,4,35,0.241,2,0,0.002
86,46,Run,74,4,1,0,0,0,0
86,44,Pass,74,4,42,0.294,2,0,0.001
86,44,Run,74,4,1,0,0,0,0
86,42,Pass,74,4,48,0.435,2,0,0.001
86,42,Run,74,4,2,0,0,0,0
86,40,Pass,74,4,56,0.734,2,0,0.001
86,40,Run,74,4,2,0.001,0,0,0
86,38,Pass,74,4,73,1.154,2,0,0.001
86,38,Run,74,4,2,0.003,0,0,0
86,36,Pass,74,4,83,1.479,1,0,0.001
86,36,Run,74,4,3,0.007,0,0,0
86,34,Pass,74,4,101,1.544,1,0,0.001
86,34,Run,74,4,2,0.013,0,0,0
86,32,Pass,74,4,108,1.508,0,0,0.001
86,32,Run,74,4,2,0.016,0,0,0
86,30,Pass,74,4,121,1.715,0,0,0.001
86,30,Run,74,4,4,0.014,0,0,0
86,28,Pass,74,4,144,2.306,0,0,0.002
86,28,Run,74,4,4,0.008,0,0,0
86,26,Pass,74,4,153,3.074,0,0,0.002
86,26,Run,74,4,5,0.004,0,0,0
86,24,Pass,74,4,162,3.703,0,0,0.001
86,24,Run,74,4,6,0.001,0,0,0
86,22,Pass,74,4,169,4.156,0,0,0.001
86,22,Run,74,4,6,0,0,0,0.002
86,20,Pass,74,4,176,4.779,0,0,0.001
86,20,Run,74,4,4,0,0,0,0.007
86,18,Pass,74,4,176,5.87,0,0,0
86,18,Run,74,4,5,0.001,0,0,0.008
86,16,Pass,74,4,191,7.096,0,0,0
86,16,Run,74,4,5,0.002,0,0,0.009
86,14,Pass,74,4,196,7.659,0,0,0
86,14,Run,74,4,5,0.002,0,0,0.009
86,12,Pass,74,4,200,7.26,0,0,0
86,12,Run,74,4,5,0.002,0,0,0.008
86,10,Pass,74,4,189,6.63,0,0,0
86,10,Run,74,4,4,0.002,0,0,0.005
86,8,Pass,74,4,170,6.752,0,0,0
86,8,Run,74,4,4,0.002,0,0,0.003
86,6,Pass,74,4,168,7.554,0,0,0
86,6,Run,74,4,4,0.002,0,0,0.001
86,4,Pass,74,4,153,7.83,0,0,0
86,4,Run,74,4,4,0.001,0,0,0
86,2,Pass,74,4,134,6.668,0,0,0
86,2,Run,74,4,3,0.001,0,0,0
86,0,Pass,74,4,115,4.455,0,0,0
86,0,Run,74,4,1,0,0,0,0
84,80,Pass,74,4,2,0.003,0,0,0
84,78,Pass,74,4,2,0.011,0,0,0
84,76,Pass,74,4,2,0.023,0,0,0
84,74,Pass,74,4,3,0.035,0,0,0
84,72,Pass,74,4,3,0.037,0,0,0
84,70,Pass,74,4,4,0.028,0,0,0
84,68,Pass,74,4,5,0.015,0,0,0
84,66,Pass,74,4,5,0.007,0,0,0
84,64,Pass,74,4,5,0.004,0,0,0
84,62,Pass,74,4,7,0.004,0,0,0
84,60,Pass,74,4,5,0.005,0,0,0
84,58,Pass,74,4,10,0.015,1,0,0
84,56,Pass,74,4,12,0.049,1,0,0
84,54,Pass,74,4,16,0.128,1,0,0
84,52,Pass,74,4,17,0.241,1,0,0
84,50,Pass,74,4,22,0.341,2,0,0
84,48,Pass,74,4,31,0.39,2,0,0.001
84,46,Pass,74,4,34,0.414,2,0,0.001
84,44,Pass,74,4,45,0.463,2,0,0.001
84,44,Run,74,4,1,0,0,0,0
84,42,Pass,74,4,55,0.595,2,0,0.001
84,42,Run,74,4,2,0,0,0,0
84,40,Pass,74,4,64,0.873,2,0,0.001
84,40,Run,74,4,3,0,0,0,0
84,38,Pass,74,4,77,1.26,2,0,0.001
84,38,Run,74,4,3,0.001,0,0,0
84,36,Pass,74,4,86,1.545,2,0,0.001
84,36,Run,74,4,3,0.002,0,0,0
84,34,Pass,74,4,102,1.584,2,0,0.001
84,34,Run,74,4,3,0.003,0,0,0
84,32,Pass,74,4,115,1.55,1,0,0.001
84,32,Run,74,4,4,0.003,0,0,0
84,30,Pass,74,4,126,1.789,0,0,0.001
84,30,Run,74,4,4,0.003,0,0,0
84,28,Pass,74,4,146,2.442,0,0,0.001
84,28,Run,74,4,3,0.002,0,0,0
84,26,Pass,74,4,162,3.278,0,0,0.001
84,26,Run,74,4,4,0.001,0,0,0
84,24,Pass,74,4,173,3.945,0,0,0.001
84,24,Run,74,4,4,0,0,0,0.001
84,22,Pass,74,4,178,4.377,0,0,0
84,22,Run,74,4,3,0,0,0,0.006
84,20,Pass,74,4,177,4.904,0,0,0
84,20,Run,74,4,3,0,0,0,0.012
84,18,Pass,74,4,184,5.836,0,0,0
84,18,Run,74,4,4,0.001,0,0,0.016
84,16,Pass,74,4,192,6.952,0,0,0
84,16,Run,74,4,5,0.001,0,0,0.018
84,14,Pass,74,4,208,7.58,0,0,0
84,14,Run,74,4,5,0.002,0,0,0.018
84,12,Pass,74,4,211,7.369,0,0,0
84,12,Run,74,4,5,0.002,0,0,0.017
84,10,Pass,74,4,199,6.835,0,0,0
84,10,Run,74,4,5,0.001,0,0,0.014
84,8,Pass,74,4,187,6.839,0,0,0
84,8,Run,74,4,4,0.001,0,0,0.008
84,6,Pass,74,4,173,7.4,0,0,0
84,6,Run,74,4,4,0.001,0,0,0.003
84,4,Pass,74,4,158,7.457,0,0,0
84,4,Run,74,4,3,0,0,0,0.001
84,2,Pass,74,4,141,6.172,0,0,0
84,2,Run,74,4,2,0,0,0,0
84,0,Pass,74,4,117,3.976,0,0,0
84,0,Run,74,4,1,0,0,0,0
82,80,Pass,74,4,2,0.001,0,0,0
82,78,Pass,74,4,2,0.004,0,0,0
82,76,Pass,74,4,2,0.008,0,0,0
82,74,Pass,74,4,3,0.013,0,0,0
82,72,Pass,74,4,3,0.014,0,0,0
82,70,Pass,74,4,4,0.011,0,0,0
82,68,Pass,74,4,5,0.008,0,0,0
82,66,Pass,74,4,5,0.007,0,0,0
82,64,Pass,74,4,5,0.008,0,0,0
82,62,Pass,74,4,7,0.007,0,0,0
82,60,Pass,74,4,5,0.008,0,0,0
82,58,Pass,74,4,10,0.02,1,0,0
82,56,Pass,74,4,12,0.062,1,0,0
82,54,Pass,74,4,16,0.161,1,0,0
82,52,Pass,74,4,22,0.308,2,0,0
82,50,Pass,74,4,24,0.445,2,0,0
82,48,Pass,74,4,33,0.521,2,0,0.001
82,46,Pass,74,4,41,0.553,2,0,0.002
82,44,Pass,74,4,51,0.592,2,0,0.002
82,44,Run,74,4,1,0,0,0,0
82,42,Pass,74,4,60,0.69,2,0,0.002
82,42,Run,74,4,2,0,0,0,0
82,40,Pass,74,4,66,0.892,2,0,0.002
82,40,Run,74,4,2,0,0,0,0
82,38,Pass,74,4,77,1.17,2,0,0.001
82,38,Run,74,4,3,0,0,0,0
82,36,Pass,74,4,89,1.39,2,0,0.001
82,36,Run,74,4,3,0,0,0,0
82,34,Pass,74,4,108,1.479,2,0,0
82,34,Run,74,4,3,0,0,0,0
82,32,Pass,74,4,119,1.587,1,0,0
82,32,Run,74,4,4,0.001,0,0,0
82,30,Pass,74,4,132,1.977,0,0,0
82,30,Run,74,4,4,0,0,0,0
82,28,Pass,74,4,139,2.734,0,0,0
82,28,Run,74,4,4,0,0,0,0
82,26,Pass,74,4,152,3.632,0,0,0
82,26,Run,74,4,5,0,0,0,0
82,24,Pass,74,4,176,4.323,0,0,0
82,24,Run,74,4,2,0,0,0,0.001
82,22,Pass,74,4,180,4.712,0,0,0
82,22,Run,74,4,2,0,0,0,0.003
82,20,Pass,74,4,183,5.047,0,0,0
82,20,Run,74,4,2,0,0,0,0.008
82,18,Pass,74,4,190,5.647,0,0,0
82,18,Run,74,4,3,0.001,0,0,0.015
82,16,Pass,74,4,206,6.501,0,0,0
82,16,Run,74,4,4,0.001,0,0,0.02
82,14,Pass,74,4,218,7.161,0,0,0
82,14,Run,74,4,5,0.001,0,0,0.021
82,12,Pass,74,4,219,7.213,0,0,0
82,12,Run,74,4,5,0.001,0,0,0.021
82,10,Pass,74,4,214,6.888,0,0,0
82,10,Run,74,4,5,0.001,0,0,0.02
82,8,Pass,74,4,195,6.843,0,0,0
82,8,Run,74,4,3,0,0,0,0.016
82,6,Pass,74,4,181,7.135,0,0,0
82,6,Run,74,4,2,0,0,0,0.01
82,4,Pass,74,4,168,6.918,0,0,0
82,4,Run,74,4,2,0,0,0,0.004
82,2,Pass,74,4,148,5.538,0,0,0
82,2,Run,74,4,2,0,0,0,0.001
82,0,Pass,74,4,125,3.456,0,0,0
82,0,Run,74,4,1,0,0,0,0
80,80,Pass,74,4,2,0,0,0,0
80,78,Pass,74,4,2,0.001,0,0,0
80,76,Pass,74,4,3,0.002,0,0,0
80,74,Pass,74,4,3,0.003,0,0,0
80,72,Pass,74,4,3,0.004,0,0,0
80,70,Pass,74,4,4,0.005,0,0,0
80,68,Pass,74,4,4,0.007,0,0,0
80,66,Pass,74,4,4,0.012,0,0,0
80,64,Pass,74,4,4,0.015,0,0,0
80,62,Pass,74,4,5,0.015,0,0,0
80,60,Pass,74,4,5,0.013,0,0,0
80,58,Pass,74,4,7,0.021,0,0,0
80,56,Pass,74,4,10,0.057,1,0,0
80,54,Pass,74,4,16,0.147,1,0,0
80,52,Pass,74,4,23,0.288,2,0,0
80,50,Pass,74,4,27,0.435,2,0,0.001
80,48,Pass,74,4,35,0.538,2,0,0.002
80,46,Pass,74,4,42,0.597,2,0,0.004
80,46,Run,74,4,1,0,0,0,0
80,44,Pass,74,4,51,0.647,2,0,0.007
80,44,Run,74,4,1,0,0,0,0
80,42,Pass,74,4,58,0.726,2,0,0.007
80,42,Run,74,4,1,0,0,0,0
80,40,Pass,74,4,66,0.856,2,0,0.005
80,40,Run,74,4,2,0,0,0,0
80,38,Pass,74,4,83,1.021,2,0,0.003
80,38,Run,74,4,2,0,0,0,0
80,36,Pass,74,4,90,1.182,2,0,0.001
80,36,Run,74,4,2,0,0,0,0
80,34,Pass,74,4,111,1.358,2,0,0
80,34,Run,74,4,2,0,0,0,0
80,32,Pass,74,4,122,1.65,1,0,0
80,32,Run,74,4,3,0,0,0,0
80,30,Pass,74,4,133,2.192,0,0,0
80,30,Run,74,4,3,0,0,0,0
80,28,Pass,74,4,137,3.02,0,0,0
80,28,Run,74,4,3,0,0,0,0
80,26,Pass,74,4,156,3.953,0,0,0
80,26,Run,74,4,3,0,0,0,0
80,24,Pass,74,4,172,4.698,0,0,0
80,24,Run,74,4,2,0,0,0,0
80,22,Pass,74,4,175,5.128,0,0,0
80,22,Run,74,4,2,0.001,0,0,0.001
80,20,Pass,74,4,187,5.373,0,0,0
80,20,Run,74,4,2,0.001,0,0,0.004
80,18,Pass,74,4,200,5.703,0,0,0
80,18,Run,74,4,2,0.001,0,0,0.01
80,16,Pass,74,4,217,6.294,0,0,0
80,16,Run,74,4,2,0.001,0,0,0.017
80,14,Pass,74,4,230,6.915,0,0,0
80,14,Run,74,4,2,0.001,0,0,0.021
80,12,Pass,74,4,224,7.129,0,0,0
80,12,Run,74,4,3,0.001,0,0,0.022
80,10,Pass,74,4,221,6.989,0,0,0
80,10,Run,74,4,3,0.001,0,0,0.022
80,8,Pass,74,4,207,6.989,0,0,0
80,8,Run,74,4,3,0,0,0,0.02
80,6,Pass,74,4,198,7.107,0,0,0
80,6,Run,74,4,2,0,0,0,0.017
80,4,Pass,74,4,173,6.61,0,0,0
80,4,Run,74,4,2,0,0,0,0.011
80,2,Pass,74,4,152,5.08,0,0,0
80,2,Run,74,4,2,0,0,0,0.005
80,0,Pass,74,4,129,3.058,0,0,0
80,0,Run,74,4,1,0,0,0,0
78,80,Pass,74,4,1,0,0,0,0
78,78,Pass,74,4,2,0,0,0,0
78,76,Pass,74,4,3,0,0,0,0
78,74,Pass,74,4,3,0.001,0,0,0
78,72,Pass,74,4,3,0.002,0,0,0
78,70,Pass,74,4,4,0.004,0,0,0
78,68,Pass,74,4,4,0.01,0,0,0
78,66,Pass,74,4,4,0.018,0,0,0
78,64,Pass,74,4,3,0.024,0,0,0
78,62,Pass,74,4,4,0.023,0,0,0
78,60,Pass,74,4,5,0.017,0,0,0
78,58,Pass,74,4,6,0.018,0,0,0
78,56,Pass,74,4,10,0.039,1,0,0
78,54,Pass,74,4,19,0.098,2,0,0
78,52,Pass,74,4,23,0.202,2,0,0.001
78,50,Pass,74,4,28,0.328,2,0,0.002
78,48,Pass,74,4,34,0.448,2,0,0.006
78,46,Pass,74,4,42,0.552,2,0,0.011
78,46,Run,74,4,1,0,0,0,0
78,44,Pass,74,4,50,0.654,2,0,0.017
78,44,Run,74,4,1,0,0,0,0
78,42,Pass,74,4,63,0.759,2,0,0.018
78,42,Run,74,4,1,0,0,0,0
78,40,Pass,74,4,69,0.852,2,0,0.013
78,40,Run,74,4,1,0,0,0,0
78,38,Pass,74,4,86,0.929,2,0,0.007
78,38,Run,74,4,1,0,0,0,0
78,36,Pass,74,4,93,1.033,2,0,0.003
78,36,Run,74,4,1,0.001,0,0,0
78,34,Pass,74,4,110,1.243,2,0,0.001
78,34,Run,74,4,3,0,0,0,0
78,32,Pass,74,4,127,1.621,1,0,0
78,32,Run,74,4,2,0,0,0,0
78,30,Pass,74,4,133,2.213,1,0,0
78,30,Run,74,4,2,0,0,0,0
78,28,Pass,74,4,133,3.033,0,0,0
78,28,Run,74,4,2,0,0,0,0
78,26,Pass,74,4,149,3.961,0,0,0
78,26,Run,74,4,2,0,0,0,0
78,24,Pass,74,4,163,4.764,0,0,0
78,24,Run,74,4,3,0.001,0,0,0
78,22,Pass,74,4,167,5.294,0,0,0
78,22,Run,74,4,2,0.001,0,0,0
78,20,Pass,74,4,177,5.555,0,0,0
78,20,Run,74,4,2,0.001,0,0,0.001
78,18,Pass,74,4,195,5.719,0,0,0
78,18,Run,74,4,2,0.001,0,0,0.004
78,16,Pass,74,4,214,6.056,0,0,0
78,16,Run,74,4,2,0.001,0,0,0.011
78,14,Pass,74,4,229,6.535,0,0,0
78,14,Run,74,4,2,0,0,0,0.018
78,12,Pass,74,4,225,6.803,0,0,0
78,12,Run,74,4,2,0,0,0,0.021
78,10,Pass,74,4,224,6.857,0,0,0
78,10,Run,74,4,2,0,0,0,0.022
78,8,Pass,74,4,211,7.013,0,0,0
78,8,Run,74,4,3,0,0,0,0.022
78,6,Pass,74,4,196,7.063,0,0,0
78,6,Run,74,4,2,0,0,0,0.021
78,4,Pass,74,4,181,6.325,0,0,0
78,4,Run,74,4,1,0,0,0,0.022
78,2,Pass,74,4,162,4.644,0,0,0
78,2,Run,74,4,1,0,0,0,0.022
78,0,Pass,74,4,140,2.683,0,0,0
76,78,Pass,74,4,2,0,0,0,0
76,76,Pass,74,4,3,0,0,0,0
76,74,Pass,74,4,3,0,0,0,0
76,72,Pass,74,4,3,0.001,0,0,0
76,70,Pass,74,4,4,0.004,0,0,0
76,68,Pass,74,4,4,0.01,0,0,0
76,66,Pass,74,4,2,0.02,0,0,0
76,64,Pass,74,4,2,0.026,0,0,0
76,62,Pass,74,4,3,0.024,0,0,0
76,60,Pass,74,4,5,0.017,0,0,0
76,58,Pass,74,4,6,0.013,0,0,0
76,56,Pass,74,4,8,0.02,0,0,0
76,54,Pass,74,4,18,0.049,2,0,0.001
76,52,Pass,74,4,23,0.108,2,0,0.002
76,50,Pass,74,4,27,0.199,2,0,0.007
76,48,Pass,74,4,36,0.321,2,0,0.015
76,48,Run,74,4,1,0,0,0,0
76,46,Pass,74,4,46,0.478,2,0,0.025
76,46,Run,74,4,1,0,0,0,0
76,44,Pass,74,4,50,0.661,2,0.001,0.031
76,44,Run,74,4,1,0,0,0,0
76,42,Pass,74,4,63,0.822,2,0.001,0.031
76,42,Run,74,4,1,0,0,0,0
76,40,Pass,74,4,73,0.896,2,0.001,0.024
76,40,Run,74,4,1,0,0,0,0
76,38,Pass,74,4,83,0.895,2,0,0.014
76,38,Run,74,4,1,0.001,0,0,0
76,36,Pass,74,4,95,0.919,2,0,0.006
76,36,Run,74,4,1,0.001,0,0,0
76,34,Pass,74,4,107,1.068,1,0,0.001
76,34,Run,74,4,2,0.001,0,0,0
76,32,Pass,74,4,124,1.38,1,0,0
76,32,Run,74,4,2,0.001,0,0,0
76,30,Pass,74,4,131,1.886,1,0,0
76,30,Run,74,4,2,0,0,0,0
76,28,Pass,74,4,131,2.62,0,0,0
76,28,Run,74,4,2,0,0,0,0
76,26,Pass,74,4,139,3.504,0,0,0
76,26,Run,74,4,2,0,0,0,0
76,24,Pass,74,4,154,4.326,0,0,0
76,24,Run,74,4,3,0.001,0,0,0
76,22,Pass,74,4,168,4.911,0,0,0
76,22,Run,74,4,2,0.001,0,0,0
76,20,Pass,74,4,181,5.186,0,0,0
76,20,Run,74,4,2,0.001,0,0,0
76,18,Pass,74,4,193,5.237,0,0,0
76,18,Run,74,4,2,0.001,0,0,0.002
76,16,Pass,74,4,216,5.346,0,0,0
76,16,Run,74,4,2,0,0,0,0.006
76,14,Pass,74,4,224,5.636,0,0,0
76,14,Run,74,4,2,0,0,0,0.013
76,12,Pass,74,4,226,5.919,0,0,0
76,12,Run,74,4,2,0,0,0,0.019
76,10,Pass,74,4,222,6.183,0,0,0
76,10,Run,74,4,2,0,0,0,0.021
76,8,Pass,74,4,213,6.533,0,0,0
76,8,Run,74,4,2,0,0,0,0.022
76,6,Pass,74,4,192,6.568,0,0,0
76,6,Run,74,4,1,0,0,0,0.022
76,4,Pass,74,4,170,5.695,0,0,0
76,4,Run,74,4,1,0,0,0,0.022
76,2,Pass,74,4,157,4.004,0,0,0
76,0,Pass,74,4,138,2.224,0,0,0
74,80,Pass,74,4,1,0,0,0,0
74,78,Pass,74,4,1,0,0,0,0
74,76,Pass,74,4,2,0,0,0,0
74,74,Pass,74,4,2,0.001,0,0,0
74,72,Pass,74,4,2,0.001,0,0,0
74,70,Pass,74,4,2,0.003,0,0,0
74,68,Pass,74,4,3,0.008,0,0,0
74,66,Pass,74,4,3,0.015,0,0,0
74,64,Pass,74,4,3,0.02,0,0,0
74,62,Pass,74,4,2,0.018,0,0,0
74,60,Pass,74,4,4,0.012,0,0,0
74,58,Pass,74,4,6,0.007,0,0,0
74,56,Pass,74,4,6,0.008,0,0,0
74,54,Pass,74,4,15,0.019,1,0,0.002
74,52,Pass,74,4,21,0.047,2,0,0.007
74,50,Pass,74,4,29,0.106,2,0,0.016
74,48,Pass,74,4,38,0.218,2,0,0.028
74,48,Run,74,4,1,0,0,0,0
74,46,Pass,74,4,43,0.413,2,0,0.037
74,46,Run,74,4,1,0,0,0,0
74,44,Pass,74,4,50,0.673,2,0.001,0.04
74,44,Run,74,4,1,0,0,0,0
74,42,Pass,74,4,59,0.887,2,0.001,0.037
74,42,Run,74,4,1,0,0,0,0
74,40,Pass,74,4,69,0.943,2,0.001,0.03
74,40,Run,74,4,1,0.001,0,0,0
74,38,Pass,74,4,79,0.871,2,0.001,0.019
74,38,Run,74,4,1,0.001,0,0,0
74,36,Pass,74,4,91,0.808,1,0,0.009
74,36,Run,74,4,1,0.002,0,0,0
74,34,Pass,74,4,103,0.852,1,0,0.002
74,34,Run,74,4,1,0.002,0,0,0
74,32,Pass,74,4,111,1.022,1,0,0
74,32,Run,74,4,2,0.001,0,0,0
74,30,Pass,74,4,127,1.369,1,0,0
74,30,Run,74,4,2,0,0,0,0
74,28,Pass,74,4,129,1.977,0,0,0
74,28,Run,74,4,2,0,0,0,0
74,26,Pass,74,4,133,2.795,0,0,0
74,26,Run,74,4,2,0,0,0,0
74,24,Pass,74,4,144,3.591,0,0,0
74,24,Run,74,4,2,0,0,0,0
74,22,Pass,74,4,156,4.15,0,0,0
74,22,Run,74,4,2,0.001,0,0,0
74,20,Pass,74,4,175,4.393,0,0,0
74,20,Run,74,4,2,0.001,0,0,0
74,18,Pass,74,4,188,4.386,0,0,0
74,18,Run,74,4,2,0,0,0,0.001
74,16,Pass,74,4,204,4.37,0,0,0
74,16,Run,74,4,2,0,0,0,0.002
74,14,Pass,74,4,218,4.531,0,0,0
74,14,Run,74,4,2,0,0,0,0.007
74,12,Pass,74,4,219,4.816,0,0,0
74,12,Run,74,4,2,0,0,0,0.014
74,10,Pass,74,4,214,5.216,0,0,0
74,10,Run,74,4,2,0,0,0,0.019
74,8,Pass,74,4,206,5.682,0,0,0
74,8,Run,74,4,2,0,0,0,0.022
74,6,Pass,74,4,188,5.74,0,0,0
74,6,Run,74,4,1,0,0,0,0.022
74,4,Pass,74,4,165,4.901,0,0,0
74,4,Run,74,4,1,0,0,0,0.022
74,2,Pass,74,4,155,3.368,0,0,0
74,0,Pass,74,4,136,1.836,0,0,0
72,80,Pass,74,4,1,0,0,0,0
72,78,Pass,74,4,1,0.001,0,0,0
72,76,Pass,74,4,2,0.002,0,0,0
72,74,Pass,74,4,2,0.003,0,0,0
72,72,Pass,74,4,2,0.003,0,0,0
72,70,Pass,74,4,2,0.004,0,0,0
72,68,Pass,74,4,3,0.005,0,0,0
72,66,Pass,74,4,3,0.008,0,0,0
72,64,Pass,74,4,3,0.011,0,0,0
72,62,Pass,74,4,3,0.01,0,0,0
72,60,Pass,74,4,3,0.006,0,0,0
72,58,Pass,74,4,4,0.003,0,0,0
72,56,Pass,74,4,6,0.003,0,0,0
72,54,Pass,74,4,12,0.006,1,0,0.007
72,52,Pass,74,4,21,0.018,1,0,0.016
72,50,Pass,74,4,29,0.055,2,0,0.029
72,48,Pass,74,4,33,0.15,2,0,0.037
72,48,Run,74,4,1,0,0,0,0
72,46,Pass,74,4,42,0.349,2,0,0.04
72,46,Run,74,4,1,0,0,0,0
72,44,Pass,74,4,53,0.638,2,0.001,0.039
72,44,Run,74,4,1,0,0,0,0
72,42,Pass,74,4,59,0.883,2,0.001,0.034
72,42,Run,74,4,1,0,0,0,0
72,40,Pass,74,4,71,0.944,2,0.001,0.027
72,40,Run,74,4,1,0.001,0,0,0
72,38,Pass,74,4,77,0.848,1,0,0.018
72,38,Run,74,4,1,0.001,0,0,0
72,36,Pass,74,4,86,0.747,1,0,0.008
72,36,Run,74,4,1,0.002,0,0,0
72,34,Pass,74,4,92,0.727,1,0,0.003
72,34,Run,74,4,1,0.002,0,0,0
72,32,Pass,74,4,106,0.788,1,0,0
72,32,Run,74,4,2,0.001,0,0,0
72,30,Pass,74,4,119,0.984,1,0,0
72,30,Run,74,4,2,0,0,0,0
72,28,Pass,74,4,121,1.441,0,0,0
72,28,Run,74,4,2,0,0,0,0
72,26,Pass,74,4,130,2.154,0,0,0
72,26,Run,74,4,2,0,0,0,0
72,24,Pass,74,4,138,2.884,0,0,0
72,24,Run,74,4,2,0,0,0,0
72,22,Pass,74,4,155,3.392,0,0,0
72,22,Run,74,4,1,0,0,0,0
72,20,Pass,74,4,163,3.619,0,0,0
72,20,Run,74,4,2,0,0,0,0
72,18,Pass,74,4,172,3.64,0,0,0
72,18,Run,74,4,2,0,0,0,0
72,16,Pass,74,4,193,3.634,0,0,0
72,16,Run,74,4,2,0,0,0,0.001
72,14,Pass,74,4,199,3.77,0,0,0
72,14,Run,74,4,2,0,0,0,0.003
72,12,Pass,74,4,205,4.067,0,0,0
72,12,Run,74,4,2,0,0,0,0.008
72,10,Pass,74,4,198,4.517,0,0,0
72,10,Run,74,4,2,0,0,0,0.015
72,8,Pass,74,4,192,5.042,0,0,0
72,8,Run,74,4,1,0,0,0,0.022
72,6,Pass,74,4,171,5.208,0,0,0
72,4,Pass,74,4,161,4.553,0,0,0
72,2,Pass,74,4,149,3.213,0,0,0
72,0,Pass,74,4,129,1.807,0,0,0
70,80,Pass,74,4,1,0.001,0,0,0
70,78,Pass,74,4,1,0.002,0,0,0
70,76,Pass,74,4,1,0.005,0,0,0
70,74,Pass,74,4,2,0.008,0,0,0
70,72,Pass,74,4,2,0.009,0,0,0
70,70,Pass,74,4,2,0.008,0,0,0
70,68,Pass,74,4,2,0.005,0,0,0
70,66,Pass,74,4,3,0.004,0,0,0
70,64,Pass,74,4,3,0.004,0,0,0
70,62,Pass,74,4,3,0.004,0,0,0
70,60,Pass,74,4,3,0.002,0,0,0
70,58,Pass,74,4,3,0.001,0,0,0
70,56,Pass,74,4,5,0.001,0,0,0
70,54,Pass,74,4,10,0.002,1,0,0.014
70,52,Pass,74,4,17,0.007,1,0,0.027
70,50,Pass,74,4,24,0.029,1,0,0.034
70,48,Pass,74,4,33,0.1,1,0,0.036
70,48,Run,74,4,1,0,0,0,0
70,46,Pass,74,4,40,0.267,1,0,0.034
70,46,Run,74,4,1,0,0,0,0
70,44,Pass,74,4,51,0.53,1,0,0.03
70,44,Run,74,4,1,0,0,0,0
70,42,Pass,74,4,54,0.783,1,0.001,0.025
70,42,Run,74,4,1,0,0,0,0
70,40,Pass,74,4,60,0.894,1,0.001,0.018
70,40,Run,74,4,1,0.001,0,0,0
70,38,Pass,74,4,69,0.861,1,0,0.011
70,38,Run,74,4,1,0.001,0,0,0
70,36,Pass,74,4,79,0.811,1,0,0.005
70,36,Run,74,4,1,0.001,0,0,0
70,34,Pass,74,4,86,0.814,1,0,0.001
70,34,Run,74,4,1,0.001,0,0,0
70,32,Pass,74,4,98,0.836,1,0,0
70,32,Run,74,4,2,0.001,0,0,0
70,30,Pass,74,4,115,0.898,1,0,0
70,30,Run,74,4,2,0,0,0,0
70,28,Pass,74,4,114,1.152,0,0,0
70,28,Run,74,4,2,0,0,0,0
70,26,Pass,74,4,119,1.672,0,0,0
70,26,Run,74,4,2,0,0,0,0
70,24,Pass,74,4,124,2.286,0,0,0
70,24,Run,74,4,2,0,0,0,0
70,22,Pass,74,4,137,2.759,0,0,0
70,22,Run,74,4,1,0,0,0,0
70,20,Pass,74,4,147,3.023,0,0,0
70,20,Run,74,4,1,0,0,0,0
70,18,Pass,74,4,157,3.119,0,0,0
70,18,Run,74,4,1,0,0,0,0
70,16,Pass,74,4,182,3.172,0,0,0
70,16,Run,74,4,1,0,0,0,0
70,14,Pass,74,4,188,3.337,0,0,0
70,14,Run,74,4,2,0,0,0,0.001
70,12,Pass,74,4,192,3.686,0,0,0
70,12,Run,74,4,2,0,0,0,0.004
70,10,Pass,74,4,189,4.236,0,0,0
70,10,Run,74,4,1,0,0,0,0
70,8,Pass,74,4,174,4.929,0,0,0
70,6,Pass,74,4,163,5.361,0,0,0
70,4,Pass,74,4,148,4.975,0,0,0
70,2,Pass,74,4,135,3.743,0,0,0
70,0,Pass,74,4,119,2.245,0,0,0
68,80,Pass,74,4,1,0.002,0,0,0
68,78,Pass,74,4,1,0.005,0,0,0
68,76,Pass,74,4,1,0.012,0,0,0
68,74,Pass,74,4,1,0.019,0,0,0
68,72,Pass,74,4,2,0.021,0,0,0
68,70,Pass,74,4,2,0.017,0,0,0
68,68,Pass,74,4,2,0.009,0,0,0
68,66,Pass,74,4,2,0.004,0,0,0
68,64,Pass,74,4,3,0.002,0,0,0
68,62,Pass,74,4,3,0.001,0,0,0
68,60,Pass,74,4,4,0.001,0,0,0
68,58,Pass,74,4,3,0,0,0,0
68,56,Pass,74,4,3,0,0,0,0
68,54,Pass,74,4,8,0,1,0,0.023
68,52,Pass,74,4,14,0.003,1,0,0.028
68,50,Pass,74,4,24,0.016,1,0,0.028
68,48,Pass,74,4,31,0.062,1,0,0.026
68,46,Pass,74,4,33,0.183,1,0,0.022
68,46,Run,74,4,1,0,0,0,0
68,44,Pass,74,4,46,0.399,1,0,0.018
68,44,Run,74,4,1,0,0,0,0
68,42,Pass,74,4,51,0.653,1,0,0.013
68,42,Run,74,4,1,0,0,0,0
68,40,Pass,74,4,56,0.842,1,0,0.009
68,40,Run,74,4,1,0,0,0,0
68,38,Pass,74,4,63,0.932,1,0,0.005
68,38,Run,74,4,1,0.001,0,0,0
68,36,Pass,74,4,75,0.996,1,0,0.002
68,36,Run,74,4,1,0.001,0,0,0
68,34,Pass,74,4,75,1.077,1,0,0
68,34,Run,74,4,1,0.001,0,0,0
68,32,Pass,74,4,86,1.106,1,0,0
68,32,Run,74,4,1,0,0,0,0
68,30,Pass,74,4,97,1.051,1,0,0
68,30,Run,74,4,2,0,0,0,0
68,28,Pass,74,4,106,1.064,0,0,0
68,28,Run,74,4,2,0,0,0,0
68,26,Pass,74,4,113,1.323,0,0,0
68,26,Run,74,4,2,0,0,0,0
68,24,Pass,74,4,115,1.777,0,0,0
68,24,Run,74,4,2,0,0,0,0
68,22,Pass,74,4,123,2.216,0,0,0
68,22,Run,74,4,1,0,0,0,0
68,20,Pass,74,4,123,2.505,0,0,0
68,20,Run,74,4,1,0,0,0,0
68,18,Pass,74,4,147,2.627,0,0,0
68,18,Run,74,4,1,0,0,0,0
68,16,Pass,74,4,160,2.675,0,0,0
68,16,Run,74,4,1,0,0,0,0
68,14,Pass,74,4,177,2.83,0,0,0
68,14,Run,74,4,1,0,0,0,0
68,12,Pass,74,4,180,3.238,0,0,0
68,12,Run,74,4,1,0,0,0,0
68,10,Pass,74,4,172,3.98,0,0,0
68,8,Pass,74,4,163,5.003,0,0,0
68,6,Pass,74,4,160,5.837,0,0,0
68,4,Pass,74,4,140,5.766,0,0,0
68,2,Pass,74,4,130,4.597,0,0,0
68,0,Pass,74,4,114,2.908,0,0,0
66,80,Pass,74,4,1,0.003,0,0,0
66,78,Pass,74,4,1,0.009,0,0,0
66,76,Pass,74,4,1,0.02,0,0,0
66,74,Pass,74,4,1,0.031,0,0,0
66,72,Pass,74,4,1,0.035,0,0,0
66,70,Pass,74,4,2,0.027,0,0,0
66,68,Pass,74,4,2,0.015,0,0,0
66,66,Pass,74,4,2,0.006,0,0,0
66,64,Pass,74,4,2,0.002,0,0,0
66,62,Pass,74,4,2,0,0,0,0
66,60,Pass,74,4,3,0,0,0,0
66,58,Pass,74,4,3,0,0,0,0
66,56,Pass,74,4,3,0,0,0,0
66,54,Pass,74,4,2,0,0,0,0
66,52,Pass,74,4,13,0.001,1,0,0.021
66,50,Pass,74,4,21,0.009,1,0,0.015
66,48,Pass,74,4,27,0.041,1,0,0.012
66,46,Pass,74,4,32,0.132,1,0,0.009
66,46,Run,74,4,1,0,0,0,0
66,44,Pass,74,4,41,0.317,1,0,0.007
66,44,Run,74,4,1,0,0,0,0
66,42,Pass,74,4,48,0.58,1,0,0.005
66,42,Run,74,4,1,0,0,0,0
66,40,Pass,74,4,50,0.835,1,0,0.003
66,40,Run,74,4,1,0,0,0,0
66,38,Pass,74,4,54,1.019,1,0,0.001
66,38,Run,74,4,1,0,0,0,0
66,36,Pass,74,4,59,1.163,1,0,0
66,36,Run,74,4,1,0,0,0,0
66,34,Pass,74,4,68,1.303,1,0,0
66,34,Run,74,4,1,0,0,0,0
66,32,Pass,74,4,75,1.353,1,0,0
66,32,Run,74,4,1,0,0,0,0
66,30,Pass,74,4,87,1.227,0,0,0
66,30,Run,74,4,1,0,0,0,0
66,28,Pass,74,4,89,1.052,0,0,0
66,28,Run,74,4,2,0,0,0,0
66,26,Pass,74,4,96,1.085,0,0,0
66,26,Run,74,4,2,0,0,0,0
66,24,Pass,74,4,103,1.387,0,0,0
66,24,Run,74,4,2,0,0,0,0
66,22,Pass,74,4,106,1.774,0,0,0
66,22,Run,74,4,1,0,0,0,0
66,20,Pass,74,4,112,2.04,0,0,0
66,20,Run,74,4,1,0,0,0,0
66,18,Pass,74,4,126,2.12,0,0,0
66,18,Run,74,4,1,0,0,0,0
66,16,Pass,74,4,145,2.099,0,0,0
66,16,Run,74,4,1,0,0,0,0
66,14,Pass,74,4,154,2.171,0,0,0
66,14,Run,74,4,1,0,0,0,0
66,12,Pass,74,4,159,2.552,0,0,0
66,10,Pass,74,4,155,3.419,0,0,0
66,8,Pass,74,4,152,4.724,0,0,0
66,6,Pass,74,4,145,5.913,0,0,0
66,4,Pass,74,4,135,6.141,0,0,0
66,2,Pass,74,4,118,5.099,0,0,0
66,0,Pass,74,4,104,3.344,0,0,0
64,80,Pass,74,4,1,0.003,0,0,0
64,78,Pass,74,4,1,0.01,0,0,0
64,76,Pass,74,4,1,0.022,0,0,0
64,74,Pass,74,4,1,0.035,0,0,0
64,72,Pass,74,4,1,0.04,0,0,0
64,70,Pass,74,4,1,0.031,0,0,0
64,68,Pass,74,4,2,0.017,0,0,0
64,66,Pass,74,4,2,0.006,0,0,0
64,64,Pass,74,4,2,0.002,0,0,0
64,62,Pass,74,4,2,0,0,0,0
64,60,Pass,74,4,2,0,0,0,0
64,56,Pass,74,4,1,0,0,0,0
64,54,Pass,74,4,3,0,0,0,0
64,52,Pass,74,4,12,0.001,0,0,0
64,50,Pass,74,4,19,0.008,1,0,0.004
64,48,Pass,74,4,24,0.036,1,0,0.003
64,46,Pass,74,4,29,0.124,1,0,0.002
64,44,Pass,74,4,34,0.316,1,0,0.001
64,44,Run,74,4,1,0,0,0,0
64,42,Pass,74,4,39,0.601,1,0,0.001
64,42,Run,74,4,1,0,0,0,0
64,40,Pass,74,4,44,0.884,1,0,0.001
64,40,Run,74,4,1,0,0,0,0
64,38,Pass,74,4,47,1.072,1,0,0
64,38,Run,74,4,1,0,0,0,0
64,36,Pass,74,4,50,1.188,1,0,0
64,36,Run,74,4,1,0,0,0,0
64,34,Pass,74,4,57,1.297,1,0,0
64,34,Run,74,4,1,0,0,0,0
64,32,Pass,74,4,59,1.338,0,0,0
64,32,Run,74,4,1,0,0,0,0
64,30,Pass,74,4,67,1.201,0,0,0
64,30,Run,74,4,1,0,0,0,0
64,28,Pass,74,4,74,0.965,0,0,0
64,28,Run,74,4,1,0,0,0,0
64,26,Pass,74,4,73,0.885,0,0,0
64,26,Run,74,4,1,0,0,0,0
64,24,Pass,74,4,76,1.084,0,0,0
64,22,Pass,74,4,81,1.414,0,0,0
64,22,Run,74,4,1,0,0,0,0
64,20,Pass,74,4,84,1.655,0,0,0
64,20,Run,74,4,1,0,0,0,0
64,18,Pass,74,4,99,1.725,0,0,0
64,16,Pass,74,4,117,1.679,0,0,0
64,14,Pass,74,4,134,1.653,0,0,0
64,12,Pass,74,4,138,1.896,0,0,0
64,10,Pass,74,4,138,2.692,0,0,0
64,8,Pass,74,4,138,4.038,0,0,0
64,6,Pass,74,4,128,5.35,0,0,0
64,4,Pass,74,4,121,5.757,0,0,0
64,2,Pass,74,4,109,4.91,0,0,0
64,0,Pass,74,4,95,3.298,0,0,0
62,80,Pass,74,4,1,0.002,0,0,0
62,78,Pass,74,4,1,0.008,0,0,0
62,76,Pass,74,4,1,0.018,0,0,0
62,74,Pass,74,4,1,0.028,0,0,0
62,72,Pass,74,4,1,0.031,0,0,0
62,70,Pass,74,4,1,0.024,0,0,0
62,68,Pass,74,4,1,0.013,0,0,0
62,66,Pass,74,4,1,0.005,0,0,0
62,64,Pass,74,4,1,0.001,0,0,0
62,62,Pass,74,4,1,0,0,0,0
62,60,Pass,74,4,1,0,0,0,0
62,54,Pass,74,4,3,0,0,0,0
62,52,Pass,74,4,9,0.001,0,0,0
62,50,Pass,74,4,18,0.008,0,0,0
62,48,Pass,74,4,22,0.041,1,0,0
62,46,Pass,74,4,25,0.144,1,0,0
62,44,Pass,74,4,28,0.366,1,0,0
62,42,Pass,74,4,33,0.684,1,0,0
62,42,Run,74,4,1,0,0,0,0
62,40,Pass,74,4,35,0.966,1,0,0
62,40,Run,74,4,1,0,0,0,0
62,38,Pass,74,4,37,1.088,1,0,0
62,38,Run,74,4,1,0,0,0,0
62,36,Pass,74,4,42,1.084,1,0,0
62,36,Run,74,4,1,0,0,0,0
62,34,Pass,74,4,46,1.067,0,0,0
62,34,Run,74,4,1,0,0,0,0
62,32,Pass,74,4,52,1.042,0,0,0
62,32,Run,74,4,1,0,0,0,0
62,30,Pass,74,4,51,0.92,0,0,0
62,30,Run,74,4,1,0,0,0,0
62,28,Pass,74,4,58,0.725,0,0,0
62,28,Run,74,4,1,0,0,0,0
62,26,Pass,74,4,60,0.639,0,0,0
62,24,Pass,74,4,61,0.776,0,0,0
62,22,Pass,74,4,66,1.046,0,0,0
62,20,Pass,74,4,70,1.295,0,0,0
62,18,Pass,74,4,83,1.449,0,0,0
62,16,Pass,74,4,102,1.48,0,0,0
62,14,Pass,74,4,110,1.416,0,0,0
62,12,Pass,74,4,122,1.507,0,0,0
62,10,Pass,74,4,122,2.135,0,0,0
62,8,Pass,74,4,124,3.36,0,0,0
62,6,Pass,74,4,120,4.604,0,0,0
62,4,Pass,74,4,114,5.031,0,0,0
62,2,Pass,74,4,104,4.328,0,0,0
62,0,Pass,74,4,90,2.932,0,0,0
60,80,Pass,74,4,1,0.001,0,0,0
60,78,Pass,74,4,1,0.004,0,0,0
60,76,Pass,74,4,1,0.01,0,0,0
60,74,Pass,74,4,1,0.015,0,0,0
60,72,Pass,74,4,1,0.017,0,0,0
60,70,Pass,74,4,1,0.013,0,0,0
60,68,Pass,74,4,1,0.007,0,0,0
60,66,Pass,74,4,1,0.003,0,0,0
60,64,Pass,74,4,1,0.001,0,0,0
60,62,Pass,74,4,1,0,0,0,0
60,60,Pass,74,4,1,0,0,0,0
60,54,Pass,74,4,3,0,0,0,0
60,52,Pass,74,4,7,0.001,0,0,0
60,50,Pass,74,4,13,0.009,0,0,0
60,48,Pass,74,4,19,0.045,0,0,0
60,46,Pass,74,4,21,0.156,0,0,0
60,44,Pass,74,4,23,0.395,0,0,0
60,42,Pass,74,4,27,0.728,0,0,0
60,40,Pass,74,4,31,0.995,0,0,0
60,38,Pass,74,4,32,1.047,0,0,0
60,38,Run,74,4,1,0,0,0,0
60,36,Pass,74,4,33,0.918,0,0,0
60,36,Run,74,4,1,0,0,0,0
60,34,Pass,74,4,34,0.762,0,0,0
60,34,Run,74,4,1,0,0,0,0
60,32,Pass,74,4,38,0.65,0,0,0
60,32,Run,74,4,1,0,0,0,0
60,30,Pass,74,4,41,0.539,0,0,0
60,28,Pass,74,4,44,0.417,0,0,0
60,26,Pass,74,4,49,0.367,0,0,0
60,24,Pass,74,4,49,0.458,0,0,0
60,22,Pass,74,4,54,0.661,0,0,0
60,20,Pass,74,4,54,0.919,0,0,0
60,18,Pass,74,4,66,1.176,0,0,0
60,16,Pass,74,4,82,1.319,0,0,0
60,14,Pass,74,4,96,1.281,0,0,0
60,12,Pass,74,4,105,1.306,0,0,0
60,10,Pass,74,4,112,1.836,0,0,0
60,8,Pass,74,4,113,2.971,0,0,0
60,6,Pass,74,4,112,4.122,0,0,0
60,4,Pass,74,4,103,4.48,0,0,0
60,2,Pass,74,4,90,3.801,0,0,0
60,0,Pass,74,4,83,2.54,0,0,0
58,80,Pass,74,4,1,0,0,0,0
58,78,Pass,74,4,1,0.002,0,0,0
58,76,Pass,74,4,1,0.004,0,0,0
58,74,Pass,74,4,1,0.006,0,0,0
58,72,Pass,74,4,1,0.007,0,0,0
58,70,Pass,74,4,1,0.005,0,0,0
58,68,Pass,74,4,1,0.003,0,0,0
58,66,Pass,74,4,1,0.001,0,0,0
58,64,Pass,74,4,1,0,0,0,0
58,62,Pass,74,4,1,0,0,0,0
58,58,Pass,74,4,1,0,0,0,0
58,56,Pass,74,4,1,0,0,0,0
58,54,Pass,74,4,3,0,0,0,0
58,52,Pass,74,4,7,0.001,0,0,0
58,50,Pass,74,4,11,0.008,0,0,0
58,48,Pass,74,4,16,0.039,0,0,0
58,46,Pass,74,4,17,0.137,0,0,0
58,44,Pass,74,4,21,0.351,0,0,0
58,42,Pass,74,4,24,0.654,0,0,0
58,40,Pass,74,4,26,0.894,0,0,0
58,38,Pass,74,4,29,0.915,0,0,0
58,36,Pass,74,4,27,0.734,0,0,0
58,34,Pass,74,4,29,0.506,0,0,0
58,32,Pass,74,4,32,0.344,0,0,0
58,30,Pass,74,4,36,0.246,0,0,0
58,28,Pass,74,4,36,0.181,0,0,0
58,26,Pass,74,4,37,0.16,0,0,0
58,24,Pass,74,4,40,0.213,0,0,0
58,22,Pass,74,4,43,0.351,0,0,0
58,20,Pass,74,4,42,0.577,0,0,0
58,18,Pass,74,4,51,0.857,0,0,0
58,16,Pass,74,4,65,1.045,0,0,0
58,14,Pass,74,4,81,1.052,0,0,0
58,12,Pass,74,4,93,1.096,0,0,0
58,10,Pass,74,4,102,1.613,0,0,0
58,8,Pass,74,4,99,2.7,0,0,0
58,6,Pass,74,4,95,3.79,0,0,0
58,4,Pass,74,4,88,4.105,0,0,0
58,2,Pass,74,4,79,3.441,0,0,0
58,0,Pass,74,4,71,2.265,0,0,0
56,80,Pass,74,4,1,0,0,0,0
56,78,Pass,74,4,1,0,0,0,0
56,76,Pass,74,4,1,0.001,0,0,0
56,74,Pass,74,4,1,0.002,0,0,0
56,72,Pass,74,4,1,0.002,0,0,0
56,70,Pass,74,4,1,0.001,0,0,0
56,68,Pass,74,4,1,0.001,0,0,0
56,66,Pass,74,4,1,0,0,0,0
56,64,Pass,74,4,1,0,0,0,0
56,62,Pass,74,4,1,0,0,0,0
56,60,Pass,74,4,1,0,0,0,0
56,58,Pass,74,4,1,0,0,0,0
56,56,Pass,74,4,2,0,0,0,0
56,54,Pass,74,4,3,0,0,0,0
56,52,Pass,74,4,5,0.001,0,0,0
56,50,Pass,74,4,9,0.005,0,0,0
56,48,Pass,74,4,14,0.026,0,0,0
56,46,Pass,74,4,17,0.095,0,0,0
56,44,Pass,74,4,17,0.252,0,0,0
56,42,Pass,74,4,19,0.487,0,0,0
56,40,Pass,74,4,22,0.688,0,0,0
56,38,Pass,74,4,23,0.712,0,0,0
56,36,Pass,74,4,25,0.55,0,0,0
56,34,Pass,74,4,28,0.331,0,0,0
56,32,Pass,74,4,27,0.174,0,0,0
56,30,Pass,74,4,30,0.094,0,0,0
56,28,Pass,74,4,29,0.06,0,0,0
56,26,Pass,74,4,29,0.054,0,0,0
56,24,Pass,74,4,30,0.083,0,0,0
56,22,Pass,74,4,32,0.166,0,0,0
56,20,Pass,74,4,30,0.326,0,0,0
56,18,Pass,74,4,39,0.538,0,0,0
56,16,Pass,74,4,51,0.692,0,0,0
56,14,Pass,74,4,69,0.721,0,0,0
56,12,Pass,74,4,80,0.803,0,0,0
56,10,Pass,74,4,85,1.285,0,0,0
56,8,Pass,74,4,82,2.258,0,0,0
56,6,Pass,74,4,78,3.265,0,0,0
56,4,Pass,74,4,72,3.634,0,0,0
56,2,Pass,74,4,67,3.127,0,0,0
56,0,Pass,74,4,62,2.101,0,0,0
54,80,Pass,74,4,1,0,0,0,0
54,78,Pass,74,4,1,0,0,0,0
54,76,Pass,74,4,1,0,0,0,0
54,74,Pass,74,4,1,0,0,0,0
54,72,Pass,74,4,1,0,0,0,0
54,70,Pass,74,4,1,0,0,0,0
54,68,Pass,74,4,1,0,0,0,0
54,66,Pass,74,4,1,0,0,0,0
54,64,Pass,74,4,1,0,0,0,0
54,62,Pass,74,4,1,0,0,0,0
54,60,Pass,74,4,1,0,0,0,0
54,58,Pass,74,4,1,0,0,0,0
54,56,Pass,74,4,1,0,0,0,0
54,54,Pass,74,4,3,0,0,0,0
54,52,Pass,74,4,4,0,0,0,0
54,50,Pass,74,4,8,0.003,0,0,0
54,48,Pass,74,4,9,0.014,0,0,0
54,46,Pass,74,4,13,0.053,0,0,0
54,44,Pass,74,4,17,0.15,0,0,0
54,42,Pass,74,4,18,0.306,0,0,0
54,40,Pass,74,4,17,0.452,0,0,0
54,38,Pass,74,4,20,0.483,0,0,0
54,36,Pass,74,4,21,0.372,0,0,0
54,34,Pass,74,4,21,0.21,0,0,0
54,32,Pass,74,4,22,0.091,0,0,0
54,30,Pass,74,4,23,0.035,0,0,0
54,28,Pass,74,4,20,0.017,0,0,0.001
54,26,Pass,74,4,20,0.016,0,0,0.001
54,24,Pass,74,4,22,0.031,0,0,0.001
54,22,Pass,74,4,22,0.076,0,0,0
54,20,Pass,74,4,23,0.166,0,0,0
54,18,Pass,74,4,32,0.286,0,0,0
54,16,Pass,74,4,44,0.374,0,0,0
54,14,Pass,74,4,51,0.401,0,0,0
54,12,Pass,74,4,62,0.49,0,0,0
54,10,Pass,74,4,65,0.873,0,0,0
54,8,Pass,74,4,68,1.639,0,0,0
54,6,Pass,74,4,68,2.511,0,0,0
54,4,Pass,74,4,61,2.98,0,0,0
54,2,Pass,74,4,58,2.737,0,0,0
54,0,Pass,74,4,52,1.94,0,0,0
52,76,Pass,74,4,1,0,0,0,0
52,74,Pass,74,4,1,0,0,0,0
52,72,Pass,74,4,1,0,0,0,0
52,70,Pass,74,4,1,0,0,0,0
52,68,Pass,74,4,1,0,0,0,0
52,64,Pass,74,4,1,0,0,0,0
52,62,Pass,74,4,1,0,0,0,0
52,60,Pass,74,4,1,0,0,0,0
52,58,Pass,74,4,1,0,0,0,0
52,56,Pass,74,4,1,0,0,0,0
52,54,Pass,74,4,3,0,0,0,0
52,52,Pass,74,4,3,0,0,0,0
52,50,Pass,74,4,6,0.001,0,0,0
52,48,Pass,74,4,8,0.006,0,0,0
52,46,Pass,74,4,9,0.025,0,0,0
52,44,Pass,74,4,13,0.074,0,0,0
52,42,Pass,74,4,14,0.159,0,0,0
52,40,Pass,74,4,14,0.246,0,0,0
52,38,Pass,74,4,13,0.269,0,0,0
52,36,Pass,74,4,15,0.209,0,0,0
52,34,Pass,74,4,15,0.116,0,0,0
52,32,Pass,74,4,15,0.046,0,0,0
52,30,Pass,74,4,14,0.014,0,0,0
52,28,Pass,74,4,13,0.005,0,0,0.001
52,26,Pass,74,4,16,0.005,0,0,0.002
52,24,Pass,74,4,16,0.013,0,0,0.001
52,22,Pass,74,4,18,0.034,0,0,0.001
52,20,Pass,74,4,20,0.075,0,0,0
52,18,Pass,74,4,22,0.126,0,0,0
52,16,Pass,74,4,37,0.162,0,0,0
52,14,Pass,74,4,47,0.18,0,0,0
52,12,Pass,74,4,48,0.253,0,0,0
52,10,Pass,74,4,52,0.516,0,0,0
52,8,Pass,74,4,52,1.058,0,0,0
52,6,Pass,74,4,51,1.755,0,0,0
52,4,Pass,74,4,48,2.25,0,0,0
52,2,Pass,74,4,45,2.206,0,0,0
52,0,Pass,74,4,42,1.634,0,0,0
50,64,Pass,74,4,1,0,0,0,0
50,62,Pass,74,4,1,0,0,0,0
50,60,Pass,74,4,1,0,0,0,0
50,58,Pass,74,4,1,0,0,0,0
50,56,Pass,74,4,1,0,0,0,0
50,54,Pass,74,4,2,0,0,0,0
50,52,Pass,74,4,3,0,0,0,0
50,50,Pass,74,4,4,0,0,0,0
50,48,Pass,74,4,7,0.002,0,0,0
50,46,Pass,74,4,8,0.009,0,0,0
50,44,Pass,74,4,9,0.029,0,0,0
50,42,Pass,74,4,10,0.066,0,0,0
50,40,Pass,74,4,12,0.104,0,0,0
50,38,Pass,74,4,11,0.116,0,0,0
50,36,Pass,74,4,11,0.091,0,0,0
50,34,Pass,74,4,14,0.05,0,0,0
50,32,Pass,74,4,12,0.019,0,0,0
50,30,Pass,74,4,9,0.005,0,0,0
50,28,Pass,74,4,6,0.001,0,0,0.002
50,26,Pass,74,4,8,0.002,0,0,0.003
50,24,Pass,74,4,8,0.005,0,0,0.002
50,22,Pass,74,4,13,0.014,0,0,0.001
50,20,Pass,74,4,11,0.029,0,0,0
50,18,Pass,74,4,15,0.045,0,0,0
50,16,Pass,74,4,28,0.057,0,0,0
50,14,Pass,74,4,38,0.069,0,0,0
50,12,Pass,74,4,42,0.122,0,0,0
50,10,Pass,74,4,39,0.298,0,0,0
50,8,Pass,74,4,43,0.668,0,0,0
50,6,Pass,74,4,42,1.174,0,0,0
50,4,Pass,74,4,40,1.569,0,0,0
50,2,Pass,74,4,38,1.574,0,0,0
50,0,Pass,74,4,36,1.172,0,0,0
48,64,Pass,74,4,1,0,0,0,0
48,62,Pass,74,4,1,0,0,0,0
48,60,Pass,74,4,1,0,0,0,0
48,58,Pass,74,4,1,0,0,0,0
48,56,Pass,74,4,1,0,0,0,0
48,54,Pass,74,4,1,0,0,0,0
48,52,Pass,74,4,2,0,0,0,0
48,50,Pass,74,4,3,0,0,0,0
48,48,Pass,74,4,4,0.001,0,0,0
48,46,Pass,74,4,4,0.003,0,0,0
48,44,Pass,74,4,8,0.009,0,0,0
48,42,Pass,74,4,9,0.02,0,0,0
48,40,Pass,74,4,9,0.032,0,0,0
48,38,Pass,74,4,10,0.036,0,0,0
48,36,Pass,74,4,10,0.029,0,0,0
48,34,Pass,74,4,7,0.016,0,0,0
48,32,Pass,74,4,5,0.006,0,0,0
48,30,Pass,74,4,6,0.002,0,0,0
48,28,Pass,74,4,5,0,0,0,0.002
48,26,Pass,74,4,3,0.001,0,0,0.003
48,24,Pass,74,4,4,0.002,0,0,0.001
48,22,Pass,74,4,6,0.005,0,0,0.001
48,20,Pass,74,4,7,0.009,0,0,0
48,18,Pass,74,4,10,0.013,0,0,0
48,16,Pass,74,4,18,0.017,0,0,0
48,14,Pass,74,4,30,0.028,0,0,0
48,12,Pass,74,4,33,0.073,0,0,0
48,10,Pass,74,4,35,0.21,0,0,0
48,8,Pass,74,4,35,0.479,0,0,0
48,6,Pass,74,4,34,0.821,0,0,0
48,4,Pass,74,4,35,1.053,0,0,0
48,2,Pass,74,4,32,1.004,0,0,0
48,0,Pass,74,4,31,0.71,0,0,0
46,64,Pass,74,4,1,0,0,0,0
46,62,Pass,74,4,1,0,0,0,0
46,60,Pass,74,4,1,0,0,0,0
46,58,Pass,74,4,1,0,0,0,0
46,56,Pass,74,4,1,0,0,0,0
46,54,Pass,74,4,1,0,0,0,0
46,52,Pass,74,4,1,0,0,0,0
46,50,Pass,74,4,2,0,0,0,0
46,48,Pass,74,4,2,0,0,0,0
46,46,Pass,74,4,4,0.001,0,0,0
46,44,Pass,74,4,4,0.002,0,0,0
46,42,Pass,74,4,4,0.004,0,0,0
46,40,Pass,74,4,5,0.007,0,0,0
46,38,Pass,74,4,3,0.008,0,0,0
46,36,Pass,74,4,4,0.006,0,0,0
46,34,Pass,74,4,2,0.004,0,0,0
46,32,Pass,74,4,2,0.001,0,0,0
46,30,Pass,74,4,2,0,0,0,0
46,28,Pass,74,4,2,0,0,0,0.005
46,26,Pass,74,4,2,0,0,0,0.002
46,24,Pass,74,4,3,0,0,0,0.001
46,22,Pass,74,4,5,0.001,0,0,0
46,20,Pass,74,4,6,0.002,0,0,0
46,18,Pass,74,4,10,0.003,0,0,0
46,16,Pass,74,4,12,0.006,0,0,0
46,14,Pass,74,4,22,0.019,0,0,0
46,12,Pass,74,4,27,0.073,0,0,0
46,10,Pass,74,4,30,0.212,0,0,0
46,8,Pass,74,4,31,0.448,0,0,0
46,6,Pass,74,4,31,0.691,0,0,0
46,4,Pass,74,4,29,0.779,0,0,0
46,2,Pass,74,4,28,0.65,0,0,0
46,0,Pass,74,4,26,0.403,0,0,0
44,64,Pass,74,4,1,0,0,0,0
44,62,Pass,74,4,1,0,0,0,0
44,60,Pass,74,4,1,0,0,0,0
44,58,Pass,74,4,1,0,0,0,0
44,56,Pass,74,4,1,0,0,0,0
44,54,Pass,74,4,1,0,0,0,0
44,52,Pass,74,4,1,0,0,0,0
44,50,Pass,74,4,1,0,0,0,0
44,48,Pass,74,4,1,0,0,0,0
44,46,Pass,74,4,2,0,0,0,0
44,44,Pass,74,4,3,0,0,0,0
44,42,Pass,74,4,3,0.001,0,0,0
44,40,Pass,74,4,3,0.001,0,0,0
44,38,Pass,74,4,1,0.001,0,0,0
44,36,Pass,74,4,1,0.001,0,0,0
44,34,Pass,74,4,1,0.001,0,0,0
44,32,Pass,74,4,1,0,0,0,0
44,28,Pass,74,4,1,0,0,0,0.014
44,26,Pass,74,4,2,0,0,0,0.002
44,24,Pass,74,4,2,0,0,0,0.001
44,22,Pass,74,4,3,0,0,0,0
44,20,Pass,74,4,4,0,0,0,0
44,18,Pass,74,4,6,0.001,0,0,0
44,16,Pass,74,4,10,0.004,0,0,0
44,14,Pass,74,4,15,0.022,0,0,0
44,12,Pass,74,4,23,0.087,0,0,0
44,10,Pass,74,4,26,0.245,0,0,0
44,8,Pass,74,4,27,0.488,0,0,0
44,6,Pass,74,4,26,0.688,0,0,0
44,4,Pass,74,4,26,0.691,0,0,0
44,2,Pass,74,4,23,0.499,0,0,0
44,0,Pass,74,4,22,0.262,0,0,0
42,64,Pass,74,4,1,0,0,0,0
42,62,Pass,74,4,1,0,0,0,0
42,60,Pass,74,4,1,0,0,0,0
42,58,Pass,74,4,1,0,0,0,0
42,56,Pass,74,4,1,0,0,0,0
42,54,Pass,74,4,1,0,0,0,0
42,52,Pass,74,4,1,0,0,0,0
42,50,Pass,74,4,1,0,0,0,0
42,48,Pass,74,4,1,0,0,0,0
42,46,Pass,74,4,1,0,0,0,0
42,44,Pass,74,4,1,0,0,0,0
42,42,Pass,74,4,1,0,0,0,0
42,40,Pass,74,4,2,0,0,0,0
42,38,Pass,74,4,1,0,0,0,0
42,24,Pass,74,4,1,0,0,0,0
42,22,Pass,74,4,1,0,0,0,0
42,20,Pass,74,4,1,0,0,0,0
42,18,Pass,74,4,3,0.001,0,0,0
42,16,Pass,74,4,6,0.004,0,0,0
42,14,Pass,74,4,11,0.022,0,0,0
42,12,Pass,74,4,14,0.088,0,0,0
42,10,Pass,74,4,17,0.243,0,0,0
42,8,Pass,74,4,20,0.471,0,0,0
42,6,Pass,74,4,22,0.64,0,0,0
42,4,Pass,74,4,21,0.61,0,0,0
42,2,Pass,74,4,21,0.41,0,0,0
42,0,Pass,74,4,19,0.195,0,0,0
40,64,Pass,74,4,1,0,0,0,0
40,62,Pass,74,4,1,0,0,0,0
40,60,Pass,74,4,1,0,0,0,0
40,58,Pass,74,4,1,0,0,0,0
40,56,Pass,74,4,1,0,0,0,0
40,54,Pass,74,4,1,0,0,0,0
40,52,Pass,74,4,1,0,0,0,0
40,50,Pass,74,4,1,0,0,0,0
40,48,Pass,74,4,1,0,0,0,0
40,46,Pass,74,4,1,0,0,0,0
40,44,Pass,74,4,1,0,0,0,0
40,42,Pass,74,4,1,0,0,0,0
40,18,Pass,74,4,1,0,0,0,0
40,16,Pass,74,4,2,0.003,0,0,0
40,14,Pass,74,4,4,0.016,0,0,0
40,12,Pass,74,4,8,0.065,0,0,0
40,10,Pass,74,4,10,0.179,0,0,0
40,8,Pass,74,4,13,0.345,0,0,0
40,6,Pass,74,4,15,0.463,0,0,0
40,4,Pass,74,4,15,0.434,0,0,0
40,2,Pass,74,4,14,0.285,0,0,0
40,0,Pass,74,4,14,0.131,0,0,0
38,62,Pass,74,4,1,0,0,0,0
38,60,Pass,74,4,1,0,0,0,0
38,58,Pass,74,4,1,0,0,0,0
38,56,Pass,74,4,1,0,0,0,0
38,54,Pass,74,4,1,0,0,0,0
38,52,Pass,74,4,1,0,0,0,0
38,50,Pass,74,4,1,0,0,0,0
38,48,Pass,74,4,1,0,0,0,0
38,46,Pass,74,4,1,0,0,0,0
38,44,Pass,74,4,1,0,0,0,0
38,42,Pass,74,4,1,0,0,0,0
38,18,Pass,74,4,1,0,0,0,0
38,16,Pass,74,4,2,0.002,0,0,0
38,14,Pass,74,4,2,0.009,0,0,0
38,12,Pass,74,4,4,0.035,0,0,0
38,10,Pass,74,4,7,0.095,0,0,0
38,8,Pass,74,4,9,0.183,0,0,0
38,6,Pass,74,4,10,0.244,0,0,0
38,4,Pass,74,4,11,0.227,0,0,0
38,2,Pass,74,4,11,0.148,0,0,0
38,0,Pass,74,4,11,0.067,0,0,0
36,60,Pass,74,4,1,0,0,0,0
36,58,Pass,74,4,1,0,0,0,0
36,56,Pass,74,4,1,0,0,0,0
36,54,Pass,74,4,1,0,0,0,0
36,52,Pass,74,4,1,0,0,0,0
36,50,Pass,74,4,1,0,0,0,0
36,48,Pass,74,4,1,0,0,0,0
36,46,Pass,74,4,1,0,0,0,0
36,44,Pass,74,4,1,0,0,0,0
36,18,Pass,74,4,1,0,0,0,0
36,16,Pass,74,4,2,0.001,0,0,0
36,14,Pass,74,4,2,0.004,0,0,0
36,12,Pass,74,4,2,0.014,0,0,0
36,10,Pass,74,4,3,0.038,0,0,0
36,8,Pass,74,4,6,0.072,0,0,0
36,6,Pass,74,4,6,0.095,0,0,0
36,4,Pass,74,4,7,0.088,0,0,0
36,2,Pass,74,4,5,0.057,0,0,0
36,0,Pass,74,4,5,0.026,0,0,0
34,58,Pass,74,4,1,0,0,0,0
34,56,Pass,74,4,1,0,0,0,0
34,54,Pass,74,4,1,0,0,0,0
34,52,Pass,74,4,1,0,0,0,0
34,50,Pass,74,4,1,0,0,0,0
34,48,Pass,74,4,1,0,0,0,0
34,18,Pass,74,4,1,0,0,0,0
34,16,Pass,74,4,1,0,0,0,0
34,14,Pass,74,4,2,0.001,0,0,0
34,12,Pass,74,4,2,0.005,0,0,0
34,10,Pass,74,4,2,0.013,0,0,0
34,8,Pass,74,4,2,0.025,0,0,0
34,6,Pass,74,4,2,0.032,0,0,0
34,4,Pass,74,4,2,0.029,0,0,0
34,2,Pass,74,4,2,0.018,0,0,0
34,0,Pass,74,4,2,0.008,0,0,0
32,18,Pass,74,4,1,0,0,0,0
32,16,Pass,74,4,1,0,0,0,0
32,14,Pass,74,4,1,0.001,0,0,0
32,12,Pass,74,4,2,0.003,0,0,0
32,10,Pass,74,4,2,0.006,0,0,0
32,8,Pass,74,4,2,0.011,0,0,0
32,6,Pass,74,4,2,0.014,0,0,0
32,4,Pass,74,4,2,0.012,0,0,0
32,2,Pass,74,4,2,0.007,0,0,0
32,0,Pass,74,4,2,0.003,0,0,0
30,18,Pass,74,4,1,0,0,0,0
30,16,Pass,74,4,1,0,0,0,0
30,14,Pass,74,4,1,0,0,0,0
30,12,Pass,74,4,1,0.001,0,0,0
30,10,Pass,74,4,2,0.004,0,0,0
30,8,Pass,74,4,2,0.006,0,0,0
30,6,Pass,74,4,2,0.008,0,0,0
30,4,Pass,74,4,2,0.006,0,0,0
30,2,Pass,74,4,2,0.004,0,0,0
30,0,Pass,74,4,1,0.001,0,0,0
28,18,Pass,74,4,1,0,0,0,0
28,16,Pass,74,4,1,0,0,0,0
28,14,Pass,74,4,1,0,0,0,0
28,12,Pass,74,4,1,0.001,0,0,0
28,10,Pass,74,4,1,0.002,0,0,0
28,8,Pass,74,4,1,0.003,0,0,0
28,6,Pass,74,4,1,0.004,0,0,0
28,4,Pass,74,4,1,0.003,0,0,0
28,2,Pass,74,4,1,0.002,0,0,0
28,0,Pass,74,4,1,0.001,0,0,0
26,16,Pass,74,4,1,0,0,0,0
26,14,Pass,74,4,1,0,0,0,0
26,12,Pass,74,4,1,0,0,0,0
26,10,Pass,74,4,1,0.001,0,0,0
26,8,Pass,74,4,1,0.001,0,0,0
26,6,Pass,74,4,1,0.001,0,0,0
26,4,Pass,74,4,1,0.001,0,0,0
26,2,Pass,74,4,1,0.001,0,0,0
26,0,Pass,74,4,1,0,0,0,0
24,16,Pass,74,4,1,0,0,0,0
24,14,Pass,74,4,1,0,0,0,0
24,12,Pass,74,4,1,0,0,0,0
24,10,Pass,74,4,1,0,0,0,0
24,8,Pass,74,4,1,0,0,0,0
24,6,Pass,74,4,1,0,0,0,0
24,4,Pass,74,4,1,0,0,0,0
24,2,Pass,74,4,1,0,0,0,0
24,0,Pass,74,4,1,0,0,0,0
22,12,Pass,74,4,1,0,0,0,0
22,10,Pass,74,4,1,0,0,0,0
22,8,Pass,74,4,1,0,0,0,0
22,6,Pass,74,4,1,0,0,0,0
22,4,Pass,74,4,1,0,0,0,0
22,2,Pass,74,4,1,0,0,0,0
22,0,Pass,74,4,1,0,0,0,0
20,10,Pass,74,4,1,0,0,0,0
20,8,Pass,74,4,1,0,0,0,0
20,6,Pass,74,4,1,0,0,0,0
20,4,Pass,74,4,1,0,0,0,0
20,2,Pass,74,4,1,0,0,0,0
