x,y,WeightedProbabiliticGoals,GoalProbability
0,0,0,0
0,2,0,0
0,4,0.0000552229565299318,0
0,6,0.000252964902032154,0
0,8,0.000849267245810811,0
0,10,0.0020748500131745,0.002
0,12,0.00365546742310167,0.004
0,14,0.00460307072572003,0.005
0,16,0.00411208199850484,0.004
0,18,0.00264592564838747,0.002
0,20,0.00152179660618157,0.001
0,22,0.00216997174437138,0.001
0,24,0.00629934691972098,0.003
0,26,0.0151679700150305,0.006
0,28,0.027335986551556,0.009
0,30,0.0391030889157428,0.009
0,32,0.0492240715520087,0.008
0,34,0.0584845020912151,0.007
0,36,0.0644815546200411,0.006
0,38,0.0661633495412074,0.005
0,40,0.0698905265029947,0.006
0,42,0.0788964329559732,0.007
0,44,0.0825274711011059,0.009
0,46,0.0700664658904628,0.011
0,48,0.0471958402899546,0.011
0,50,0.0275296271174025,0.01
0,52,0.01726647461491,0.01
0,54,0.0150684244915246,0.013
0,56,0.0169744159983959,0.019
0,58,0.0176763295914464,0.024
0,60,0.0141533778030238,0.022
0,62,0.00837150599405685,0.012
0,64,0.00381560447421689,0.005
0,66,0.00153522882407235,0.002
0,68,0.000765494168004664,0.001
0,70,0.000621186049923014,0
0,72,0.0005939298620805,0
0,74,0.000467498462411857,0
0,76,0.000264665772575873,0
0,78,0.000105872574914538,0
0,80,0.0000295263657738514,0
2,0,0,0
2,2,0.0000283639758994643,0
2,4,0.000221970013084473,0
2,6,0.000946654677841062,0
2,8,0.00296655352020002,0.001
2,10,0.00682425045914033,0.003
2,12,0.0114572301978141,0.006
2,14,0.0139177447900531,0.008
2,16,0.0121211173746154,0.006
2,18,0.00761585078200297,0.003
2,20,0.00402930729574416,0.001
2,22,0.00465018355198818,0.001
2,24,0.0126697674329474,0.003
2,26,0.0306729742153157,0.007
2,28,0.0557348506557729,0.01
2,30,0.0800856663628712,0.01
2,32,0.0996193265424537,0.008
2,34,0.114748035305756,0.007
2,36,0.122676306661138,0.005
2,38,0.124622055270382,0.005
2,40,0.134063321407704,0.005
2,42,0.156068022341244,0.006
2,44,0.168185743096941,0.009
2,46,0.147824739092146,0.01
2,48,0.104995947481329,0.011
2,50,0.0659870107924097,0.011
2,52,0.0434962147804573,0.012
2,54,0.0362655803698279,0.014
2,56,0.0379734514712273,0.02
2,58,0.0382141649079086,0.024
2,60,0.0304946093197112,0.022
2,62,0.0184233105858075,0.014
2,64,0.00894794265753258,0.006
2,66,0.00426973262064122,0.002
2,68,0.00284026041856187,0.001
2,70,0.00288821972876607,0.001
2,72,0.0029644870158285,0.001
2,74,0.00234149906615973,0.001
2,76,0.00133208177153294,0.001
2,78,0.000532864245256658,0
2,80,0.00014860831169881,0
4,0,0.000073904967954717,0
4,2,0.000184648220268983,0
4,4,0.000715718269577228,0
4,6,0.00271978315033734,0.001
4,8,0.00794172741701784,0.002
4,10,0.0170231343537077,0.004
4,12,0.0268118380860986,0.008
4,14,0.0308985592740998,0.01
4,16,0.0258487641347776,0.008
4,18,0.0157131029839948,0.004
4,20,0.00772181588121619,0.001
4,22,0.00714224247709832,0.001
4,24,0.0180666717171481,0.003
4,26,0.0439661662137079,0.006
4,28,0.0813895324272781,0.01
4,30,0.119195561944874,0.01
4,32,0.149055521294072,0.008
4,34,0.168545180271407,0.006
4,36,0.175237873084862,0.005
4,38,0.175631523572881,0.004
4,40,0.190807019664276,0.005
4,42,0.226923376218823,0.006
4,44,0.251207736138387,0.008
4,46,0.230016468730089,0.01
4,48,0.174768752728661,0.012
4,50,0.12032424293208,0.013
4,52,0.0839076051763046,0.014
4,54,0.0666567833026981,0.015
4,56,0.0633451480154257,0.019
4,58,0.0604902842777045,0.021
4,60,0.0477417478536143,0.019
4,62,0.0296263329432103,0.013
4,64,0.0157234933191948,0.006
4,66,0.00921297884708357,0.003
4,68,0.00822892436429584,0.002
4,70,0.00977564002178825,0.003
4,72,0.0104295237309928,0.003
4,74,0.00832809253322089,0.002
4,76,0.00472485949718413,0.001
4,78,0.00186977999989199,0.001
4,80,0.000521455232745657,0
6,0,0.000581723475915918,0
6,2,0.0007466532805942,0
6,4,0.00181946908329845,0
6,6,0.00603406673171055,0.001
6,8,0.0163253228626702,0.003
6,10,0.0326027100530753,0.006
6,12,0.0478081149060625,0.01
6,14,0.0515411455751158,0.012
6,16,0.0407591523086809,0.009
6,18,0.0236586138272801,0.004
6,20,0.0108761471040261,0.001
6,22,0.00811872339614205,0.001
6,24,0.0186463307121569,0.002
6,26,0.0460274977155028,0.005
6,28,0.0886790000369907,0.008
6,30,0.136266961255683,0.009
6,32,0.176754113398229,0.008
6,34,0.201542522349638,0.006
6,36,0.207242758159952,0.005
6,38,0.204756461760727,0.004
6,40,0.218656781235012,0.004
6,42,0.256446281368326,0.006
6,44,0.286094195288616,0.008
6,46,0.273000994972396,0.01
6,48,0.225172622351606,0.013
6,50,0.172090900709869,0.015
6,52,0.127964010947935,0.015
6,54,0.0980794428217213,0.015
6,56,0.0841093912452483,0.015
6,58,0.0744706369546526,0.016
6,60,0.0572785437606922,0.014
6,62,0.0363315196376558,0.01
6,64,0.0215401152705438,0.006
6,66,0.0163112876860061,0.004
6,68,0.0187916740028256,0.004
6,70,0.0243878667989856,0.005
6,72,0.0262165549949402,0.005
6,74,0.0207627446961818,0.004
6,76,0.0117237563637301,0.003
6,78,0.00468278313587432,0.001
6,80,0.0013375441022066,0.001
8,0,0.00286915526565668,0.001
8,2,0.00283884356363183,0
8,4,0.00395826265358699,0.001
8,6,0.0101381681901122,0.001
8,8,0.0253835097941117,0.003
8,10,0.0477534033703924,0.007
8,12,0.0655105746507691,0.01
8,14,0.0658110626313258,0.011
8,16,0.0487095695716121,0.008
8,18,0.0268570505034769,0.004
8,20,0.0118824259008131,0.001
8,22,0.00762352682729514,0.001
8,24,0.0153109441863857,0.001
8,26,0.0386230358793507,0.003
8,28,0.0802106701392742,0.007
8,30,0.134879513586253,0.008
8,32,0.188762308689026,0.008
8,34,0.225048141351856,0.007
8,36,0.236215671785292,0.006
8,38,0.232588560190879,0.005
8,40,0.235703293167304,0.005
8,42,0.254627365694254,0.006
8,44,0.271145087355495,0.008
8,46,0.263561566679028,0.01
8,48,0.235374229914511,0.013
8,50,0.199254484858519,0.015
8,52,0.158718153188202,0.015
8,54,0.12189830685734,0.013
8,56,0.0981036133347175,0.012
8,58,0.0805138499794478,0.011
8,60,0.0589732057893065,0.009
8,62,0.0374815992552326,0.007
8,64,0.0253623645004586,0.005
8,66,0.0254523503080436,0.005
8,68,0.0349076058760994,0.006
8,70,0.0460178151855801,0.007
8,72,0.0480934694534242,0.007
8,74,0.0371409779652255,0.006
8,76,0.0207110566988074,0.004
8,78,0.00841489604903774,0.002
8,80,0.00268076722967504,0.001
10,0,0.0101354955926088,0.002
10,2,0.00899883879667843,0.001
10,4,0.00799584245477408,0.001
10,6,0.0132599879770051,0.001
10,8,0.0294048072574919,0.003
10,10,0.0525798626945407,0.006
10,12,0.0684453558313166,0.008
10,14,0.0647704094522789,0.008
10,16,0.0453350215289396,0.006
10,18,0.024561851998512,0.003
10,20,0.0119477570583647,0.001
10,22,0.00832750604213229,0.001
10,24,0.0135420553507018,0.001
10,26,0.032406490190046,0.002
10,28,0.0722027743382347,0.005
10,30,0.133685793957824,0.008
10,32,0.202292693102365,0.009
10,34,0.254375396549881,0.008
10,36,0.277554893430899,0.008
10,38,0.278643600460132,0.007
10,40,0.271068704161208,0.007
10,42,0.261818711967184,0.007
10,44,0.249017972126216,0.008
10,46,0.231469693676778,0.01
10,48,0.213893103049192,0.012
10,50,0.194381746357416,0.014
10,52,0.16603570390901,0.013
10,54,0.135146227785732,0.011
10,56,0.111344651570906,0.009
10,58,0.0888947691114429,0.008
10,60,0.0617355076655912,0.007
10,62,0.0383090580621866,0.005
10,64,0.0297335815137459,0.004
10,66,0.0376340112123827,0.005
10,68,0.0549271652414275,0.007
10,70,0.068721084469295,0.009
10,72,0.0669644753255273,0.008
10,74,0.0491315513247043,0.006
10,76,0.0270720060326524,0.004
10,78,0.0119622237263136,0.002
10,80,0.00516997766893914,0.001
12,0,0.0252053431451781,0.003
12,2,0.0215139541713167,0.002
12,4,0.0149158757959145,0.001
12,6,0.0145496137953664,0.001
12,8,0.0254296547422275,0.002
12,10,0.042859360625601,0.004
12,12,0.0537838726075757,0.005
12,14,0.049159486624626,0.005
12,16,0.0343170858720628,0.004
12,18,0.0211326017438683,0.002
12,20,0.0148423135049006,0.001
12,22,0.0136102682232725,0.001
12,24,0.0175292719361645,0.001
12,26,0.0331177487667581,0.002
12,28,0.0704836230055844,0.004
12,30,0.133791401888736,0.007
12,32,0.208978524455622,0.009
12,34,0.270756737308635,0.009
12,36,0.306622453206537,0.009
12,38,0.321412250673353,0.009
12,40,0.317698763780124,0.009
12,42,0.292360820269143,0.009
12,44,0.251258218233403,0.009
12,46,0.212232132624538,0.01
12,48,0.188227575295288,0.011
12,50,0.173490160020326,0.011
12,52,0.157274688000002,0.01
12,54,0.141600181446153,0.009
12,56,0.127609122265814,0.008
12,58,0.104781710105074,0.008
12,60,0.0712253854920758,0.006
12,62,0.0435256477983128,0.005
12,64,0.0373809481100386,0.004
12,66,0.0525813984108471,0.006
12,68,0.0748734464305201,0.008
12,70,0.0854720855717609,0.009
12,72,0.0751852773739114,0.008
12,74,0.0512679150652525,0.006
12,76,0.0289639075169127,0.004
12,78,0.0166000596679084,0.003
12,80,0.0115522510646048,0.002
14,0,0.0438738232348083,0.005
14,2,0.0369948588511578,0.003
14,4,0.0232167231072227,0.002
14,6,0.0150344597593697,0.001
14,8,0.0177249242836775,0.001
14,10,0.026601768122807,0.002
14,12,0.0322530770844884,0.002
14,14,0.0297451337564544,0.003
14,16,0.0237038375463448,0.002
14,18,0.0212228065547046,0.002
14,20,0.0226078139293122,0.002
14,22,0.0239802513483731,0.001
14,24,0.0261096707485305,0.002
14,26,0.0368399430293234,0.002
14,28,0.066468742094713,0.004
14,30,0.119518809765178,0.006
14,32,0.18567689029447,0.007
14,34,0.245583335884007,0.008
14,36,0.292014194723649,0.008
14,38,0.327883361752019,0.009
14,40,0.343186460142037,0.01
14,42,0.320530504249579,0.011
14,44,0.266488433940735,0.01
14,46,0.211914889577599,0.01
14,48,0.177508319618169,0.009
14,50,0.158562513244419,0.009
14,52,0.146613747995168,0.008
14,54,0.142272771883548,0.008
14,56,0.138603017041025,0.008
14,58,0.118657446428734,0.007
14,60,0.0822272771759936,0.006
14,62,0.0518325157721851,0.005
14,64,0.0467843325711726,0.005
14,66,0.0654184528400772,0.006
14,68,0.0878077194290716,0.008
14,70,0.0918339179323372,0.008
14,72,0.0730913459074431,0.007
14,74,0.0471515820854274,0.005
14,76,0.0306952516981304,0.004
14,78,0.026437698317367,0.004
14,80,0.0254575668187408,0.005
16,0,0.0533309315225343,0.006
16,2,0.0450640564143858,0.004
16,4,0.0280202996221683,0.002
16,6,0.0160855447433985,0.001
16,8,0.0138658563522488,0.001
16,10,0.0165737952177866,0.001
16,12,0.0181782720165701,0.001
16,14,0.017560587469631,0.001
16,16,0.0189352116525702,0.002
16,18,0.0255460883728146,0.002
16,20,0.0335500255544683,0.002
16,22,0.0363693960061892,0.002
16,24,0.034863131207397,0.002
16,26,0.037640898121438,0.002
16,28,0.0537137820475879,0.003
16,30,0.0874746543382232,0.004
16,32,0.135140266744842,0.005
16,34,0.188349526451672,0.006
16,36,0.244513620682808,0.007
16,38,0.299705640205536,0.009
16,40,0.331035622253232,0.01
16,42,0.314465891509145,0.011
16,44,0.26069395543333,0.01
16,46,0.20648709891463,0.01
16,48,0.17159349653771,0.009
16,50,0.149082956249367,0.008
16,52,0.133604857441089,0.007
16,54,0.129956517874121,0.007
16,56,0.131198767473244,0.007
16,58,0.118382690729108,0.007
16,60,0.0883018517046918,0.006
16,62,0.0610072414125187,0.005
16,64,0.0556568379310685,0.005
16,66,0.0717648548980742,0.006
16,68,0.089827971392336,0.007
16,70,0.0884147908226626,0.007
16,72,0.0668868545398753,0.006
16,74,0.0445224222451069,0.004
16,76,0.0371742081680251,0.004
16,78,0.0422146111735321,0.006
16,80,0.045000529967867,0.008
18,0,0.0455068484711148,0.005
18,2,0.0393290015543173,0.003
18,4,0.0267839635049857,0.002
18,6,0.0193407260454799,0.001
18,8,0.019026968738993,0.001
18,10,0.0199455515223136,0.001
18,12,0.0182638479736925,0.001
18,14,0.0168141618554463,0.001
18,16,0.0216003701435188,0.002
18,18,0.0343683405206576,0.003
18,20,0.0476762612116467,0.004
18,22,0.0509753810785864,0.003
18,24,0.0436650661052791,0.003
18,26,0.0358747611127731,0.002
18,28,0.0374572868319065,0.002
18,30,0.0534433547219746,0.003
18,32,0.0864496615158884,0.004
18,34,0.137827757315753,0.005
18,36,0.2043750118995,0.007
18,38,0.26794347351454,0.009
18,40,0.296223721204549,0.01
18,42,0.272579446484933,0.01
18,44,0.219924521514203,0.01
18,46,0.175682100937616,0.009
18,48,0.150527391213894,0.009
18,50,0.130804169033365,0.008
18,52,0.112206717761244,0.007
18,54,0.105438319675556,0.006
18,56,0.111051208371347,0.006
18,58,0.112399096565988,0.007
18,60,0.0980392759574011,0.007
18,62,0.0769181125614547,0.006
18,64,0.0671207131070455,0.006
18,66,0.0748191892001884,0.006
18,68,0.0863798480142408,0.007
18,70,0.0830339856292442,0.007
18,72,0.0647951332926817,0.006
18,74,0.0496445547177551,0.005
18,76,0.0497854365975888,0.005
18,78,0.0587412239018683,0.008
18,80,0.0604874657156073,0.01
20,0,0.0280597466974802,0.003
20,2,0.0268832370829073,0.002
20,4,0.024682621057078,0.002
20,6,0.027931740050205,0.002
20,8,0.0344390012505123,0.002
20,10,0.0364480998667867,0.002
20,12,0.0316487582551367,0.002
20,14,0.0275804254141287,0.002
20,16,0.0339851276120288,0.003
20,18,0.0526903364818187,0.005
20,20,0.0721467149040797,0.006
20,22,0.0755551658948945,0.005
20,24,0.0598150107763997,0.004
20,26,0.0390109576890624,0.003
20,28,0.0276535408662749,0.002
20,30,0.0329806652302301,0.002
20,32,0.060850239693808,0.003
20,34,0.116744113589776,0.006
20,36,0.192517379335869,0.008
20,38,0.255362775432112,0.01
20,40,0.26756233366247,0.011
20,42,0.226466661859474,0.011
20,44,0.169909910978111,0.009
20,46,0.134440782731364,0.009
20,48,0.121209312699643,0.008
20,50,0.109782234926349,0.007
20,52,0.0937628691166029,0.006
20,54,0.0880975401627445,0.005
20,56,0.103080932315174,0.006
20,58,0.124646898274057,0.008
20,60,0.128280056539443,0.01
20,62,0.108462519268559,0.009
20,64,0.0856091260788106,0.008
20,66,0.0788323334017049,0.007
20,68,0.0829080269587234,0.007
20,70,0.0807925539068647,0.006
20,72,0.0708706922369914,0.006
20,74,0.065896077925186,0.006
20,76,0.0701014206207437,0.007
20,78,0.0735799245187828,0.009
20,80,0.0658586977078409,0.011
22,0,0.0153520064509671,0.001
22,2,0.0212366282874015,0.001
22,4,0.0311937943308287,0.002
22,6,0.0457389412239482,0.002
22,8,0.0584267446245737,0.003
22,10,0.0610151425316551,0.004
22,12,0.0538659821920874,0.003
22,14,0.0487808123283436,0.003
22,16,0.0585329078252796,0.005
22,18,0.0844118445609998,0.006
22,20,0.110363471964894,0.008
22,22,0.113137294504125,0.007
22,24,0.0877109372555838,0.005
22,26,0.053114359329115,0.003
22,28,0.0306225448841455,0.002
22,30,0.0301484383973568,0.002
22,32,0.0573785076613318,0.004
22,34,0.116890049868581,0.007
22,36,0.196208566750711,0.01
22,38,0.255944156418125,0.013
22,40,0.257334101671718,0.013
22,42,0.205427648034315,0.012
22,44,0.145809899570426,0.01
22,46,0.115280565513357,0.008
22,48,0.111106772627417,0.008
22,50,0.108325552840515,0.007
22,52,0.0965987488728473,0.006
22,54,0.0934888438341784,0.006
22,56,0.1184687051931,0.007
22,58,0.159198348309633,0.01
22,60,0.176685807198634,0.012
22,62,0.151308121523989,0.011
22,64,0.107941739071483,0.009
22,66,0.0812375505359898,0.006
22,68,0.0757920593316754,0.006
22,70,0.0768428544929494,0.006
22,72,0.0802675829102552,0.006
22,74,0.0899625862738846,0.007
22,76,0.0977923835487274,0.009
22,78,0.0897756870811838,0.01
22,80,0.0660853991951756,0.01
24,0,0.0152241954042445,0.001
24,2,0.0319010945666926,0.002
24,4,0.0554627315565225,0.002
24,6,0.0781522848091486,0.003
24,8,0.0903349932023433,0.004
24,10,0.0886995012274878,0.004
24,12,0.0798295953658165,0.004
24,14,0.0771862875588224,0.004
24,16,0.0918709971771812,0.005
24,18,0.122499703429687,0.007
24,20,0.150751184651244,0.008
24,22,0.152294708595108,0.007
24,24,0.121701755469711,0.005
24,26,0.0793445023498213,0.004
24,28,0.0495207930758092,0.002
24,30,0.0445697108662678,0.002
24,32,0.0691943573992092,0.004
24,34,0.124537022000713,0.007
24,36,0.197923902484457,0.011
24,38,0.254596085925604,0.015
24,40,0.258500391276473,0.016
24,42,0.211455177613282,0.014
24,44,0.155466761967881,0.011
24,46,0.128666721576048,0.009
24,48,0.130461989824548,0.008
24,50,0.132987893694303,0.008
24,52,0.121547003685393,0.006
24,54,0.115326176064877,0.006
24,56,0.141725301019504,0.007
24,58,0.191709581689319,0.009
24,60,0.217418290081026,0.011
24,62,0.187395088208517,0.011
24,64,0.126522149578248,0.008
24,66,0.0801573844458764,0.005
24,68,0.06391843460016,0.004
24,70,0.0680177476178793,0.004
24,72,0.0858645457746293,0.006
24,74,0.111079028581977,0.008
24,76,0.12311718127972,0.009
24,78,0.104872689588727,0.01
24,80,0.0668589492367809,0.009
26,0,0.0284207303160746,0.002
26,2,0.0620411732797806,0.003
26,4,0.102039955523222,0.003
26,6,0.128959276487582,0.004
26,8,0.131831078087217,0.004
26,10,0.119649626005136,0.004
26,12,0.108928998562599,0.004
26,14,0.110393994098543,0.005
26,16,0.127609007978347,0.005
26,18,0.155728537625108,0.006
26,20,0.179965077949984,0.007
26,22,0.183244940890139,0.006
26,24,0.160014871251834,0.005
26,26,0.12219653348026,0.004
26,28,0.0900182515036463,0.003
26,30,0.0788724718719588,0.003
26,32,0.0949716743648284,0.004
26,34,0.136969496587192,0.007
26,36,0.195663216105774,0.01
26,38,0.247401983563685,0.014
26,40,0.260773611887249,0.016
26,42,0.227770056381134,0.014
26,44,0.180358028403382,0.011
26,46,0.157953480108474,0.009
26,48,0.164151313069847,0.009
26,50,0.169597980644389,0.008
26,52,0.155228209152899,0.007
26,54,0.139979005793304,0.006
26,56,0.156203673718475,0.006
26,58,0.201737537890916,0.008
26,60,0.230846698134087,0.009
26,62,0.205037024935332,0.009
26,64,0.140162227293122,0.007
26,66,0.0827207362044245,0.004
26,68,0.0584028402593485,0.003
26,70,0.064886870546721,0.003
26,72,0.0930536302453288,0.005
26,74,0.127665955962216,0.007
26,76,0.14104058566523,0.008
26,78,0.116058959984601,0.009
26,80,0.0692459809355356,0.007
28,0,0.0511785734338855,0.003
28,2,0.105646066412564,0.004
28,4,0.161658257553637,0.005
28,6,0.188138266356199,0.005
28,8,0.17792271461484,0.005
28,10,0.156656882345644,0.005
28,12,0.148560669680522,0.005
28,14,0.154811012215293,0.005
28,16,0.168093338816865,0.006
28,18,0.184654811398157,0.006
28,20,0.20225228460179,0.006
28,22,0.215428488392976,0.006
28,24,0.213940530115097,0.006
28,26,0.191063529874195,0.006
28,28,0.157690689573929,0.005
28,30,0.13512287529234,0.005
28,32,0.134704686086214,0.005
28,34,0.15566602165883,0.006
28,36,0.193761890601895,0.008
28,38,0.236342786170233,0.011
28,40,0.256176951664818,0.013
28,42,0.236443099555171,0.012
28,44,0.198902417613435,0.01
28,46,0.181902978919985,0.009
28,48,0.192292667577789,0.008
28,50,0.200715582005904,0.008
28,52,0.185505063609944,0.007
28,54,0.162705717268478,0.006
28,56,0.16403075164722,0.005
28,58,0.195670355027171,0.006
28,60,0.224744535185318,0.007
28,62,0.211987123110606,0.008
28,64,0.158052853593201,0.006
28,66,0.101144034010739,0.004
28,68,0.0753434587118399,0.003
28,70,0.0871096543300794,0.004
28,72,0.124601826462717,0.005
28,74,0.164601009544594,0.007
28,76,0.175013924907355,0.008
28,78,0.14018024164537,0.008
28,80,0.0818328332203438,0.007
30,0,0.0735328095477646,0.003
30,2,0.14427936726116,0.005
30,4,0.209105897843969,0.006
30,6,0.231709285765898,0.006
30,8,0.215262402480476,0.006
30,10,0.199649065248385,0.006
30,12,0.207165885824497,0.006
30,14,0.221723865351172,0.007
30,16,0.225573504139268,0.007
30,18,0.225134297120439,0.007
30,20,0.237285155544006,0.007
30,22,0.267184284185274,0.007
30,24,0.29347559167279,0.008
30,26,0.286424158713589,0.007
30,28,0.247606112752723,0.007
30,30,0.207855051614554,0.006
30,32,0.186595334071616,0.006
30,34,0.184180622995247,0.006
30,36,0.20050588285991,0.007
30,38,0.230651499542222,0.009
30,40,0.250754007830567,0.01
30,42,0.238982636115065,0.01
30,44,0.208899589399152,0.009
30,46,0.194773225578604,0.008
30,48,0.205739483457483,0.007
30,50,0.216884174783356,0.007
30,52,0.207108887423839,0.007
30,54,0.186214159425416,0.006
30,56,0.178561854311498,0.005
30,58,0.195407138658302,0.006
30,60,0.22173536176013,0.006
30,62,0.2247972356081,0.007
30,64,0.189323109476202,0.006
30,66,0.141199282758346,0.005
30,68,0.121326635530367,0.004
30,70,0.145925672309403,0.005
30,72,0.20030500558831,0.007
30,74,0.250377212316835,0.009
30,76,0.255046571844797,0.01
30,78,0.198829126176975,0.01
30,80,0.114308126538041,0.008
32,0,0.082718375263447,0.004
32,2,0.157924577570545,0.005
32,4,0.22284677967621,0.006
32,6,0.24451311803384,0.006
32,8,0.23669206592389,0.006
32,10,0.243935321136927,0.007
32,12,0.277333105079655,0.008
32,14,0.304210028983582,0.009
32,16,0.302777051089476,0.009
32,18,0.291159057108049,0.008
32,20,0.301771422003064,0.008
32,22,0.34547730289939,0.009
32,24,0.39133396295921,0.009
32,26,0.391602189042607,0.009
32,28,0.342264065842305,0.009
32,30,0.284875551075845,0.008
32,32,0.247272263694071,0.007
32,34,0.22924870915749,0.007
32,36,0.230751088202509,0.007
32,38,0.250490290357117,0.008
32,40,0.267580436065961,0.009
32,42,0.258559389197271,0.009
32,44,0.229598074497128,0.008
32,46,0.209571037315734,0.007
32,48,0.212542582603737,0.007
32,50,0.223304187442309,0.007
32,52,0.223926870860281,0.006
32,54,0.21585088785014,0.006
32,56,0.209971451457014,0.005
32,58,0.216103019060212,0.006
32,60,0.235472606024366,0.006
32,62,0.247573658373716,0.007
32,64,0.228614014672132,0.007
32,66,0.192497393160407,0.006
32,68,0.183775098003185,0.006
32,70,0.226346754750339,0.008
32,72,0.30248474795854,0.01
32,74,0.365315253743879,0.012
32,76,0.360967889296626,0.013
32,78,0.2743646882581,0.012
32,80,0.15445067899149,0.01
34,0,0.0750923570136773,0.003
34,2,0.144465998990375,0.005
34,4,0.207363473577232,0.006
34,6,0.237043482297852,0.006
34,8,0.24907246750466,0.007
34,10,0.280730627885025,0.008
34,12,0.333388191616334,0.01
34,14,0.37156006695736,0.011
34,16,0.378191215569062,0.011
34,18,0.373848030662392,0.011
34,20,0.38864467092897,0.01
34,22,0.434161799018105,0.011
34,24,0.480934929698439,0.011
34,26,0.47758094421303,0.011
34,28,0.4187955895469,0.01
34,30,0.352530389132641,0.009
34,32,0.311819973090436,0.008
34,34,0.292787527466172,0.008
34,36,0.289838501434316,0.008
34,38,0.302542839044149,0.009
34,40,0.315594842813011,0.009
34,42,0.307225699349149,0.009
34,44,0.276347141207932,0.008
34,46,0.245885586182269,0.007
34,48,0.23524297813827,0.007
34,50,0.241202533251374,0.006
34,52,0.251481828461889,0.006
34,54,0.260325344636588,0.006
34,56,0.263474260711778,0.006
34,58,0.26162630400963,0.006
34,60,0.265581189848218,0.007
34,62,0.271052877395346,0.008
34,64,0.257300605246693,0.008
34,66,0.231247223021365,0.008
34,68,0.233896619397773,0.008
34,70,0.288364358122149,0.009
34,72,0.372951351795725,0.011
34,74,0.434892170501267,0.013
34,76,0.416787941927944,0.014
34,78,0.308341819198682,0.013
34,80,0.169258778323168,0.011
36,0,0.0608892933079677,0.003
36,2,0.122420788853716,0.004
36,4,0.186862913199527,0.005
36,6,0.231135865005098,0.006
36,8,0.261473049657091,0.007
36,10,0.302276407842875,0.008
36,12,0.354515884916255,0.011
36,14,0.39804944330771,0.012
36,16,0.425985691587411,0.013
36,18,0.446247970582242,0.013
36,20,0.468311819275526,0.013
36,22,0.501137185976982,0.013
36,24,0.530817232956105,0.012
36,26,0.518467198804099,0.011
36,28,0.460083754528768,0.01
36,30,0.401609111549731,0.009
36,32,0.373332237504194,0.009
36,34,0.364331858866124,0.01
36,36,0.360753734835588,0.01
36,38,0.363456194643705,0.01
36,40,0.369554075312515,0.01
36,42,0.364861132724558,0.01
36,44,0.341709128429443,0.009
36,46,0.311464125549584,0.008
36,48,0.29230603499725,0.007
36,50,0.29097473593523,0.007
36,52,0.305279335734227,0.007
36,54,0.328271951150581,0.007
36,56,0.341434624062816,0.007
36,58,0.330932440429608,0.008
36,60,0.309540355846477,0.008
36,62,0.289972194510399,0.008
36,64,0.265072155523478,0.008
36,66,0.241316632997791,0.008
36,68,0.248794486252872,0.008
36,70,0.299109365818805,0.01
36,72,0.366187930508812,0.011
36,74,0.40414096279376,0.012
36,76,0.370560808100424,0.012
36,78,0.26477140747994,0.011
36,80,0.141085839341765,0.009
38,0,0.0531832637527946,0.002
38,2,0.110207656074377,0.004
38,4,0.178639445752581,0.005
38,6,0.235989424699915,0.006
38,8,0.274675108727711,0.007
38,10,0.306338746162459,0.009
38,12,0.341010942094049,0.01
38,14,0.383338772797647,0.012
38,16,0.436452222154043,0.013
38,18,0.487065898043227,0.014
38,20,0.515623312482859,0.013
38,22,0.528117998040971,0.013
38,24,0.533349519633095,0.012
38,26,0.514565882637385,0.011
38,28,0.470837947470777,0.01
38,30,0.435069010950689,0.009
38,32,0.424775629489836,0.01
38,34,0.422498962835891,0.01
38,36,0.411298432724528,0.01
38,38,0.398063539673527,0.01
38,40,0.395463788683175,0.01
38,42,0.401057967325505,0.01
38,44,0.401788864953963,0.01
38,46,0.390728052682636,0.009
38,48,0.37395061080373,0.008
38,50,0.365016138680312,0.008
38,52,0.376736147019171,0.008
38,54,0.407073128310431,0.008
38,56,0.426761966154496,0.009
38,58,0.408194307568786,0.009
38,60,0.361755710831483,0.009
38,62,0.311451174113698,0.009
38,64,0.265201727408495,0.008
38,66,0.233888043965307,0.008
38,68,0.236777334362001,0.008
38,70,0.270321541566991,0.008
38,72,0.304939489700587,0.009
38,74,0.308797948843964,0.009
38,76,0.263420484036871,0.008
38,78,0.178206672849692,0.007
38,80,0.0910634804444795,0.006
40,0,0.057063074711669,0.003
40,2,0.112934430058006,0.004
40,4,0.183794914147779,0.005
40,6,0.247663457084397,0.006
40,8,0.285088267703982,0.007
40,10,0.297374731992185,0.008
40,12,0.305668728654834,0.009
40,14,0.339493220834629,0.011
40,16,0.410547386121607,0.012
40,18,0.486740132327094,0.013
40,20,0.523591922114659,0.013
40,22,0.521447432596331,0.012
40,24,0.507893783774379,0.011
40,26,0.49086204384273,0.01
40,28,0.472328250531539,0.009
40,30,0.463504277974482,0.01
40,32,0.461652369493574,0.01
40,34,0.448648575311064,0.011
40,36,0.419574675145045,0.01
40,38,0.391511578634949,0.01
40,40,0.385754006020201,0.01
40,42,0.406796491697002,0.01
40,44,0.437748045993457,0.01
40,46,0.453749909715503,0.01
40,48,0.444411823271293,0.009
40,50,0.426582696869715,0.009
40,52,0.427764260847442,0.008
40,54,0.453705063360035,0.009
40,56,0.47278258574118,0.009
40,58,0.452539248265573,0.009
40,60,0.398477453962872,0.009
40,62,0.334115719575867,0.009
40,64,0.273967527027342,0.008
40,66,0.234792325639025,0.007
40,68,0.23055474794976,0.007
40,70,0.248228637264727,0.007
40,72,0.256845245205634,0.007
40,74,0.235620616384247,0.006
40,76,0.182851292906177,0.005
40,78,0.114420666537014,0.004
40,80,0.0551418066435822,0.003
42,0,0.0700573535928452,0.003
42,2,0.127892522488587,0.004
42,4,0.199971136874358,0.005
42,6,0.265159591122605,0.006
42,8,0.296043682475373,0.008
42,10,0.286723995573521,0.008
42,12,0.267835004516387,0.008
42,14,0.28632234282558,0.009
42,16,0.360480520041827,0.011
42,18,0.45118284695534,0.012
42,20,0.500297632609106,0.012
42,22,0.497208365850558,0.011
42,24,0.476313058654679,0.01
42,26,0.466424668720893,0.009
42,28,0.473160866880051,0.009
42,30,0.483984813513127,0.01
42,32,0.475964855093322,0.01
42,34,0.439480079077444,0.01
42,36,0.391274701805878,0.01
42,38,0.358334216250711,0.009
42,40,0.358361217001763,0.009
42,42,0.393572959937944,0.01
42,44,0.445705009527989,0.01
42,46,0.480273146948414,0.01
42,48,0.476154822024718,0.01
42,50,0.449044206270797,0.009
42,52,0.433231334199925,0.008
42,54,0.441466231919572,0.008
42,56,0.450647002707038,0.009
42,58,0.434199761672807,0.009
42,60,0.392679319135686,0.009
42,62,0.339592885215035,0.008
42,64,0.287311470220342,0.008
42,66,0.254897039800326,0.007
42,68,0.252786378864809,0.007
42,70,0.263496106244325,0.007
42,72,0.259200065674223,0.006
42,74,0.226477421420229,0.006
42,76,0.168988621340994,0.005
42,78,0.103138299155684,0.004
42,80,0.0493783905229121,0.003
44,0,0.0864588215721007,0.004
44,2,0.150552020937919,0.004
44,4,0.227701340035697,0.005
44,6,0.294573979372871,0.007
44,8,0.318739350536197,0.008
44,10,0.292157425737279,0.008
44,12,0.253027108434048,0.007
44,14,0.256010601555751,0.007
44,16,0.3215123030255,0.009
44,18,0.414480616483793,0.01
44,20,0.475774240359783,0.011
44,22,0.480972551057316,0.01
44,24,0.45783802910934,0.009
44,26,0.447362906430747,0.008
44,28,0.462103859874557,0.009
44,30,0.476641703860095,0.01
44,32,0.457129745175509,0.01
44,34,0.403209074802596,0.01
44,36,0.347552271485063,0.009
44,38,0.319486359532887,0.009
44,40,0.32717364785487,0.009
44,42,0.367091298736942,0.01
44,44,0.423775566737011,0.01
44,46,0.466318288428136,0.01
44,48,0.47124732710925,0.01
44,50,0.446357140042366,0.009
44,52,0.419718743905166,0.008
44,54,0.407625674090072,0.008
44,56,0.400962471374964,0.007
44,58,0.386003220370783,0.007
44,60,0.36133521570414,0.007
44,62,0.330856593285702,0.007
44,64,0.302220278768007,0.007
44,66,0.290610397341576,0.008
44,68,0.299225663818208,0.008
44,70,0.30798924769875,0.007
44,72,0.2970526254619,0.007
44,74,0.261302763526448,0.006
44,76,0.203062243165696,0.005
44,78,0.132166695924618,0.004
44,80,0.0685743166765864,0.003
46,0,0.102727437206637,0.004
46,2,0.17591238363856,0.005
46,4,0.261985426462154,0.006
46,6,0.334089675679044,0.007
46,8,0.356605066076219,0.007
46,10,0.324061642129409,0.007
46,12,0.279394795280992,0.007
46,14,0.275610774231258,0.007
46,16,0.329850749405131,0.008
46,18,0.4155638422618,0.01
46,20,0.483268301352958,0.01
46,22,0.498145101492373,0.01
46,24,0.470776215205414,0.009
46,26,0.442485654201497,0.008
46,28,0.43739514068603,0.009
46,30,0.437295705721339,0.01
46,32,0.410593695616344,0.01
46,34,0.357701141587705,0.01
46,36,0.310521645326142,0.01
46,38,0.291965476753582,0.009
46,40,0.301003160687802,0.009
46,42,0.330941635940139,0.01
46,44,0.375910639650548,0.01
46,46,0.421026795835103,0.01
46,48,0.446753301142848,0.01
46,50,0.44628241080549,0.009
46,52,0.42933425152691,0.008
46,54,0.409559229888324,0.008
46,56,0.39213305744839,0.007
46,58,0.377944298779045,0.007
46,60,0.366594401959671,0.007
46,62,0.355001032156893,0.007
46,64,0.345234138932268,0.008
46,66,0.34622551974509,0.008
46,68,0.355970313407187,0.008
46,70,0.357875906871027,0.008
46,72,0.341743347986475,0.007
46,74,0.309008399221776,0.006
46,76,0.255838055859525,0.006
46,78,0.180823082932991,0.005
46,80,0.102205249646918,0.005
48,0,0.11975098459351,0.004
48,2,0.198935276110445,0.005
48,4,0.289254491898515,0.006
48,6,0.364428004051382,0.007
48,8,0.392375491349995,0.007
48,10,0.370872372656866,0.007
48,12,0.339111915269495,0.007
48,14,0.339487373735055,0.008
48,16,0.382966127042732,0.009
48,18,0.452899759279511,0.01
48,20,0.517314539065024,0.011
48,22,0.541190595973138,0.011
48,24,0.513753799200943,0.01
48,26,0.461791017514345,0.009
48,28,0.419998668514729,0.009
48,30,0.393514075850092,0.01
48,32,0.364187188285751,0.01
48,34,0.327428309666851,0.01
48,36,0.301485670551307,0.01
48,38,0.297628426203293,0.011
48,40,0.305767175572941,0.011
48,42,0.317371113253948,0.01
48,44,0.339320150209525,0.01
48,46,0.377577029522511,0.011
48,48,0.422343744540087,0.011
48,50,0.454139683202351,0.01
48,52,0.46250044833013,0.009
48,54,0.452415585161134,0.008
48,56,0.439229682258041,0.008
48,58,0.437844124204929,0.007
48,60,0.448711482769549,0.008
48,62,0.455538168857424,0.009
48,64,0.447458892849599,0.009
48,66,0.431959413883315,0.01
48,68,0.417601061526881,0.009
48,70,0.401420089050945,0.008
48,72,0.380578117203071,0.007
48,74,0.353973032824546,0.007
48,76,0.307907310125411,0.006
48,78,0.2300369796311,0.006
48,80,0.137338594439302,0.006
50,0,0.135007148909426,0.004
50,2,0.213614412340886,0.005
50,4,0.298713016026576,0.005
50,6,0.371026361351371,0.006
50,8,0.409319680243276,0.007
50,10,0.412657605251075,0.008
50,12,0.405832880664316,0.008
50,14,0.414067909859245,0.009
50,16,0.443187869097822,0.01
50,18,0.488184756576397,0.011
50,20,0.539850497795703,0.011
50,22,0.573868948573644,0.012
50,24,0.560027257836481,0.011
50,26,0.498588091796353,0.011
50,28,0.425660698006811,0.01
50,30,0.372440460276616,0.01
50,32,0.340795323791953,0.011
50,34,0.3241990797086,0.011
50,36,0.32609114064541,0.011
50,38,0.345070107644565,0.012
50,40,0.363480318074056,0.012
50,42,0.368968096281298,0.011
50,44,0.372036388130711,0.011
50,46,0.389850094050468,0.011
50,48,0.424638850530766,0.011
50,50,0.462003097953001,0.011
50,52,0.485952521314399,0.01
50,54,0.491789220273006,0.009
50,56,0.495384558908845,0.008
50,58,0.522528388232809,0.008
50,60,0.572117758513525,0.01
50,62,0.605383056910616,0.011
50,64,0.588794487166269,0.012
50,66,0.533975508633573,0.011
50,68,0.477022985383508,0.01
50,70,0.437003854150867,0.009
50,72,0.411799097513799,0.008
50,74,0.388082812158209,0.007
50,76,0.341877342254422,0.007
50,78,0.258113597783211,0.006
50,80,0.156008180554769,0.006
52,0,0.137717253217682,0.004
52,2,0.211473546221142,0.005
52,4,0.28929578677994,0.005
52,6,0.359301380100041,0.006
52,8,0.40945427775117,0.007
52,10,0.436528269835567,0.008
52,12,0.449049783472509,0.009
52,14,0.457780077436047,0.01
52,16,0.467554774478523,0.01
52,18,0.484609426923583,0.011
52,20,0.520371566574005,0.011
52,22,0.564083360178232,0.012
52,24,0.572800498327107,0.012
52,26,0.520919930223036,0.012
52,28,0.437150329684441,0.012
52,30,0.368733065931699,0.011
52,32,0.336077959753873,0.011
52,34,0.334750382581916,0.01
52,36,0.358801094339209,0.01
52,38,0.401356963866436,0.011
52,40,0.446044134817704,0.012
52,42,0.476245219800002,0.012
52,44,0.487926495984533,0.012
52,46,0.484882253986678,0.012
52,48,0.475434534942207,0.012
52,50,0.472076654381506,0.011
52,52,0.478273118612833,0.01
52,54,0.486286839575124,0.009
52,56,0.504303753367057,0.008
52,58,0.561003938621087,0.009
52,60,0.653583409225699,0.011
52,62,0.718268767275835,0.013
52,64,0.695560064655391,0.014
52,66,0.603884294206089,0.013
52,68,0.511228819685429,0.011
52,70,0.457992944223127,0.009
52,72,0.435158916629371,0.008
52,74,0.409184637126378,0.007
52,76,0.349713558738362,0.007
52,78,0.253016989764054,0.006
52,80,0.147352282956575,0.005
54,0,0.12343510735556,0.004
54,2,0.190214376714455,0.005
54,4,0.264260955742071,0.005
54,6,0.335905848178063,0.006
54,8,0.392487897464922,0.007
54,10,0.426581800012068,0.008
54,12,0.439475048894371,0.009
54,14,0.437763407170661,0.01
54,16,0.42852495653902,0.01
54,18,0.424970537452204,0.011
54,20,0.447984952120973,0.011
54,22,0.495288000152479,0.012
54,24,0.521224870345798,0.012
54,26,0.488716370034319,0.012
54,28,0.41705306796968,0.012
54,30,0.354457172391086,0.011
54,32,0.327519271033388,0.01
54,34,0.33289428061156,0.009
54,36,0.361913455002815,0.009
54,38,0.4144258746141,0.009
54,40,0.487558773139351,0.01
54,42,0.564400111383733,0.011
54,44,0.614654580918492,0.013
54,46,0.608723732008384,0.014
54,48,0.549479640783637,0.014
54,50,0.480841319749157,0.012
54,52,0.44122749122111,0.01
54,54,0.430594039144913,0.008
54,56,0.448709424747306,0.008
54,58,0.521001668947032,0.009
54,60,0.641195744389766,0.012
54,62,0.728872355144343,0.015
54,64,0.707159282216601,0.015
54,66,0.599620279624116,0.014
54,68,0.497289834326744,0.011
54,70,0.454271935860177,0.01
54,72,0.449573768826743,0.009
54,74,0.424807217088089,0.008
54,76,0.345470711058512,0.007
54,78,0.229951504761941,0.006
54,80,0.122744232643394,0.005
56,0,0.108674543021644,0.004
56,2,0.166459301749397,0.005
56,4,0.235105728365883,0.005
56,6,0.304722152624639,0.006
56,8,0.356839651294692,0.008
56,10,0.380340294114105,0.008
56,12,0.378595311607966,0.009
56,14,0.361721914985121,0.01
56,16,0.3392782491206,0.01
56,18,0.32494777840048,0.009
56,20,0.339025248705873,0.01
56,22,0.380586499090506,0.01
56,24,0.411922587653675,0.011
56,26,0.399063725815971,0.012
56,28,0.353585744848544,0.011
56,30,0.312883303955941,0.011
56,32,0.298739845151131,0.01
56,34,0.305581857128919,0.008
56,36,0.326605467253528,0.008
56,38,0.372434991653975,0.008
56,40,0.455570256170326,0.009
56,42,0.564045612871062,0.011
56,44,0.651042866750554,0.013
56,46,0.658832034047702,0.015
56,48,0.577079213666814,0.015
56,50,0.464388740177339,0.013
56,52,0.384220679796201,0.01
56,54,0.349765132589707,0.008
56,56,0.358307458452103,0.008
56,58,0.428571195368229,0.009
56,60,0.550033388207534,0.012
56,62,0.641107694202022,0.015
56,64,0.624374504228105,0.016
56,66,0.524879031491835,0.014
56,68,0.438139310406921,0.011
56,70,0.421880633108313,0.011
56,72,0.445547725526836,0.011
56,74,0.431524499009927,0.01
56,76,0.341359538665117,0.009
56,78,0.212643296820472,0.007
56,80,0.104814146629848,0.005
58,0,0.118820862923887,0.006
58,2,0.170853859405,0.006
58,4,0.231340861850117,0.007
58,6,0.292793667756644,0.008
58,8,0.33407000567884,0.009
58,10,0.34168550906492,0.01
58,12,0.321199791841858,0.01
58,14,0.288242191212141,0.01
58,16,0.25643123116954,0.009
58,18,0.238738793689574,0.009
58,20,0.24834767241167,0.009
58,22,0.282383349885353,0.009
58,24,0.313072502794444,0.01
58,26,0.31375337206196,0.011
58,28,0.289119353719775,0.011
58,30,0.266768638682841,0.01
58,32,0.26379808287493,0.009
58,34,0.274295406554578,0.008
58,36,0.290529858946947,0.007
58,38,0.323319954229752,0.007
58,40,0.390556038148331,0.008
58,42,0.489668947125123,0.01
58,44,0.580193360286507,0.012
58,46,0.601183630623729,0.015
58,48,0.530290749341056,0.016
58,50,0.415589642069635,0.014
58,52,0.323949440461061,0.011
58,54,0.280387630011013,0.008
58,56,0.283861988822464,0.008
58,58,0.34118595924012,0.009
58,60,0.439180921117158,0.012
58,62,0.513509241771507,0.015
58,64,0.502705291418909,0.015
58,66,0.42700084453812,0.013
58,68,0.366903161871031,0.011
58,70,0.372986961482399,0.011
58,72,0.414587122968164,0.012
58,74,0.413552940397271,0.012
58,76,0.331602890183028,0.01
58,78,0.209039091284151,0.008
58,80,0.106437562640276,0.006
60,0,0.163063982385238,0.01
60,2,0.222436657298394,0.009
60,4,0.284186525049612,0.01
60,6,0.343965951848889,0.01
60,8,0.380882685800402,0.012
60,10,0.3762114447345,0.012
60,12,0.333099137804204,0.012
60,14,0.275847578998722,0.011
60,16,0.232665003635346,0.01
60,18,0.219498675148509,0.009
60,20,0.237599814818202,0.009
60,22,0.275026370405053,0.01
60,24,0.307749013654295,0.011
60,26,0.312046125070476,0.012
60,28,0.287979200088178,0.012
60,30,0.263090750251198,0.011
60,32,0.26148481680955,0.01
60,34,0.28008535068369,0.009
60,36,0.302536026826744,0.008
60,38,0.32507330946243,0.007
60,40,0.36151753083976,0.007
60,42,0.421834585466719,0.009
60,44,0.487249108800226,0.011
60,46,0.511339725839081,0.014
60,48,0.463948249928069,0.015
60,50,0.371641582611607,0.014
60,52,0.293105591540584,0.011
60,54,0.262078882121853,0.009
60,56,0.275060466245796,0.009
60,58,0.319061102155268,0.01
60,60,0.37937762835281,0.012
60,62,0.423074250731023,0.014
60,64,0.414917159899475,0.014
60,66,0.366095525986983,0.013
60,68,0.330602834067066,0.011
60,70,0.344060470451833,0.011
60,72,0.382996164305887,0.012
60,74,0.387156624113012,0.012
60,76,0.325022961459671,0.011
60,78,0.224011658803316,0.009
60,80,0.130395600464968,0.008
62,0,0.225314414418996,0.013
62,2,0.31022149247463,0.012
62,4,0.394628448008695,0.012
62,6,0.471264205771138,0.013
62,8,0.514827282324133,0.014
62,10,0.498448391724503,0.015
62,12,0.422947160724926,0.014
62,14,0.329173087582182,0.012
62,16,0.270580355854792,0.011
62,18,0.27117979175212,0.01
62,20,0.314715207030186,0.011
62,22,0.369931541792822,0.012
62,24,0.408689227091302,0.013
62,26,0.407309141210158,0.013
62,28,0.364922057931991,0.013
62,30,0.316680052205993,0.013
62,32,0.302356481351115,0.012
62,34,0.325479396299056,0.011
62,36,0.356251232732373,0.01
62,38,0.371736304337869,0.009
62,40,0.380371560918658,0.008
62,42,0.404028925948567,0.009
62,44,0.441990238815979,0.01
62,46,0.461926552974081,0.012
62,48,0.432486694012613,0.013
62,50,0.366563760196789,0.013
62,52,0.31683006074298,0.011
62,54,0.319599151285778,0.01
62,56,0.358664734618061,0.01
62,58,0.394581757732693,0.011
62,60,0.411994880274432,0.011
62,62,0.414929521846224,0.012
62,64,0.400593787890226,0.012
62,66,0.374236062066264,0.012
62,68,0.362003142155818,0.011
62,70,0.37950507568468,0.01
62,72,0.40768921185749,0.01
62,74,0.408531853943199,0.01
62,76,0.35995370311334,0.01
62,78,0.272974089790291,0.01
62,80,0.177098524888299,0.009
64,0,0.27749173804714,0.014
64,2,0.400861053829867,0.013
64,4,0.525846313937317,0.013
64,6,0.63129594497304,0.014
64,8,0.68099990463418,0.016
64,10,0.645404710758906,0.016
64,12,0.533434036983908,0.015
64,14,0.404683626975719,0.013
64,16,0.333078496484918,0.011
64,18,0.349197105253973,0.011
64,20,0.422352536786065,0.012
64,22,0.499723532348349,0.013
64,24,0.543600761343173,0.014
64,26,0.531689139361514,0.014
64,28,0.46499421914988,0.014
64,30,0.384990767662559,0.013
64,32,0.344013604163385,0.013
64,34,0.353639924532052,0.012
64,36,0.379281532508531,0.011
64,38,0.387462473894483,0.01
64,40,0.38355192094761,0.009
64,42,0.39227044729859,0.009
64,44,0.417525993943893,0.01
64,46,0.434303790153737,0.011
64,48,0.418687825324751,0.012
64,50,0.384467326570596,0.012
64,52,0.380171528494348,0.011
64,54,0.434864162602165,0.011
64,56,0.512531833297399,0.012
64,58,0.547763899581756,0.012
64,60,0.523830813367455,0.012
64,62,0.478596591844754,0.011
64,64,0.446016228660229,0.011
64,66,0.436297495041104,0.011
64,68,0.453337118792311,0.011
64,70,0.489733425334124,0.011
64,72,0.520942574515795,0.01
64,74,0.519645496086646,0.01
64,76,0.468570690468276,0.01
64,78,0.368488639031943,0.01
64,80,0.24485716873218,0.01
66,0,0.3033814254561,0.012
66,2,0.466033336689615,0.012
66,4,0.632801276671545,0.013
66,6,0.759915064107619,0.014
66,8,0.801662125457393,0.016
66,10,0.740579647470805,0.016
66,12,0.605839667001869,0.015
66,14,0.464401178682826,0.013
66,16,0.387957854451294,0.011
66,18,0.408439792355863,0.011
66,20,0.494625372839297,0.012
66,22,0.582696941060225,0.013
66,24,0.624994959244574,0.014
66,26,0.600974384776274,0.014
66,28,0.516825403997512,0.014
66,30,0.412880960039348,0.013
66,32,0.340904607531717,0.012
66,34,0.319145304795815,0.011
66,36,0.322050793989764,0.01
66,38,0.320759963197538,0.009
66,40,0.318027034394293,0.008
66,42,0.331302541911923,0.009
66,44,0.358812954754309,0.009
66,46,0.380014255211961,0.011
66,48,0.383742268501188,0.011
66,50,0.389790062807716,0.011
66,52,0.439012313034829,0.011
66,54,0.547905506186475,0.012
66,56,0.666487328475394,0.013
66,58,0.712766243238907,0.013
66,60,0.663344254142103,0.012
66,62,0.574467962507266,0.012
66,64,0.513425077148938,0.011
66,66,0.509582474985468,0.011
66,68,0.558844930272325,0.012
66,70,0.633606086480321,0.011
66,72,0.694943099524523,0.011
66,74,0.708134553884741,0.011
66,76,0.646618531729073,0.011
66,78,0.507626542471805,0.011
66,80,0.331139012035918,0.011
68,0,0.306044125070582,0.011
68,2,0.4997755813754,0.012
68,4,0.695892599045372,0.013
68,6,0.827400846816496,0.014
68,8,0.848604440033463,0.015
68,10,0.76862090088366,0.016
68,12,0.637293711228988,0.015
68,14,0.510294888370631,0.014
68,16,0.435790133304442,0.012
68,18,0.443647867644232,0.012
68,20,0.516422829120953,0.012
68,22,0.593314099309827,0.013
68,24,0.62056792581475,0.013
68,26,0.581856736969958,0.013
68,28,0.491634621947285,0.013
68,30,0.384108196494666,0.012
68,32,0.296890913044083,0.011
68,34,0.247140317473629,0.01
68,36,0.224141399476068,0.009
68,38,0.212745577867606,0.008
68,40,0.215660644044315,0.007
68,42,0.240345979375729,0.008
68,44,0.277487712389054,0.009
68,46,0.309640407138554,0.01
68,48,0.334861295156859,0.011
68,50,0.374002603640827,0.011
68,52,0.457484879207346,0.011
68,54,0.595209378134047,0.012
68,56,0.740335326507793,0.014
68,58,0.809279783749482,0.014
68,60,0.765171630739667,0.014
68,62,0.657064426704472,0.013
68,64,0.570057245020878,0.012
68,66,0.559123653202442,0.012
68,68,0.629899611868675,0.012
68,70,0.749323359106351,0.013
68,72,0.865371706624421,0.013
68,74,0.918258500607919,0.012
68,76,0.853518034122329,0.012
68,78,0.666595386803005,0.012
68,80,0.42628502235415,0.012
70,0,0.292637803555592,0.01
70,2,0.505999604957451,0.011
70,4,0.718387294873741,0.013
70,6,0.8443268186703,0.014
70,8,0.846041970988015,0.015
70,10,0.762767367072651,0.016
70,12,0.656672233608844,0.016
70,14,0.559380124768695,0.015
70,16,0.490054026300556,0.014
70,18,0.477013441518669,0.013
70,20,0.519585959337521,0.013
70,22,0.566907157950225,0.013
70,24,0.566881554722416,0.013
70,26,0.51060252209845,0.012
70,28,0.422083307457249,0.011
70,30,0.328923432670279,0.011
70,32,0.250111735613327,0.01
70,34,0.193680015224507,0.009
70,36,0.157191768129422,0.007
70,38,0.139256808615849,0.006
70,40,0.146671661323388,0.007
70,42,0.181705806592935,0.008
70,44,0.229723814240715,0.01
70,46,0.272566937448951,0.011
70,48,0.308790436412708,0.011
70,50,0.354265971928903,0.01
70,52,0.433599824787904,0.011
70,54,0.560607391276498,0.012
70,56,0.70533943890891,0.013
70,58,0.795766417224424,0.014
70,60,0.782129267269129,0.014
70,62,0.690578608260308,0.013
70,64,0.601553734491497,0.013
70,66,0.583232034232357,0.012
70,68,0.657872812462705,0.013
70,70,0.807524709795177,0.013
70,72,0.980419347563001,0.014
70,74,1.08556394330493,0.014
70,76,1.02832680946652,0.014
70,78,0.800828493886055,0.014
70,80,0.505102925944379,0.014
72,0,0.265422285452496,0.009
72,2,0.484876632229612,0.011
72,4,0.704064645384899,0.013
72,6,0.825552991120252,0.014
72,8,0.818695795321799,0.015
72,10,0.74498123675629,0.016
72,12,0.671213422779279,0.017
72,14,0.606442507282375,0.017
72,16,0.548339289645968,0.016
72,18,0.522589665916636,0.015
72,20,0.537567205043859,0.014
72,22,0.553249030817511,0.013
72,24,0.526565009336288,0.012
72,26,0.456112869435374,0.011
72,28,0.369729010573097,0.01
72,30,0.290999982654489,0.009
72,32,0.228117892866301,0.009
72,34,0.179732515704022,0.008
72,36,0.143707131723162,0.007
72,38,0.12637653178542,0.006
72,40,0.139170481453122,0.007
72,42,0.183103515116616,0.009
72,44,0.240795179664065,0.012
72,46,0.291394100217943,0.012
72,48,0.326944709752277,0.011
72,50,0.356008736320421,0.01
72,52,0.402752644676575,0.01
72,54,0.491854112382297,0.011
72,56,0.612814815590199,0.012
72,58,0.7088243330725,0.014
72,60,0.726893968548537,0.014
72,62,0.674816256776507,0.014
72,64,0.613515532055124,0.013
72,66,0.60185438534426,0.013
72,68,0.670048613691932,0.013
72,70,0.824500750602741,0.014
72,72,1.02724396537121,0.015
72,74,1.16587197424842,0.016
72,76,1.11361210301297,0.016
72,78,0.861530179187452,0.016
72,80,0.53637542876021,0.015
74,0,0.234528159534916,0.008
74,2,0.444632034874097,0.01
74,4,0.657776671100623,0.012
74,6,0.775391637048564,0.014
74,8,0.770495096540509,0.015
74,10,0.710633491639652,0.016
74,12,0.662847222418362,0.017
74,14,0.629153813896382,0.018
74,16,0.597186105217009,0.018
74,18,0.581993878805722,0.017
74,20,0.587657266699745,0.016
74,22,0.583132401959627,0.014
74,24,0.539062523336787,0.013
74,26,0.459687604177302,0.011
74,28,0.370630163023766,0.01
74,30,0.293216139265574,0.009
74,32,0.235335794624354,0.009
74,34,0.192587591314864,0.008
74,36,0.161656787819814,0.007
74,38,0.151466312530153,0.007
74,40,0.1738228226995,0.008
74,42,0.226056750595278,0.01
74,44,0.291193968324221,0.013
74,46,0.349777291463477,0.013
74,48,0.386767049402946,0.013
74,50,0.399628817266186,0.011
74,52,0.411221736766286,0.01
74,54,0.458091301361152,0.01
74,56,0.546394801672649,0.012
74,58,0.631378965366166,0.013
74,60,0.66332020918166,0.013
74,62,0.64376026382647,0.013
74,64,0.617040569671411,0.013
74,66,0.622688171227571,0.013
74,68,0.685848464387752,0.014
74,70,0.826447494380362,0.014
74,72,1.01806110031305,0.016
74,74,1.14613649528691,0.017
74,76,1.08159049839177,0.016
74,78,0.823696112423737,0.016
74,80,0.50484419849229,0.015
76,0,0.222563008193159,0.007
76,2,0.414330818860524,0.01
76,4,0.606392371960981,0.011
76,6,0.712373216261243,0.013
76,8,0.710658517173781,0.014
76,10,0.661342378883241,0.015
76,12,0.628535924193406,0.016
76,14,0.624099548392026,0.018
76,16,0.634424079829319,0.019
76,18,0.654006695635979,0.019
76,20,0.674756702673497,0.018
76,22,0.673184658045666,0.017
76,24,0.615117766335475,0.015
76,26,0.515132653227589,0.013
76,28,0.416337330147776,0.012
76,30,0.334407243331702,0.011
76,32,0.273673403082741,0.01
76,34,0.229152538139101,0.009
76,36,0.199159040964886,0.008
76,38,0.195285128032624,0.008
76,40,0.225851765327792,0.009
76,42,0.281922508169555,0.011
76,44,0.349924624161172,0.013
76,46,0.418761158078732,0.014
76,48,0.469621986647526,0.015
76,50,0.484457754332079,0.014
76,52,0.477387784905412,0.012
76,54,0.492890461479161,0.012
76,56,0.55096378095079,0.012
76,58,0.615841653861102,0.013
76,60,0.641753778866433,0.013
76,62,0.63092036119398,0.013
76,64,0.621784019453961,0.013
76,66,0.641859201837782,0.014
76,68,0.70610818146928,0.014
76,70,0.826144030932832,0.015
76,72,0.97362095203266,0.016
76,74,1.0495968733353,0.016
76,76,0.955492765311565,0.015
76,78,0.707210259077896,0.014
76,80,0.423685466571502,0.013
78,0,0.248395042818036,0.008
78,2,0.42636584274772,0.01
78,4,0.590577943786167,0.011
78,6,0.674149392827312,0.012
78,8,0.667911994688784,0.013
78,10,0.622961443780771,0.014
78,12,0.597283699125349,0.015
78,14,0.616057992745242,0.016
78,16,0.668276875020536,0.019
78,18,0.726796316152287,0.02
78,20,0.783558703605091,0.021
78,22,0.82345268790105,0.021
78,24,0.748265710939106,0.019
78,26,0.592932535696642,0.015
78,28,0.477445503617666,0.013
78,30,0.403387126730608,0.013
78,32,0.350541123735221,0.012
78,34,0.307285144415074,0.011
78,36,0.273524021756575,0.01
78,38,0.264875024429617,0.009
78,40,0.288454432715101,0.01
78,42,0.334316614117641,0.011
78,44,0.396022426481132,0.012
78,46,0.473099905663679,0.015
78,48,0.546116212716554,0.017
78,50,0.582477561290527,0.017
78,52,0.581496299992272,0.015
78,54,0.583658008911296,0.014
78,56,0.616515558113188,0.014
78,58,0.656774547392823,0.014
78,60,0.668539426847836,0.014
78,62,0.654840322175436,0.014
78,64,0.649368271585633,0.014
78,66,0.676144469011481,0.014
78,68,0.741179398886746,0.015
78,70,0.837512071202286,0.016
78,72,0.927407227238252,0.016
78,74,0.935572157349659,0.015
78,76,0.806566317726099,0.013
78,78,0.572772317403716,0.012
78,80,0.331583754623111,0.011
80,0,0.302376763740526,0.01
80,2,0.476188983140733,0.011
80,4,0.616333391067541,0.011
80,6,0.675290675747229,0.012
80,8,0.661962322307463,0.013
80,10,0.62120128753569,0.013
80,12,0.599305826378127,0.014
80,14,0.627645244490081,0.015
80,16,0.69961193295469,0.018
80,18,0.774223716785996,0.021
80,20,0.84471280485044,0.022
80,22,0.905611646044143,0.024
80,24,0.819933841693688,0.022
80,26,0.637268505477959,0.017
80,28,0.529379738814156,0.015
80,30,0.485547916212471,0.015
80,32,0.461507625256198,0.016
80,34,0.434022242897304,0.015
80,36,0.400910449932431,0.014
80,38,0.377425463491446,0.013
80,40,0.372874441594352,0.012
80,42,0.38797670165204,0.012
80,44,0.430521868399324,0.013
80,46,0.508035254356696,0.015
80,48,0.601541984063561,0.018
80,50,0.670963040628956,0.019
80,52,0.698517830886541,0.019
80,54,0.705822674502611,0.017
80,56,0.719341838089429,0.016
80,58,0.736955407387929,0.015
80,60,0.741989713812263,0.015
80,62,0.733730467003766,0.015
80,64,0.731024645360518,0.015
80,66,0.753530880463839,0.016
80,68,0.806923120721302,0.016
80,70,0.875382707758833,0.016
80,72,0.916003000943333,0.015
80,74,0.871513991864394,0.014
80,76,0.714871113684817,0.012
80,78,0.487628448658443,0.011
80,80,0.27190470532877,0.009
82,0,0.348399715235047,0.011
82,2,0.520690819022203,0.012
82,4,0.64451563305399,0.012
82,6,0.688902024263097,0.012
82,8,0.677565239531847,0.013
82,10,0.648098215635104,0.013
82,12,0.629903008296575,0.014
82,14,0.653888021477636,0.015
82,16,0.722850392705953,0.017
82,18,0.791083837829032,0.02
82,20,0.82829995414015,0.021
82,22,0.834415913256481,0.022
82,24,0.755874531345731,0.021
82,26,0.636192845947825,0.018
82,28,0.577461466412563,0.017
82,30,0.572730132371,0.018
82,32,0.583719074530884,0.019
82,34,0.582556727729374,0.02
82,36,0.561916902792709,0.019
82,38,0.527860885487745,0.017
82,40,0.488762362334516,0.015
82,42,0.463725345291116,0.014
82,44,0.480722702659046,0.014
82,46,0.553251069907886,0.016
82,48,0.662681336204088,0.019
82,50,0.767264245769004,0.021
82,52,0.832119630056242,0.022
82,54,0.85404325251595,0.021
82,56,0.856366270828828,0.019
82,58,0.861828830629607,0.018
82,60,0.873320015832873,0.017
82,62,0.877187373889238,0.017
82,64,0.868083015644055,0.017
82,66,0.863899587797592,0.017
82,68,0.885695490828525,0.017
82,70,0.926982095473961,0.017
82,72,0.946401204890602,0.016
82,74,0.886450659265222,0.014
82,76,0.719170240176931,0.013
82,78,0.485389490905581,0.011
82,80,0.267414146580186,0.009
84,0,0.365662219792468,0.012
84,2,0.535623483176497,0.013
84,4,0.650790493767383,0.013
84,6,0.690056657592242,0.013
84,8,0.685898234757035,0.013
84,10,0.670045664731194,0.013
84,12,0.657205554370628,0.013
84,14,0.676118033302468,0.014
84,16,0.742511086165914,0.017
84,18,0.815101567605325,0.02
84,20,0.840132063666058,0.021
84,22,0.810928396162466,0.022
84,24,0.744727989774202,0.021
84,26,0.677434013533857,0.02
84,28,0.648618327363702,0.019
84,30,0.661277450855424,0.021
84,32,0.689090652441724,0.023
84,34,0.70601716244296,0.024
84,36,0.702551684221887,0.024
84,38,0.670665260659327,0.023
84,40,0.612298235520544,0.02
84,42,0.562253537043527,0.017
84,44,0.565699830294079,0.017
84,46,0.639605701080407,0.018
84,48,0.76755376717945,0.021
84,50,0.902149983934455,0.024
84,52,0.989704812952939,0.026
84,54,1.02103737899816,0.025
84,56,1.02411980934494,0.023
84,58,1.03291469408937,0.021
84,60,1.05479425119379,0.02
84,62,1.05834467816942,0.019
84,64,1.01888460781346,0.019
84,66,0.963458115627282,0.018
84,68,0.940852495670313,0.017
84,70,0.965115332346899,0.017
84,72,0.997381574673408,0.017
84,74,0.961573454245425,0.016
84,76,0.803176466052988,0.014
84,78,0.555169879828474,0.013
84,80,0.312800317730495,0.011
86,0,0.369673263101823,0.013
86,2,0.541701276834063,0.013
86,4,0.655198129332511,0.013
86,6,0.690454810955572,0.013
86,8,0.685689570192507,0.013
86,10,0.675309624180284,0.013
86,12,0.6688535524492,0.013
86,14,0.691884112581918,0.014
86,16,0.769837041107885,0.017
86,18,0.867910813163135,0.021
86,20,0.918948222798523,0.024
86,22,0.90054549451207,0.025
86,24,0.83858381158633,0.025
86,26,0.770332634012505,0.023
86,28,0.730322182281848,0.023
86,30,0.730663848512714,0.024
86,32,0.750224095956746,0.026
86,34,0.766219341035399,0.028
86,36,0.76809028078846,0.029
86,38,0.740408598802672,0.027
86,40,0.683648064133876,0.024
86,42,0.640191639731486,0.022
86,44,0.65772967014955,0.021
86,46,0.753254751719952,0.023
86,48,0.921649926591883,0.026
86,50,1.08962090152535,0.03
86,52,1.15916437649338,0.03
86,54,1.17235627915752,0.029
86,56,1.18519831113113,0.027
86,58,1.21107631676758,0.024
86,60,1.24076719035758,0.023
86,62,1.22859272454411,0.022
86,64,1.14606649661259,0.021
86,66,1.03747872255141,0.019
86,68,0.975042347105068,0.017
86,70,0.989879176904864,0.017
86,72,1.04669643161011,0.017
86,74,1.04885955477512,0.018
86,76,0.90929572224738,0.017
86,78,0.649059914835153,0.015
86,80,0.377557943360016,0.013
88,0,0.374194539329888,0.015
88,2,0.554945057804409,0.015
88,4,0.6745826904069,0.015
88,6,0.710120622534965,0.014
88,8,0.704358410509585,0.014
88,10,0.696567950901888,0.014
88,12,0.694447778970405,0.014
88,14,0.721112500686695,0.015
88,16,0.807319939937271,0.019
88,18,0.924059757202272,0.023
88,20,0.997222462565592,0.028
88,22,0.989846343988903,0.03
88,24,0.921945690477363,0.029
88,26,0.834535389336945,0.027
88,28,0.768276086114528,0.026
88,30,0.74312305548083,0.026
88,32,0.744929243878856,0.028
88,34,0.749456131986408,0.031
88,36,0.739883766142675,0.032
88,38,0.70542854333351,0.031
88,40,0.660952121561708,0.028
88,42,0.651269346450097,0.026
88,44,0.708063818937617,0.026
88,46,0.838915997398256,0.028
88,48,1.05916005954409,0.033
88,50,1.26153129943078,0.036
88,52,1.28924507551104,0.035
88,54,1.26889018928665,0.032
88,56,1.29478780052256,0.03
88,58,1.33964798463314,0.028
88,60,1.37216868443782,0.026
88,62,1.34367026571075,0.024
88,64,1.23476534281253,0.022
88,66,1.09972495677049,0.02
88,68,1.01416556673616,0.018
88,70,1.01249970308257,0.018
88,72,1.06812740205087,0.018
88,74,1.08309796781527,0.019
88,76,0.955044001619722,0.018
88,78,0.69410600475154,0.017
88,80,0.411727614737126,0.015
90,0,0.364305236106846,0.017
90,2,0.554424035803622,0.017
90,4,0.690301517766915,0.016
90,6,0.745845807622894,0.016
90,8,0.759828725532343,0.015
90,10,0.765430243521144,0.016
90,12,0.764771765064767,0.016
90,14,0.781295193804727,0.018
90,16,0.85089378783672,0.021
90,18,0.952906532419584,0.027
90,20,1.01717067276494,0.032
90,22,1.0022417272457,0.033
90,24,0.923472368319325,0.031
90,26,0.820215894468075,0.029
90,28,0.732123420007298,0.028
90,30,0.68491719565421,0.028
90,32,0.674155796303168,0.031
90,34,0.669809594566539,0.034
90,36,0.644855173612697,0.035
90,38,0.599418058409714,0.034
90,40,0.571301181528291,0.031
90,42,0.608401394546737,0.031
90,44,0.710201777147699,0.032
90,46,0.848214815667012,0.034
90,48,1.04534357345059,0.037
90,50,1.23145661453793,0.04
90,52,1.28076121147581,0.037
90,54,1.29618469998241,0.035
90,56,1.34409530298325,0.033
90,58,1.38940334839658,0.03
90,60,1.40509350324247,0.028
90,62,1.36053765207878,0.026
90,64,1.25179946056794,0.024
90,66,1.12695782310697,0.022
90,68,1.03964218234172,0.02
90,70,1.01272219221296,0.018
90,72,1.03161973549307,0.018
90,74,1.02101126229405,0.018
90,76,0.890429933876421,0.018
90,78,0.644546618707438,0.016
90,80,0.381974843686538,0.014
92,0,0.324539836592111,0.017
92,2,0.518456997601567,0.018
92,4,0.679151005078832,0.018
92,6,0.775897218306521,0.018
92,8,0.830056116820936,0.019
92,10,0.85672161042697,0.019
92,12,0.853475000193061,0.02
92,14,0.847806089918844,0.022
92,16,0.879166043541808,0.026
92,18,0.937403516234476,0.032
92,20,0.96803643135903,0.036
92,22,0.934871582520031,0.036
92,24,0.848402008980436,0.033
92,26,0.740621683682216,0.03
92,28,0.6446319914974,0.028
92,30,0.594521498897467,0.03
92,32,0.587179911882398,0.034
92,34,0.57121187283092,0.037
92,36,0.531136280764077,0.038
92,38,0.486762520951989,0.038
92,40,0.485271562889199,0.037
92,42,0.583378035379716,0.04
92,44,0.727427401931003,0.043
92,46,0.814842592997437,0.041
92,48,0.916649516568198,0.04
92,50,1.06131247846467,0.039
92,52,1.18120464404447,0.039
92,54,1.27348972667061,0.038
92,56,1.33505211503942,0.036
92,58,1.34936906930155,0.032
92,60,1.31745379948876,0.029
92,62,1.2454718289453,0.027
92,64,1.15088153704086,0.025
92,66,1.06341628130863,0.023
92,68,0.998802165339905,0.021
92,70,0.958891318638912,0.019
92,72,0.938467969806806,0.017
92,74,0.892444299022917,0.017
92,76,0.756427484442582,0.016
92,78,0.535273687073654,0.015
92,80,0.31007211255866,0.013
94,0,0.266624837069148,0.016
94,2,0.455772062510703,0.018
94,4,0.638526606741619,0.02
94,6,0.775219984153745,0.021
94,8,0.861641440170227,0.022
94,10,0.897016638243149,0.024
94,12,0.882838815259419,0.025
94,14,0.85073915531268,0.028
94,16,0.838585771497255,0.032
94,18,0.845845161600389,0.037
94,20,0.838947755278708,0.039
94,22,0.792689988661508,0.037
94,24,0.712096599157717,0.033
94,26,0.618059744167654,0.031
94,28,0.539946796175795,0.03
94,30,0.531076341868393,0.034
94,32,0.563326950777762,0.042
94,34,0.517650492372074,0.044
94,36,0.445342575490617,0.042
94,38,0.41552971045505,0.043
94,40,0.444251405839979,0.045
94,42,0.589868854031667,0.054
94,44,0.749376575902681,0.059
94,46,0.754167313044152,0.049
94,48,0.771788737588018,0.04
94,50,0.902987402416933,0.039
94,52,1.06675302208341,0.04
94,54,1.19067401167524,0.04
94,56,1.23624160238411,0.038
94,58,1.20156951973505,0.034
94,60,1.11440598976794,0.03
94,62,1.01618770168667,0.027
94,64,0.943201346917329,0.025
94,66,0.905853146874896,0.023
94,68,0.883594869759151,0.021
94,70,0.858037464321623,0.019
94,72,0.82756617447995,0.017
94,74,0.768409615158188,0.016
94,76,0.636276690180192,0.015
94,78,0.438805079149852,0.014
94,80,0.245325921445888,0.012
96,0,0.214713723146409,0.015
96,2,0.391964554898979,0.019
96,4,0.581328010532886,0.022
96,6,0.732385264159838,0.024
96,8,0.820972165104229,0.026
96,10,0.843234451359935,0.028
96,12,0.809633210315008,0.029
96,14,0.75070526629381,0.032
96,16,0.698963651249292,0.035
96,18,0.663641091393742,0.038
96,20,0.630995349397993,0.038
96,22,0.586100322525314,0.035
96,24,0.529220159707539,0.033
96,26,0.468226499063003,0.031
96,28,0.423823861606868,0.032
96,30,0.458276699431606,0.041
96,32,0.537281056006439,0.055
96,34,0.505609470237077,0.059
96,36,0.440625127975321,0.054
96,38,0.437925431421023,0.054
96,40,0.459852744955399,0.054
96,42,0.573194810643624,0.063
96,44,0.685541921964114,0.069
96,46,0.629196851855446,0.054
96,48,0.615808475040123,0.042
96,50,0.747956647777671,0.04
96,52,0.916442102535855,0.042
96,54,1.02411389570623,0.042
96,56,1.03575385945513,0.04
96,58,0.966533901898076,0.035
96,60,0.8580306828577,0.03
96,62,0.762637600360407,0.027
96,64,0.721711934962781,0.025
96,66,0.733202170129709,0.023
96,68,0.756916633630802,0.022
96,70,0.761772172221931,0.019
96,72,0.744472551017192,0.018
96,74,0.688733361726111,0.017
96,76,0.563679945878017,0.016
96,78,0.381753829125658,0.014
96,80,0.207042957814659,0.012
98,0,0.184994827230515,0.014
98,2,0.350036692297652,0.019
98,4,0.531153601681217,0.023
98,6,0.671201218262589,0.027
98,8,0.742278406980953,0.029
98,10,0.748028525429008,0.03
98,12,0.69958553973312,0.031
98,14,0.615433739615446,0.033
98,16,0.527096073142894,0.034
98,18,0.460118721900299,0.034
98,20,0.416532536583101,0.032
98,22,0.38592406939111,0.03
98,24,0.361594139461495,0.03
98,26,0.336356839233079,0.031
98,28,0.311544556283399,0.035
98,30,0.32953253653374,0.043
98,32,0.415805781087263,0.063
98,34,0.490498976605614,0.082
98,36,0.515898451954769,0.085
98,38,0.534221701308667,0.079
98,40,0.507131821525651,0.069
98,42,0.549352899901331,0.071
98,44,0.604498809165585,0.077
98,46,0.515832439565072,0.061
98,48,0.491682812336381,0.046
98,50,0.612866586607705,0.045
98,52,0.759012517231825,0.046
98,54,0.836795633470788,0.044
98,56,0.82503062160613,0.04
98,58,0.758371673210573,0.036
98,60,0.673784288293503,0.031
98,62,0.607695860630947,0.028
98,64,0.597058018461102,0.026
98,66,0.641123391709091,0.025
98,68,0.697598557161012,0.024
98,70,0.727343323404555,0.022
98,72,0.716067421061975,0.021
98,74,0.650191314886293,0.019
98,76,0.516609238191182,0.018
98,78,0.339923485320096,0.015
98,80,0.178832340855014,0.012
100,0,0.181166843460515,0.013
100,2,0.343802697876706,0.019
100,4,0.5174058156655,0.024
100,6,0.64236595785869,0.027
100,8,0.702724116247373,0.03
100,10,0.712621917930931,0.031
100,12,0.66706205162296,0.033
100,14,0.561756951550861,0.034
100,16,0.435711920876876,0.032
100,18,0.340809849869868,0.028
100,20,0.292603641174435,0.025
100,22,0.278062117155278,0.025
100,24,0.279717373325859,0.027
100,26,0.276579032240331,0.031
100,28,0.258736373189442,0.038
100,30,0.254730442031875,0.047
100,32,0.317110126095401,0.067
100,34,0.451434258343542,0.1
100,36,0.552787897650786,0.119
100,38,0.555610665841605,0.111
100,40,0.488931911263762,0.091
100,42,0.495477430644868,0.086
100,44,0.527359384649987,0.086
100,46,0.460737195807891,0.068
100,48,0.45693531071468,0.055
100,50,0.565493753927885,0.054
100,52,0.69759877886165,0.054
100,54,0.778995775020187,0.05
100,56,0.770296576143632,0.044
100,58,0.729284099645596,0.04
100,60,0.677972300569596,0.037
100,62,0.622342661100278,0.034
100,64,0.609921584907591,0.032
100,66,0.658294646287666,0.03
100,68,0.728632907630392,0.029
100,70,0.765928634724277,0.027
100,72,0.73687691105405,0.025
100,74,0.633140708628892,0.023
100,76,0.470589717631711,0.019
100,78,0.292372412642729,0.016
100,80,0.1474216235627,0.012
102,0,0.196617694955572,0.014
102,2,0.370306017067989,0.02
102,4,0.546952780722057,0.025
102,6,0.665912766385896,0.028
102,8,0.729003983931087,0.03
102,10,0.760744633236258,0.033
102,12,0.732903159563379,0.035
102,14,0.614824406622753,0.035
102,16,0.454686124581109,0.032
102,18,0.332737704602306,0.026
102,20,0.27726799943965,0.023
102,22,0.269985347270222,0.023
102,24,0.282609611789773,0.026
102,26,0.286420613181433,0.032
102,28,0.286142516434864,0.042
102,30,0.321173705740974,0.061
102,32,0.378255667161828,0.083
102,34,0.501139642311773,0.112
102,36,0.669556752181214,0.146
102,38,0.676052989268482,0.145
102,40,0.595531393362475,0.132
102,42,0.60013725518122,0.134
102,44,0.634602381345352,0.126
102,46,0.583432904257117,0.095
102,48,0.616051641113818,0.081
102,50,0.720553592119043,0.077
102,52,0.832852595552644,0.074
102,54,0.931080448933877,0.066
102,56,0.933322658709688,0.055
102,58,0.927219093608406,0.05
102,60,0.872562332807319,0.046
102,62,0.760677379551581,0.041
102,64,0.698379831036299,0.037
102,66,0.724003048720746,0.034
102,68,0.792951881921153,0.033
102,70,0.824557484403757,0.032
102,72,0.765462670377679,0.03
102,74,0.616914878099069,0.026
102,76,0.425522381905624,0.02
102,78,0.248774347133513,0.015
102,80,0.122082781957061,0.011
104,0,0.214612839711456,0.015
104,2,0.398742588274834,0.021
104,4,0.576489726024313,0.026
104,6,0.688938938081251,0.029
104,8,0.755022778557582,0.031
104,10,0.806859510161344,0.033
104,12,0.799246718641322,0.036
104,14,0.681627801086718,0.036
104,16,0.504835914509928,0.032
104,18,0.366416746164172,0.027
104,20,0.304288647963752,0.023
104,22,0.29675555347713,0.023
104,24,0.308342798785098,0.027
104,26,0.310699602298996,0.032
104,28,0.332706240320517,0.044
104,30,0.446069590148317,0.076
104,32,0.571759772238681,0.111
104,34,0.679912600255354,0.134
104,36,0.867745418969311,0.158
104,38,1.06125622704659,0.183
104,40,1.14842981825357,0.21
104,42,1.01444888226561,0.215
104,44,0.880994540302959,0.184
104,46,0.787297741250541,0.135
104,48,0.888378775580092,0.118
104,50,0.994529366029311,0.107
104,52,0.991430701948525,0.09
104,54,1.00702904024609,0.073
104,56,1.03607381008882,0.061
104,58,1.11706294887687,0.059
104,60,1.05440216297015,0.055
104,62,0.866227751783937,0.046
104,64,0.74639859216747,0.039
104,66,0.743588950601352,0.036
104,68,0.800571897859046,0.035
104,70,0.820494275387005,0.035
104,72,0.742893089493528,0.033
104,74,0.578958234025538,0.028
104,76,0.388454179199504,0.021
104,78,0.227732039359913,0.015
104,80,0.118011496511634,0.011
106,0,0.214303584232068,0.016
106,2,0.387140741201192,0.023
106,4,0.544556870011203,0.027
106,6,0.640254801794379,0.029
106,8,0.705739044129776,0.03
106,10,0.771513982047649,0.032
106,12,0.78153349624232,0.035
106,14,0.676575088995039,0.034
106,16,0.505019330703637,0.031
106,18,0.368573443352395,0.026
106,20,0.310663950538583,0.024
106,22,0.307933363374669,0.025
106,24,0.31957371393287,0.029
106,26,0.316010340856358,0.034
106,28,0.321610481519651,0.043
106,30,0.422808910428004,0.07
106,32,0.612790699887107,0.113
106,34,0.787208413069702,0.143
106,36,0.969540362269213,0.16
106,38,1.37089438273958,0.198
106,40,1.69870308531334,0.24
106,42,1.37071930672059,0.229
106,44,0.971514959603636,0.182
106,46,0.774236402898551,0.137
106,48,0.857849529547538,0.125
106,50,0.967921110357854,0.113
106,52,0.909358278045021,0.087
106,54,0.832752813517345,0.065
106,56,0.869897494071693,0.057
106,58,0.998735387223737,0.059
106,60,0.970922358086249,0.055
106,62,0.805196180708394,0.046
106,64,0.687068587678884,0.039
106,66,0.672349503362418,0.035
106,68,0.709202440108765,0.035
106,70,0.712830804052584,0.034
106,72,0.639055729047195,0.033
106,74,0.503411362276024,0.028
106,76,0.353183280123185,0.022
106,78,0.225626542838125,0.017
106,80,0.131340351291103,0.013
108,0,0.187633720372373,0.018
108,2,0.322932607176629,0.023
108,4,0.439819085851476,0.027
108,6,0.515413355369896,0.028
108,8,0.58626769267096,0.029
108,10,0.668854536888119,0.032
108,12,0.695482110401454,0.034
108,14,0.60670469498858,0.033
108,16,0.451265561109127,0.029
108,18,0.331025969838621,0.025
108,20,0.291272579966844,0.025
108,22,0.306822861919754,0.028
108,24,0.331802994617845,0.034
108,26,0.332200436716265,0.04
108,28,0.308697571959181,0.047
108,30,0.325854101531169,0.06
108,32,0.477594548874527,0.094
108,34,0.758523201478542,0.141
108,36,0.998836222176897,0.162
108,38,1.23056338968286,0.17
108,40,1.42798045401642,0.187
108,42,1.19559710721293,0.175
108,44,0.844493676616634,0.141
108,46,0.61611402761836,0.115
108,48,0.632752380094123,0.115
108,50,0.724983234303672,0.105
108,52,0.72816603434372,0.081
108,54,0.661124658230465,0.059
108,56,0.661166200585376,0.051
108,58,0.737564264659837,0.053
108,60,0.732682358359048,0.051
108,62,0.63671686454583,0.044
108,64,0.557999702781336,0.037
108,66,0.544602618829083,0.033
108,68,0.557985367686714,0.032
108,70,0.545493746534438,0.031
108,72,0.491849987135576,0.03
108,74,0.409614521106036,0.027
108,76,0.316442525747185,0.022
108,78,0.225308286140715,0.018
108,80,0.143615928942237,0.015
110,0,0.151081328539213,0.019
110,2,0.237173968414718,0.023
110,4,0.308258321861389,0.025
110,6,0.367236239562162,0.026
110,8,0.448943750571443,0.028
110,10,0.548502053263115,0.032
110,12,0.5894762220919,0.034
110,14,0.515883566003326,0.033
110,16,0.379869331405645,0.028
110,18,0.281668540608896,0.025
110,20,0.265251843756699,0.027
110,22,0.305679059941578,0.033
110,24,0.357521060218854,0.042
110,26,0.379303709144518,0.053
110,28,0.350490434390582,0.062
110,30,0.307428099472007,0.067
110,32,0.357140254234094,0.086
110,34,0.593354410727702,0.132
110,36,0.849193713893859,0.157
110,38,0.940531212203085,0.149
110,40,1.02249624915347,0.154
110,42,0.946445058044415,0.15
110,44,0.675477364653452,0.119
110,46,0.469503372885247,0.1
110,48,0.482029007412228,0.11
110,50,0.518693967195018,0.097
110,52,0.537224773428035,0.073
110,54,0.560724442195678,0.059
110,56,0.569675009317561,0.052
110,58,0.575053670418375,0.049
110,60,0.551963324539092,0.047
110,62,0.486673074736156,0.041
110,64,0.432423098895285,0.034
110,66,0.418429572259764,0.03
110,68,0.416108152352896,0.028
110,70,0.400905823887876,0.028
110,72,0.376985755824341,0.027
110,74,0.345162200117576,0.027
110,76,0.29575690498283,0.024
110,78,0.226830252571885,0.02
110,80,0.150531518553018,0.017
112,0,0.16080160673261,0.023
112,2,0.19918039296252,0.023
112,4,0.217574663641146,0.023
112,6,0.247708892897001,0.024
112,8,0.32346317955007,0.027
112,10,0.424482339153632,0.032
112,12,0.471655861585743,0.035
112,14,0.416691173188927,0.033
112,16,0.307541678893057,0.029
112,18,0.233147927813307,0.026
112,20,0.23229864648272,0.029
112,22,0.287917814234417,0.037
112,24,0.363504524823159,0.05
112,26,0.412273330438575,0.066
112,28,0.394687940642484,0.08
112,30,0.329846168632349,0.088
112,32,0.301024032084754,0.095
112,34,0.389495862343512,0.114
112,36,0.552644601007236,0.135
112,38,0.709537587724108,0.152
112,40,0.87634226946581,0.182
112,42,0.882748693952654,0.183
112,44,0.627857234067273,0.136
112,46,0.376428485201038,0.096
112,48,0.329170716722096,0.092
112,50,0.325028638360305,0.076
112,52,0.384218378278987,0.063
112,54,0.525772013979459,0.064
112,56,0.56176767884551,0.058
112,58,0.502053561782665,0.049
112,60,0.448575417517157,0.043
112,62,0.38709791467545,0.038
112,64,0.33739459083878,0.032
112,66,0.320699249372532,0.028
112,68,0.319209250615796,0.027
112,70,0.320675693750058,0.027
112,72,0.328967739624349,0.029
112,74,0.334141649320443,0.03
112,76,0.31328270747166,0.028
112,78,0.259084434065457,0.024
112,80,0.183950832087714,0.021
114,0,0.303385550843402,0.035
114,2,0.29539673045311,0.032
114,4,0.230958324807551,0.027
114,6,0.190320271797954,0.023
114,8,0.221084675272717,0.025
114,10,0.295097933176912,0.029
114,12,0.338370813438895,0.032
114,14,0.308061826983121,0.032
114,16,0.235976712268538,0.029
114,18,0.18426354040428,0.027
114,20,0.184941723838976,0.028
114,22,0.234751564868843,0.036
114,24,0.311785081778986,0.05
114,26,0.371317422268267,0.07
114,28,0.367231465371817,0.089
114,30,0.309873466174756,0.101
114,32,0.262806969553271,0.1
114,34,0.273885743289465,0.099
114,36,0.359005225881719,0.114
114,38,0.54811239179268,0.154
114,40,0.798750734347091,0.222
114,42,0.91018338691202,0.247
114,44,0.681745387759627,0.191
114,46,0.403707363078722,0.133
114,48,0.31037135842595,0.109
114,50,0.241919287481124,0.07
114,52,0.277534211581967,0.054
114,54,0.420291825521853,0.059
114,56,0.467154654124915,0.055
114,58,0.416525914589155,0.045
114,60,0.366915249513412,0.039
114,62,0.309947437098108,0.034
114,64,0.262828645374197,0.029
114,66,0.2496409194672,0.027
114,68,0.261977898396439,0.028
114,70,0.286412459005418,0.031
114,72,0.320600516204213,0.034
114,74,0.355674685427397,0.036
114,76,0.374504841204744,0.034
114,78,0.359029476167544,0.03
114,80,0.29535194450517,0.027
116,0,0.609564372575945,0.047
116,2,0.552510163992259,0.045
116,4,0.363857106783636,0.038
116,6,0.203385226667458,0.027
116,8,0.152628647217295,0.022
116,10,0.178792353232455,0.024
116,12,0.210360307644458,0.028
116,14,0.205524827695432,0.029
116,16,0.171711041229212,0.028
116,18,0.13849557669317,0.026
116,20,0.130461018030621,0.026
116,22,0.157960789743279,0.03
116,24,0.212494926508167,0.042
116,26,0.259493172045965,0.06
116,28,0.261816520479988,0.081
116,30,0.225961178802755,0.097
116,32,0.196082682860771,0.094
116,34,0.199083368204677,0.092
116,36,0.248215463302601,0.112
116,38,0.410197681846524,0.163
116,40,0.726849107334845,0.263
116,42,0.931713206029761,0.312
116,44,0.719638689846977,0.256
116,46,0.480286212260517,0.206
116,48,0.366932092926217,0.162
116,50,0.220020145698462,0.08
116,52,0.185841607457364,0.046
116,54,0.258101225243951,0.045
116,56,0.306404832056394,0.043
116,58,0.305698853367509,0.039
116,60,0.279719297466235,0.035
116,62,0.23367344412502,0.031
116,64,0.196219804598533,0.027
116,66,0.192698260822894,0.027
116,68,0.218700062702718,0.03
116,70,0.257706385617073,0.035
116,72,0.305877794346927,0.04
116,74,0.373119779775674,0.04
116,76,0.461018955139955,0.036
116,78,0.526785259925406,0.033
116,80,0.495310091127064,0.031
118,0,0.928311418558997,0.054
118,2,0.830289267208596,0.052
118,4,0.523561435130217,0.047
118,6,0.246059262355878,0.036
118,8,0.115928299491796,0.023
118,10,0.0965153305735816,0.02
118,12,0.114166580969187,0.023
118,14,0.125356832499517,0.027
118,16,0.118223290074757,0.028
118,18,0.0980616796423731,0.027
118,20,0.0822320573008153,0.023
118,22,0.0871348425087116,0.023
118,24,0.112729088984406,0.031
118,26,0.13784599865225,0.045
118,28,0.139998072616818,0.062
118,30,0.123185615248219,0.084
118,32,0.111867538169064,0.094
118,34,0.118840862157577,0.102
118,36,0.147247727447491,0.123
118,38,0.245085542392932,0.169
118,40,0.459315134904771,0.267
118,42,0.584762955871106,0.318
118,44,0.464543624721414,0.27
118,46,0.36335900836288,0.24
118,48,0.269318290847298,0.171
118,50,0.143739894468331,0.075
118,52,0.118959010188353,0.043
118,54,0.160926454145974,0.04
118,56,0.198647264889628,0.038
118,58,0.210449682029194,0.035
118,60,0.193550142733048,0.032
118,62,0.15857207341061,0.029
118,64,0.132996948862178,0.027
118,66,0.137462354979164,0.028
118,68,0.167759369074713,0.033
118,70,0.207456419179217,0.04
118,72,0.258807196404749,0.043
118,74,0.354747385645849,0.04
118,76,0.515865019340725,0.036
118,78,0.671822500301974,0.034
118,80,0.682717148822028,0.033
120,0,0.99875395538892,0.057
120,2,0.890882105320124,0.056
120,4,0.556023010014838,0.052
120,6,0.247467358842791,0.043
120,8,0.0901920050054762,0.028
120,10,0.0488403142986931,0.019
120,12,0.0550069844247221,0.021
120,14,0.068640559120662,0.027
120,16,0.0723567228702832,0.031
120,18,0.0611628808761127,0.029
120,20,0.0455143166279877,0.022
120,22,0.039660306606196,0.018
120,24,0.0463878748526273,0.022
120,26,0.0553710948627937,0.031
120,28,0.0559141923787151,0.045
120,30,0.0496951771030009,0.068
120,32,0.0470845445300732,0.099
120,34,0.0531279871086477,0.126
120,36,0.0661477747909906,0.139
120,38,0.097278536142945,0.155
120,40,0.155944271614202,0.216
120,42,0.179592733560898,0.255
120,44,0.149058094421768,0.219
120,46,0.137772227581446,0.195
120,48,0.103047463778608,0.125
120,50,0.0625919384953976,0.058
120,52,0.0713822100709592,0.044
120,54,0.102505568778219,0.042
120,56,0.126807591478771,0.039
120,58,0.132849156636766,0.036
120,60,0.118504009212917,0.033
120,62,0.09340746885911,0.03
120,64,0.0773220941891099,0.027
120,66,0.0834464087875292,0.03
120,68,0.107729152775912,0.037
120,70,0.137920576165013,0.043
120,72,0.18239103646136,0.043
120,74,0.283293259073361,0.039
120,76,0.468476778493255,0.035
120,78,0.660131080384967,0.034
120,80,0.698069591059074,0.033
